cluster_id,work_count,is_batch_scheme,work_ids
CLUST-00001,126,1,WS/MP18404/2025-2026/251592;WS/MP18404/2025-2026/251593;WS/MP18404/2025-2026/251594;WS/MP18404/2025-2026/251595;WS/MP18404/2025-2026/251596;WS/MP18404/2025-2026/251597;WS/MP18404/2025-2026/251598;WS/MP18404/2025-2026/251599;WS/MP18404/2025-2026/251600;WS/MP18404/2025-2026/251601;WS/MP18404/2025-2026/251602;WS/MP18404/2025-2026/251603;WS/MP18404/2025-2026/251604;WS/MP18404/2025-2026/251605;WS/MP18404/2025-2026/251606;WS/MP18404/2025-2026/251607;WS/MP18404/2025-2026/251608;WS/MP18404/2025-2026/251609;WS/MP18404/2025-2026/251610;WS/MP18404/2025-2026/251611;WS/MP18404/2025-2026/251612;WS/MP18404/2025-2026/251613;WS/MP18404/2025-2026/251614;WS/MP18404/2025-2026/251615;WS/MP18404/2025-2026/251616;WS/MP18404/2025-2026/251617;WS/MP18404/2025-2026/251618;WS/MP18404/2025-2026/251619;WS/MP18404/2025-2026/251620;WS/MP18404/2025-2026/251621;WS/MP18404/2025-2026/251622;WS/MP18404/2025-2026/251627;WS/MP18404/2025-2026/251628;WS/MP18404/2025-2026/251629;WS/MP18404/2025-2026/251630;WS/MP18404/2025-2026/251631;WS/MP18404/2025-2026/251632;WS/MP18404/2025-2026/251633;WS/MP18404/2025-2026/251634;WS/MP18404/2025-2026/251635;WS/MP18404/2025-2026/251636;WS/MP18404/2025-2026/251637;WS/MP18404/2025-2026/251638;WS/MP18404/2025-2026/251639;WS/MP18404/2025-2026/251640;WS/MP18404/2025-2026/251641;WS/MP18404/2025-2026/251642;WS/MP18404/2025-2026/251643;WS/MP18404/2025-2026/251644;WS/MP18404/2025-2026/251645;WS/MP18404/2025-2026/251646;WS/MP18404/2025-2026/251647;WS/MP18404/2025-2026/251655;WS/MP18404/2025-2026/251656;WS/MP18404/2025-2026/251657;WS/MP18404/2025-2026/251658;WS/MP18404/2025-2026/251659;WS/MP18404/2025-2026/251660;WS/MP18404/2025-2026/251661;WS/MP18404/2025-2026/251662;WS/MP18404/2025-2026/251663;WS/MP18404/2025-2026/251664;WS/MP18404/2025-2026/251665;WS/MP18404/2025-2026/251666;WS/MP18404/2025-2026/251667;WS/MP18404/2025-2026/251668;WS/MP18404/2025-2026/251669;WS/MP18404/2025-2026/251670;WS/MP18404/2025-2026/251671;WS/MP18404/2025-2026/251672;WS/MP18404/2025-2026/251673;WS/MP18404/2025-2026/251674;WS/MP18404/2025-2026/251675;WS/MP18404/2025-2026/251676;WS/MP18404/2025-2026/251677;WS/MP18404/2025-2026/251678;WS/MP18404/2025-2026/251679;WS/MP18404/2025-2026/251680;WS/MP18404/2025-2026/251687;WS/MP18404/2025-2026/251688;WS/MP18404/2025-2026/251689;WS/MP18404/2025-2026/251690;WS/MP18404/2025-2026/251691;WS/MP18404/2025-2026/251692;WS/MP18404/2025-2026/251693;WS/MP18404/2025-2026/251694;WS/MP18404/2025-2026/251695;WS/MP18404/2025-2026/251696;WS/MP18404/2025-2026/251697;WS/MP18404/2025-2026/251698;WS/MP18404/2025-2026/251699;WS/MP18404/2025-2026/251700;WS/MP18404/2025-2026/251701;WS/MP18404/2025-2026/251702;WS/MP18404/2025-2026/251703;WS/MP18404/2025-2026/251704;WS/MP18404/2025-2026/251705;WS/MP18404/2025-2026/251706;WS/MP18404/2025-2026/251707;WS/MP18404/2025-2026/251708;WS/MP18404/2025-2026/251709;WS/MP18404/2025-2026/251710;WS/MP18404/2025-2026/251711;WS/MP18404/2025-2026/251729;WS/MP18404/2025-2026/251730;WS/MP18404/2025-2026/251731;WS/MP18404/2025-2026/251732;WS/MP18404/2025-2026/251733;WS/MP18404/2025-2026/251734;WS/MP18404/2025-2026/251735;WS/MP18404/2025-2026/251736;WS/MP18404/2025-2026/251737;WS/MP18404/2025-2026/251738;WS/MP18404/2025-2026/251739;WS/MP18404/2025-2026/251740;WS/MP18404/2025-2026/251741;WS/MP18404/2025-2026/251742;WS/MP18404/2025-2026/251743;WS/MP18404/2025-2026/251744;WS/MP18404/2025-2026/251745;WS/MP18404/2025-2026/251746;WS/MP18404/2025-2026/251747;WS/MP18404/2025-2026/251748;WS/MP18404/2025-2026/251749;WS/MP18404/2025-2026/251750;WS/MP18404/2025-2026/251751
CLUST-00002,120,1,WS/MP18404/2025-2026/214862;WS/MP18404/2025-2026/214863;WS/MP18404/2025-2026/214864;WS/MP18404/2025-2026/214865;WS/MP18404/2025-2026/214866;WS/MP18404/2025-2026/214867;WS/MP18404/2025-2026/214868;WS/MP18404/2025-2026/214869;WS/MP18404/2025-2026/214870;WS/MP18404/2025-2026/214871;WS/MP18404/2025-2026/214872;WS/MP18404/2025-2026/214873;WS/MP18404/2025-2026/214874;WS/MP18404/2025-2026/214875;WS/MP18404/2025-2026/214876;WS/MP18404/2025-2026/214877;WS/MP18404/2025-2026/214878;WS/MP18404/2025-2026/214879;WS/MP18404/2025-2026/214880;WS/MP18404/2025-2026/214881;WS/MP18404/2025-2026/214882;WS/MP18404/2025-2026/215085;WS/MP18404/2025-2026/215086;WS/MP18404/2025-2026/215087;WS/MP18404/2025-2026/215088;WS/MP18404/2025-2026/215089;WS/MP18404/2025-2026/215090;WS/MP18404/2025-2026/215091;WS/MP18404/2025-2026/215092;WS/MP18404/2025-2026/215093;WS/MP18404/2025-2026/215094;WS/MP18404/2025-2026/215095;WS/MP18404/2025-2026/215096;WS/MP18404/2025-2026/215097;WS/MP18404/2025-2026/215098;WS/MP18404/2025-2026/215099;WS/MP18404/2025-2026/215100;WS/MP18404/2025-2026/215101;WS/MP18404/2025-2026/215102;WS/MP18404/2025-2026/215103;WS/MP18404/2025-2026/215104;WS/MP18404/2025-2026/215105;WS/MP18404/2025-2026/215106;WS/MP18404/2025-2026/215107;WS/MP18404/2025-2026/215108;WS/MP18404/2025-2026/215109;WS/MP18404/2025-2026/215110;WS/MP18404/2025-2026/215111;WS/MP18404/2025-2026/215112;WS/MP18404/2025-2026/215113;WS/MP18404/2025-2026/215114;WS/MP18404/2025-2026/215115;WS/MP18404/2025-2026/215116;WS/MP18404/2025-2026/215117;WS/MP18404/2025-2026/215118;WS/MP18404/2025-2026/215191;WS/MP18404/2025-2026/215192;WS/MP18404/2025-2026/215193;WS/MP18404/2025-2026/215194;WS/MP18404/2025-2026/215195;WS/MP18404/2025-2026/215196;WS/MP18404/2025-2026/215197;WS/MP18404/2025-2026/215198;WS/MP18404/2025-2026/215199;WS/MP18404/2025-2026/215200;WS/MP18404/2025-2026/215201;WS/MP18404/2025-2026/215202;WS/MP18404/2025-2026/215203;WS/MP18404/2025-2026/215204;WS/MP18404/2025-2026/215205;WS/MP18404/2025-2026/215206;WS/MP18404/2025-2026/215207;WS/MP18404/2025-2026/215208;WS/MP18404/2025-2026/215210;WS/MP18404/2025-2026/215211;WS/MP18404/2025-2026/215212;WS/MP18404/2025-2026/215213;WS/MP18404/2025-2026/215214;WS/MP18404/2025-2026/215215;WS/MP18404/2025-2026/215216;WS/MP18404/2025-2026/215217;WS/MP18404/2025-2026/215218;WS/MP18404/2025-2026/215219;WS/MP18404/2025-2026/215220;WS/MP18404/2025-2026/215221;WS/MP18404/2025-2026/215222;WS/MP18404/2025-2026/215224;WS/MP18404/2025-2026/215225;WS/MP18404/2025-2026/215226;WS/MP18404/2025-2026/215231;WS/MP18404/2025-2026/215232;WS/MP18404/2025-2026/215233;WS/MP18404/2025-2026/215234;WS/MP18404/2025-2026/215235;WS/MP18404/2025-2026/215236;WS/MP18404/2025-2026/215237;WS/MP18404/2025-2026/215238;WS/MP18404/2025-2026/215239;WS/MP18404/2025-2026/215240;WS/MP18404/2025-2026/215241;WS/MP18404/2025-2026/215242;WS/MP18404/2025-2026/215243;WS/MP18404/2025-2026/215246;WS/MP18404/2025-2026/215247;WS/MP18404/2025-2026/215248;WS/MP18404/2025-2026/215249;WS/MP18404/2025-2026/215250;WS/MP18404/2025-2026/215251;WS/MP18404/2025-2026/215252;WS/MP18404/2025-2026/215253;WS/MP18404/2025-2026/215254;WS/MP18404/2025-2026/215255;WS/MP18404/2025-2026/215256;WS/MP18404/2025-2026/215257;WS/MP18404/2025-2026/215258;WS/MP18404/2025-2026/215259;WS/MP18404/2025-2026/215260;WS/MP18404/2025-2026/215261;WS/MP18404/2025-2026/215262;WS/MP18404/2025-2026/215263
CLUST-00003,115,1,WS/MP18221/2025-2026/140813;WS/MP18221/2025-2026/140814;WS/MP18221/2025-2026/140815;WS/MP18221/2025-2026/140816;WS/MP18221/2025-2026/140817;WS/MP18221/2025-2026/140818;WS/MP18221/2025-2026/140819;WS/MP18221/2025-2026/140820;WS/MP18221/2025-2026/140821;WS/MP18221/2025-2026/140822;WS/MP18221/2025-2026/140824;WS/MP18221/2025-2026/140825;WS/MP18221/2025-2026/140826;WS/MP18221/2025-2026/140827;WS/MP18221/2025-2026/140828;WS/MP18221/2025-2026/140829;WS/MP18221/2025-2026/140830;WS/MP18221/2025-2026/140831;WS/MP18221/2025-2026/140832;WS/MP18221/2025-2026/140833;WS/MP18221/2025-2026/140845;WS/MP18221/2025-2026/140846;WS/MP18221/2025-2026/140850;WS/MP18221/2025-2026/140851;WS/MP18221/2025-2026/140852;WS/MP18221/2025-2026/140853;WS/MP18221/2025-2026/140854;WS/MP18221/2025-2026/140855;WS/MP18221/2025-2026/140856;WS/MP18221/2025-2026/140857;WS/MP18221/2025-2026/140863;WS/MP18221/2025-2026/140864;WS/MP18221/2025-2026/140865;WS/MP18221/2025-2026/140866;WS/MP18221/2025-2026/140867;WS/MP18221/2025-2026/140868;WS/MP18221/2025-2026/140869;WS/MP18221/2025-2026/140870;WS/MP18221/2025-2026/140871;WS/MP18221/2025-2026/140872;WS/MP18221/2025-2026/140879;WS/MP18221/2025-2026/140880;WS/MP18221/2025-2026/140881;WS/MP18221/2025-2026/140882;WS/MP18221/2025-2026/140883;WS/MP18221/2025-2026/140884;WS/MP18221/2025-2026/140885;WS/MP18221/2025-2026/140886;WS/MP18221/2025-2026/140887;WS/MP18221/2025-2026/140888;WS/MP18221/2025-2026/140893;WS/MP18221/2025-2026/140894;WS/MP18221/2025-2026/140895;WS/MP18221/2025-2026/140896;WS/MP18221/2025-2026/140897;WS/MP18221/2025-2026/140898;WS/MP18221/2025-2026/140899;WS/MP18221/2025-2026/140900;WS/MP18221/2025-2026/140901;WS/MP18221/2025-2026/140902;WS/MP18221/2025-2026/140905;WS/MP18221/2025-2026/140906;WS/MP18221/2025-2026/140907;WS/MP18221/2025-2026/140908;WS/MP18221/2025-2026/140909;WS/MP18221/2025-2026/140911;WS/MP18221/2025-2026/140912;WS/MP18221/2025-2026/140913;WS/MP18221/2025-2026/140914;WS/MP18221/2025-2026/140916;WS/MP18221/2025-2026/140917;WS/MP18221/2025-2026/140918;WS/MP18221/2025-2026/140919;WS/MP18221/2025-2026/140921;WS/MP18221/2025-2026/140922;WS/MP18221/2025-2026/140923;WS/MP18221/2025-2026/140924;WS/MP18221/2025-2026/140925;WS/MP18221/2025-2026/140926;WS/MP18221/2025-2026/140927;WS/MP18221/2025-2026/140928;WS/MP18221/2025-2026/140929;WS/MP18221/2025-2026/140930;WS/MP18221/2025-2026/140931;WS/MP18221/2025-2026/140932;WS/MP18221/2025-2026/140933;WS/MP18221/2025-2026/140934;WS/MP18221/2025-2026/140935;WS/MP18221/2025-2026/140936;WS/MP18221/2025-2026/140937;WS/MP18221/2025-2026/140938;WS/MP18221/2025-2026/140939;WS/MP18221/2025-2026/140940;WS/MP18221/2025-2026/140941;WS/MP18221/2025-2026/140942;WS/MP18221/2025-2026/140943;WS/MP18221/2025-2026/140944;WS/MP18221/2025-2026/140945;WS/MP18221/2025-2026/140946;WS/MP18221/2025-2026/140947;WS/MP18221/2025-2026/140948;WS/MP18221/2025-2026/140949;WS/MP18221/2025-2026/140950;WS/MP18221/2025-2026/140951;WS/MP18221/2025-2026/140952;WS/MP18221/2025-2026/140954;WS/MP18221/2025-2026/140955;WS/MP18221/2025-2026/140956;WS/MP18221/2025-2026/140957;WS/MP18221/2025-2026/140958;WS/MP18221/2025-2026/140959;WS/MP18221/2025-2026/140960;WS/MP18221/2025-2026/140961;WS/MP18221/2025-2026/140962;WS/MP18221/2025-2026/140963
CLUST-00004,99,1,WS/MP18235/2025-2026/248297;WS/MP18235/2025-2026/248304;WS/MP18235/2025-2026/248307;WS/MP18235/2025-2026/248323;WS/MP18235/2025-2026/249560;WS/MP18235/2025-2026/249559;WS/MP18235/2025-2026/249562;WS/MP18235/2025-2026/254319;WS/MP18235/2025-2026/249556;WS/MP18235/2025-2026/254533;WS/MP18235/2025-2026/256295;WS/MP18235/2025-2026/248318;WS/MP18235/2025-2026/249373;WS/MP18235/2025-2026/249375;WS/MP18235/2025-2026/249377;WS/MP18235/2025-2026/251783;WS/MP18235/2025-2026/254504;WS/MP18235/2025-2026/254318;WS/MP18235/2025-2026/254532;WS/MP18235/2025-2026/254534;WS/MP18235/2025-2026/256294;WS/MP18235/2025-2026/256296;WS/MP18235/2025-2026/248316;WS/MP18235/2025-2026/248321;WS/MP18235/2025-2026/249358;WS/MP18235/2025-2026/248456;WS/MP18235/2025-2026/251885;WS/MP18235/2025-2026/254503;WS/MP18235/2025-2026/254506;WS/MP18235/2025-2026/254317;WS/MP18235/2025-2026/254531;WS/MP18235/2025-2026/254535;WS/MP18235/2025-2026/254546;WS/MP18235/2025-2026/256297;WS/MP18235/2025-2026/248315;WS/MP18235/2025-2026/248322;WS/MP18235/2025-2026/254339;WS/MP18235/2025-2026/248476;WS/MP18235/2025-2026/248454;WS/MP18235/2025-2026/248919;WS/MP18235/2025-2026/254525;WS/MP18235/2025-2026/251888;WS/MP18235/2025-2026/254497;WS/MP18235/2025-2026/254510;WS/MP18235/2025-2026/254316;WS/MP18235/2025-2026/254530;WS/MP18235/2025-2026/254536;WS/MP18235/2025-2026/254544;WS/MP18235/2025-2026/248457;WS/MP18235/2025-2026/254515;WS/MP18235/2025-2026/256300;WS/MP18235/2025-2026/248311;WS/MP18235/2025-2026/248464;WS/MP18235/2025-2026/254518;WS/MP18235/2025-2026/254337;WS/MP18235/2025-2026/254338;WS/MP18235/2025-2026/254340;WS/MP18235/2025-2026/248475;WS/MP18235/2025-2026/248326;WS/MP18235/2025-2026/249557;WS/MP18235/2025-2026/251889;WS/MP18235/2025-2026/254511;WS/MP18235/2025-2026/251890;WS/MP18235/2025-2026/254520;WS/MP18235/2025-2026/254529;WS/MP18235/2025-2026/254524;WS/MP18235/2025-2026/254543;WS/MP18235/2025-2026/254514;WS/MP18235/2025-2026/248465;WS/MP18235/2025-2026/254519;WS/MP18235/2025-2026/254335;WS/MP18235/2025-2026/254336;WS/MP18235/2025-2026/254341;WS/MP18235/2025-2026/248474;WS/MP18235/2025-2026/254513;WS/MP18235/2025-2026/254521;WS/MP18235/2025-2026/254528;WS/MP18235/2025-2026/254523;WS/MP18235/2025-2026/254526;WS/MP18235/2025-2026/254541;WS/MP18235/2025-2026/248469;WS/MP18235/2025-2026/254342;WS/MP18235/2025-2026/248472;WS/MP18235/2025-2026/248299;WS/MP18235/2025-2026/254522;WS/MP18235/2025-2026/254527;WS/MP18235/2025-2026/254540;WS/MP18235/2025-2026/248470;WS/MP18235/2025-2026/248471;WS/MP18235/2025-2026/248300;WS/MP18235/2025-2026/254539;WS/MP18235/2025-2026/248301;WS/MP18235/2025-2026/254537;WS/MP18235/2025-2026/248302;WS/MP18235/2025-2026/248303;WS/MP18235/2025-2026/248306;WS/MP18235/2025-2026/248308;WS/MP18235/2025-2026/248309;WS/MP18235/2025-2026/248310
CLUST-00005,90,1,WS/MP18149/2025-2026/183177;WS/MP18149/2025-2026/183178;WS/MP18149/2025-2026/183179;WS/MP18149/2025-2026/183180;WS/MP18149/2025-2026/183181;WS/MP18149/2025-2026/183182;WS/MP18149/2025-2026/183183;WS/MP18149/2025-2026/183184;WS/MP18149/2025-2026/183185;WS/MP18149/2025-2026/183186;WS/MP18149/2025-2026/183187;WS/MP18149/2025-2026/183188;WS/MP18149/2025-2026/183189;WS/MP18149/2025-2026/183190;WS/MP18149/2025-2026/183191;WS/MP18149/2025-2026/183192;WS/MP18149/2025-2026/183193;WS/MP18149/2025-2026/183194;WS/MP18149/2025-2026/183195;WS/MP18149/2025-2026/183196;WS/MP18149/2025-2026/183197;WS/MP18149/2025-2026/183198;WS/MP18149/2025-2026/183199;WS/MP18149/2025-2026/183200;WS/MP18149/2025-2026/183201;WS/MP18149/2025-2026/183202;WS/MP18149/2025-2026/183203;WS/MP18149/2025-2026/183204;WS/MP18149/2025-2026/183205;WS/MP18149/2025-2026/183206;WS/MP18149/2025-2026/183207;WS/MP18149/2025-2026/183208;WS/MP18149/2025-2026/183209;WS/MP18149/2025-2026/183210;WS/MP18149/2025-2026/183211;WS/MP18149/2025-2026/183212;WS/MP18149/2025-2026/183213;WS/MP18149/2025-2026/183214;WS/MP18149/2025-2026/183215;WS/MP18149/2025-2026/183216;WS/MP18149/2025-2026/183217;WS/MP18149/2025-2026/183218;WS/MP18149/2025-2026/183219;WS/MP18149/2025-2026/183220;WS/MP18149/2025-2026/183221;WS/MP18149/2025-2026/183222;WS/MP18149/2025-2026/183223;WS/MP18149/2025-2026/183224;WS/MP18149/2025-2026/183225;WS/MP18149/2025-2026/183226;WS/MP18149/2025-2026/183227;WS/MP18149/2025-2026/183228;WS/MP18149/2025-2026/183229;WS/MP18149/2025-2026/183230;WS/MP18149/2025-2026/183231;WS/MP18149/2025-2026/183232;WS/MP18149/2025-2026/183233;WS/MP18149/2025-2026/183234;WS/MP18149/2025-2026/183235;WS/MP18149/2025-2026/183236;WS/MP18149/2025-2026/183237;WS/MP18149/2025-2026/183238;WS/MP18149/2025-2026/183239;WS/MP18149/2025-2026/183240;WS/MP18149/2025-2026/183241;WS/MP18149/2025-2026/183242;WS/MP18149/2025-2026/183243;WS/MP18149/2025-2026/183504;WS/MP18149/2025-2026/183505;WS/MP18149/2025-2026/183506;WS/MP18149/2025-2026/183507;WS/MP18149/2025-2026/183508;WS/MP18149/2025-2026/183509;WS/MP18149/2025-2026/183510;WS/MP18149/2025-2026/183511;WS/MP18149/2025-2026/183512;WS/MP18149/2025-2026/183513;WS/MP18149/2025-2026/183514;WS/MP18149/2025-2026/183515;WS/MP18149/2025-2026/183516;WS/MP18149/2025-2026/183517;WS/MP18149/2025-2026/183518;WS/MP18149/2025-2026/183519;WS/MP18149/2025-2026/183520;WS/MP18149/2025-2026/183521;WS/MP18149/2025-2026/183522;WS/MP18149/2025-2026/183523;WS/MP18149/2025-2026/183524;WS/MP18149/2025-2026/183525;WS/MP18149/2025-2026/183526
CLUST-00006,86,1,WS/MP18149/2025-2026/182914;WS/MP18149/2025-2026/182915;WS/MP18149/2025-2026/182916;WS/MP18149/2025-2026/182917;WS/MP18149/2025-2026/182918;WS/MP18149/2025-2026/182920;WS/MP18149/2025-2026/182921;WS/MP18149/2025-2026/182922;WS/MP18149/2025-2026/182923;WS/MP18149/2025-2026/182924;WS/MP18149/2025-2026/182925;WS/MP18149/2025-2026/182926;WS/MP18149/2025-2026/182927;WS/MP18149/2025-2026/182928;WS/MP18149/2025-2026/182929;WS/MP18149/2025-2026/182930;WS/MP18149/2025-2026/182931;WS/MP18149/2025-2026/182932;WS/MP18149/2025-2026/182933;WS/MP18149/2025-2026/182934;WS/MP18149/2025-2026/182935;WS/MP18149/2025-2026/182936;WS/MP18149/2025-2026/182937;WS/MP18149/2025-2026/182938;WS/MP18149/2025-2026/182939;WS/MP18149/2025-2026/182940;WS/MP18149/2025-2026/182941;WS/MP18149/2025-2026/182942;WS/MP18149/2025-2026/182943;WS/MP18149/2025-2026/182944;WS/MP18149/2025-2026/182945;WS/MP18149/2025-2026/182946;WS/MP18149/2025-2026/182947;WS/MP18149/2025-2026/182948;WS/MP18149/2025-2026/182949;WS/MP18149/2025-2026/182950;WS/MP18149/2025-2026/182951;WS/MP18149/2025-2026/182952;WS/MP18149/2025-2026/182953;WS/MP18149/2025-2026/182954;WS/MP18149/2025-2026/182955;WS/MP18149/2025-2026/182956;WS/MP18149/2025-2026/182957;WS/MP18149/2025-2026/182958;WS/MP18149/2025-2026/182959;WS/MP18149/2025-2026/182960;WS/MP18149/2025-2026/182961;WS/MP18149/2025-2026/182962;WS/MP18149/2025-2026/182966;WS/MP18149/2025-2026/182967;WS/MP18149/2025-2026/182968;WS/MP18149/2025-2026/182969;WS/MP18149/2025-2026/182970;WS/MP18149/2025-2026/182971;WS/MP18149/2025-2026/182972;WS/MP18149/2025-2026/182973;WS/MP18149/2025-2026/182974;WS/MP18149/2025-2026/182975;WS/MP18149/2025-2026/182976;WS/MP18149/2025-2026/182977;WS/MP18149/2025-2026/182978;WS/MP18149/2025-2026/182979;WS/MP18149/2025-2026/182980;WS/MP18149/2025-2026/182981;WS/MP18149/2025-2026/182982;WS/MP18149/2025-2026/182983;WS/MP18149/2025-2026/182984;WS/MP18149/2025-2026/182985;WS/MP18149/2025-2026/182986;WS/MP18149/2025-2026/182987;WS/MP18149/2025-2026/182988;WS/MP18149/2025-2026/182989;WS/MP18149/2025-2026/182990;WS/MP18149/2025-2026/182992;WS/MP18149/2025-2026/182993;WS/MP18149/2025-2026/182994;WS/MP18149/2025-2026/182995;WS/MP18149/2025-2026/182996;WS/MP18149/2025-2026/182997;WS/MP18149/2025-2026/182998;WS/MP18149/2025-2026/183002;WS/MP18149/2025-2026/183003;WS/MP18149/2025-2026/183004;WS/MP18149/2025-2026/183005;WS/MP18149/2025-2026/183006;WS/MP18149/2025-2026/183007
CLUST-00007,80,1,WS/MP18036/2025-2026/263633;WS/MP18036/2025-2026/263634;WS/MP18036/2025-2026/263635;WS/MP18036/2025-2026/263636;WS/MP18036/2025-2026/263637;WS/MP18036/2025-2026/263638;WS/MP18036/2025-2026/263642;WS/MP18036/2025-2026/263643;WS/MP18036/2025-2026/263645;WS/MP18036/2025-2026/263646;WS/MP18036/2025-2026/263647;WS/MP18036/2025-2026/263649;WS/MP18036/2025-2026/263651;WS/MP18036/2025-2026/263652;WS/MP18036/2025-2026/263656;WS/MP18036/2025-2026/263714;WS/MP18036/2025-2026/263715;WS/MP18036/2025-2026/263716;WS/MP18036/2025-2026/263717;WS/MP18036/2025-2026/263718;WS/MP18036/2025-2026/263719;WS/MP18036/2025-2026/263721;WS/MP18036/2025-2026/263722;WS/MP18036/2025-2026/263723;WS/MP18036/2025-2026/263724;WS/MP18036/2025-2026/263725;WS/MP18036/2025-2026/263726;WS/MP18036/2025-2026/263727;WS/MP18036/2025-2026/263744;WS/MP18036/2025-2026/263745;WS/MP18036/2025-2026/263758;WS/MP18036/2025-2026/263759;WS/MP18036/2025-2026/263760;WS/MP18036/2025-2026/263761;WS/MP18036/2025-2026/263762;WS/MP18036/2025-2026/263763;WS/MP18036/2025-2026/263771;WS/MP18036/2025-2026/263772;WS/MP18036/2025-2026/263773;WS/MP18036/2025-2026/263774;WS/MP18036/2025-2026/263781;WS/MP18036/2025-2026/263783;WS/MP18036/2025-2026/263797;WS/MP18036/2025-2026/263798;WS/MP18036/2025-2026/263802;WS/MP18036/2025-2026/263823;WS/MP18036/2025-2026/263824;WS/MP18036/2025-2026/263825;WS/MP18036/2025-2026/263841;WS/MP18036/2025-2026/263845;WS/MP18036/2025-2026/263846;WS/MP18036/2025-2026/263847;WS/MP18036/2025-2026/263848;WS/MP18036/2025-2026/263849;WS/MP18036/2025-2026/263851;WS/MP18036/2025-2026/263852;WS/MP18036/2025-2026/263853;WS/MP18036/2025-2026/263854;WS/MP18036/2025-2026/263855;WS/MP18036/2025-2026/263856;WS/MP18036/2025-2026/263857;WS/MP18036/2025-2026/263859;WS/MP18036/2025-2026/263860;WS/MP18036/2025-2026/263887;WS/MP18036/2025-2026/263890;WS/MP18036/2025-2026/263892;WS/MP18036/2025-2026/263909;WS/MP18036/2025-2026/263917;WS/MP18036/2025-2026/263919;WS/MP18036/2025-2026/263920;WS/MP18036/2025-2026/263921;WS/MP18036/2025-2026/263923;WS/MP18036/2025-2026/263927;WS/MP18036/2025-2026/263929;WS/MP18036/2025-2026/263930;WS/MP18036/2025-2026/263932;WS/MP18036/2025-2026/263933;WS/MP18036/2025-2026/263935;WS/MP18036/2025-2026/263972;WS/MP18036/2025-2026/267431
CLUST-00008,73,1,WS/MP18255/2025-2026/212137;WS/MP18255/2025-2026/212437;WS/MP18255/2025-2026/212438;WS/MP18255/2025-2026/212439;WS/MP18255/2025-2026/212440;WS/MP18255/2025-2026/212441;WS/MP18255/2025-2026/212442;WS/MP18255/2025-2026/212443;WS/MP18255/2025-2026/212444;WS/MP18255/2025-2026/212445;WS/MP18255/2025-2026/212446;WS/MP18255/2025-2026/212447;WS/MP18255/2025-2026/212448;WS/MP18255/2025-2026/212449;WS/MP18255/2025-2026/212450;WS/MP18255/2025-2026/212451;WS/MP18255/2025-2026/212452;WS/MP18255/2025-2026/212453;WS/MP18255/2025-2026/212454;WS/MP18255/2025-2026/212455;WS/MP18255/2025-2026/212456;WS/MP18255/2025-2026/212457;WS/MP18255/2025-2026/212458;WS/MP18255/2025-2026/212459;WS/MP18255/2025-2026/212460;WS/MP18255/2025-2026/212461;WS/MP18255/2025-2026/212462;WS/MP18255/2025-2026/212463;WS/MP18255/2025-2026/212464;WS/MP18255/2025-2026/212465;WS/MP18255/2025-2026/212466;WS/MP18255/2025-2026/212467;WS/MP18255/2025-2026/212516;WS/MP18255/2025-2026/212517;WS/MP18255/2025-2026/212518;WS/MP18255/2025-2026/212519;WS/MP18255/2025-2026/212520;WS/MP18255/2025-2026/212521;WS/MP18255/2025-2026/212522;WS/MP18255/2025-2026/212523;WS/MP18255/2025-2026/214133;WS/MP18255/2025-2026/214134;WS/MP18255/2025-2026/214135;WS/MP18255/2025-2026/214136;WS/MP18255/2025-2026/214137;WS/MP18255/2025-2026/214138;WS/MP18255/2025-2026/214139;WS/MP18255/2025-2026/214140;WS/MP18255/2025-2026/214141;WS/MP18255/2025-2026/214142;WS/MP18255/2025-2026/214143;WS/MP18255/2025-2026/214145;WS/MP18255/2025-2026/214146;WS/MP18255/2025-2026/216001;WS/MP18255/2025-2026/216002;WS/MP18255/2025-2026/216003;WS/MP18255/2025-2026/216004;WS/MP18255/2025-2026/216005;WS/MP18255/2025-2026/216006;WS/MP18255/2025-2026/216007;WS/MP18255/2025-2026/216008;WS/MP18255/2025-2026/216009;WS/MP18255/2025-2026/216010;WS/MP18255/2025-2026/216011;WS/MP18255/2025-2026/216012;WS/MP18255/2025-2026/216013;WS/MP18255/2025-2026/216014;WS/MP18255/2025-2026/216015;WS/MP18255/2025-2026/216016;WS/MP18255/2025-2026/216017;WS/MP18255/2025-2026/216018;WS/MP18255/2025-2026/216019;WS/MP18255/2025-2026/216020
CLUST-00009,70,1,WS/MP18062/2026-2027/281312;WS/MP18062/2026-2027/281313;WS/MP18062/2026-2027/281314;WS/MP18062/2026-2027/281315;WS/MP18062/2026-2027/281316;WS/MP18062/2026-2027/281317;WS/MP18062/2026-2027/281319;WS/MP18062/2026-2027/281321;WS/MP18062/2026-2027/281322;WS/MP18062/2026-2027/281323;WS/MP18062/2026-2027/281324;WS/MP18062/2026-2027/281325;WS/MP18062/2026-2027/281346;WS/MP18062/2026-2027/281347;WS/MP18062/2026-2027/281350;WS/MP18062/2026-2027/281709;WS/MP18062/2026-2027/281710;WS/MP18062/2026-2027/281712;WS/MP18062/2026-2027/281713;WS/MP18062/2026-2027/281714;WS/MP18062/2026-2027/281715;WS/MP18062/2026-2027/281716;WS/MP18062/2026-2027/283055;WS/MP18062/2026-2027/283056;WS/MP18062/2026-2027/283057;WS/MP18062/2026-2027/283058;WS/MP18062/2026-2027/283060;WS/MP18062/2026-2027/283061;WS/MP18062/2026-2027/283062;WS/MP18062/2026-2027/283063;WS/MP18062/2026-2027/283066;WS/MP18062/2026-2027/283067;WS/MP18062/2026-2027/283068;WS/MP18062/2026-2027/283069;WS/MP18062/2026-2027/283070;WS/MP18062/2026-2027/283071;WS/MP18062/2026-2027/283072;WS/MP18062/2026-2027/283073;WS/MP18062/2026-2027/283074;WS/MP18062/2026-2027/283075;WS/MP18062/2026-2027/283076;WS/MP18062/2026-2027/283077;WS/MP18062/2026-2027/283081;WS/MP18062/2026-2027/283085;WS/MP18062/2026-2027/283086;WS/MP18062/2026-2027/283087;WS/MP18062/2026-2027/283090;WS/MP18062/2026-2027/283091;WS/MP18062/2026-2027/283092;WS/MP18062/2026-2027/283093;WS/MP18062/2026-2027/283094;WS/MP18062/2026-2027/283095;WS/MP18062/2026-2027/283096;WS/MP18062/2026-2027/283097;WS/MP18062/2026-2027/283098;WS/MP18062/2026-2027/283099;WS/MP18062/2026-2027/283100;WS/MP18062/2026-2027/283106;WS/MP18062/2026-2027/283107;WS/MP18062/2026-2027/283108;WS/MP18062/2026-2027/283109;WS/MP18062/2026-2027/283110;WS/MP18062/2026-2027/283111;WS/MP18062/2026-2027/283112;WS/MP18062/2026-2027/283114;WS/MP18062/2026-2027/283115;WS/MP18062/2026-2027/283116;WS/MP18062/2026-2027/283117;WS/MP18062/2026-2027/283119;WS/MP18062/2026-2027/283476
CLUST-00010,66,1,WS/MP18126/2025-2026/236155;WS/MP18126/2025-2026/236156;WS/MP18126/2025-2026/236157;WS/MP18126/2025-2026/236158;WS/MP18126/2025-2026/236159;WS/MP18126/2025-2026/236160;WS/MP18126/2025-2026/236161;WS/MP18126/2025-2026/236162;WS/MP18126/2025-2026/236163;WS/MP18126/2025-2026/236164;WS/MP18126/2025-2026/236165;WS/MP18126/2025-2026/236166;WS/MP18126/2025-2026/236167;WS/MP18126/2025-2026/236168;WS/MP18126/2025-2026/236169;WS/MP18126/2025-2026/236170;WS/MP18126/2025-2026/236171;WS/MP18126/2025-2026/236172;WS/MP18126/2025-2026/236173;WS/MP18126/2025-2026/236174;WS/MP18126/2025-2026/236219;WS/MP18126/2025-2026/236220;WS/MP18126/2025-2026/236243;WS/MP18126/2025-2026/236244;WS/MP18126/2025-2026/236245;WS/MP18126/2025-2026/236246;WS/MP18126/2025-2026/236247;WS/MP18126/2025-2026/236248;WS/MP18126/2025-2026/236249;WS/MP18126/2025-2026/236250;WS/MP18126/2025-2026/236251;WS/MP18126/2025-2026/236252;WS/MP18126/2025-2026/236253;WS/MP18126/2025-2026/236254;WS/MP18126/2025-2026/236255;WS/MP18126/2025-2026/236256;WS/MP18126/2025-2026/236257;WS/MP18126/2025-2026/236258;WS/MP18126/2025-2026/236259;WS/MP18126/2025-2026/236260;WS/MP18126/2025-2026/236261;WS/MP18126/2025-2026/236262;WS/MP18126/2025-2026/236263;WS/MP18126/2025-2026/236264;WS/MP18126/2025-2026/236265;WS/MP18126/2025-2026/236266;WS/MP18126/2025-2026/236267;WS/MP18126/2025-2026/236268;WS/MP18126/2025-2026/236269;WS/MP18126/2025-2026/236270;WS/MP18126/2025-2026/236271;WS/MP18126/2025-2026/236272;WS/MP18126/2025-2026/236273;WS/MP18126/2025-2026/236274;WS/MP18126/2025-2026/236275;WS/MP18126/2025-2026/236276;WS/MP18126/2025-2026/236277;WS/MP18126/2025-2026/236278;WS/MP18126/2025-2026/236279;WS/MP18126/2025-2026/236280;WS/MP18126/2025-2026/236281;WS/MP18126/2025-2026/236282;WS/MP18126/2025-2026/236283;WS/MP18126/2025-2026/236284;WS/MP18126/2025-2026/236285;WS/MP18126/2025-2026/236286
CLUST-00011,65,1,WS/MP638/2025-2026/235319;WS/MP638/2025-2026/235342;WS/MP638/2025-2026/235343;WS/MP638/2025-2026/235348;WS/MP638/2025-2026/235349;WS/MP638/2025-2026/235353;WS/MP638/2025-2026/235354;WS/MP638/2025-2026/235357;WS/MP638/2025-2026/235360;WS/MP638/2025-2026/235364;WS/MP638/2025-2026/235367;WS/MP638/2025-2026/235377;WS/MP638/2025-2026/235380;WS/MP638/2025-2026/235381;WS/MP638/2025-2026/235383;WS/MP638/2025-2026/235398;WS/MP638/2025-2026/235405;WS/MP638/2025-2026/235407;WS/MP638/2025-2026/235409;WS/MP638/2025-2026/235411;WS/MP638/2025-2026/235469;WS/MP638/2025-2026/235470;WS/MP638/2025-2026/235471;WS/MP638/2025-2026/235472;WS/MP638/2025-2026/235473;WS/MP638/2025-2026/235490;WS/MP638/2025-2026/235494;WS/MP638/2025-2026/235499;WS/MP638/2025-2026/235501;WS/MP638/2025-2026/235502;WS/MP638/2025-2026/235505;WS/MP638/2025-2026/235507;WS/MP638/2025-2026/235511;WS/MP638/2025-2026/235552;WS/MP638/2025-2026/235554;WS/MP638/2025-2026/235556;WS/MP638/2025-2026/235557;WS/MP638/2025-2026/235559;WS/MP638/2025-2026/235560;WS/MP638/2025-2026/235562;WS/MP638/2025-2026/235563;WS/MP638/2025-2026/235565;WS/MP638/2025-2026/235567;WS/MP638/2025-2026/235568;WS/MP638/2025-2026/235569;WS/MP638/2025-2026/235571;WS/MP638/2025-2026/235575;WS/MP638/2025-2026/235577;WS/MP638/2025-2026/235582;WS/MP638/2025-2026/235585;WS/MP638/2025-2026/235587;WS/MP638/2025-2026/235678;WS/MP638/2025-2026/235679;WS/MP638/2025-2026/235680;WS/MP638/2025-2026/235685;WS/MP638/2025-2026/235689;WS/MP638/2025-2026/235700;WS/MP638/2025-2026/235788;WS/MP638/2025-2026/235791;WS/MP638/2025-2026/235797;WS/MP638/2025-2026/235798;WS/MP638/2025-2026/235799;WS/MP638/2025-2026/235810;WS/MP638/2025-2026/235811;WS/MP638/2025-2026/235812
CLUST-00012,59,1,WS/MP444/2025-2026/199997;WS/MP444/2025-2026/199998;WS/MP444/2025-2026/199999;WS/MP444/2025-2026/200000;WS/MP444/2025-2026/200001;WS/MP444/2025-2026/200002;WS/MP444/2025-2026/200003;WS/MP444/2025-2026/200004;WS/MP444/2025-2026/200005;WS/MP444/2025-2026/200006;WS/MP444/2025-2026/200007;WS/MP444/2025-2026/200008;WS/MP444/2025-2026/200009;WS/MP444/2025-2026/200010;WS/MP444/2025-2026/200011;WS/MP444/2025-2026/200175;WS/MP444/2025-2026/200176;WS/MP444/2025-2026/200177;WS/MP444/2025-2026/200178;WS/MP444/2025-2026/200179;WS/MP444/2025-2026/200180;WS/MP444/2025-2026/200181;WS/MP444/2025-2026/200182;WS/MP444/2025-2026/200183;WS/MP444/2025-2026/200184;WS/MP444/2025-2026/200185;WS/MP444/2025-2026/200186;WS/MP444/2025-2026/200187;WS/MP444/2025-2026/200188;WS/MP444/2025-2026/200189;WS/MP444/2025-2026/200190;WS/MP444/2025-2026/200191;WS/MP444/2025-2026/200192;WS/MP444/2025-2026/200193;WS/MP444/2025-2026/200195;WS/MP444/2025-2026/200196;WS/MP444/2025-2026/200197;WS/MP444/2025-2026/200198;WS/MP444/2025-2026/200199;WS/MP444/2025-2026/200200;WS/MP444/2025-2026/200201;WS/MP444/2025-2026/200202;WS/MP444/2025-2026/200203;WS/MP444/2025-2026/200204;WS/MP444/2025-2026/200205;WS/MP444/2025-2026/200206;WS/MP444/2025-2026/200207;WS/MP444/2025-2026/200208;WS/MP444/2025-2026/200209;WS/MP444/2025-2026/200210;WS/MP444/2025-2026/200211;WS/MP444/2025-2026/200213;WS/MP444/2025-2026/200214;WS/MP444/2025-2026/200215;WS/MP444/2025-2026/200216;WS/MP444/2025-2026/200217;WS/MP444/2025-2026/200218;WS/MP444/2025-2026/200219;WS/MP444/2025-2026/200220
CLUST-00013,58,1,WS/MP18075/2026-2027/281373;WS/MP18075/2026-2027/281374;WS/MP18075/2026-2027/281375;WS/MP18075/2026-2027/281376;WS/MP18075/2026-2027/281377;WS/MP18075/2026-2027/281379;WS/MP18075/2026-2027/281380;WS/MP18075/2026-2027/281381;WS/MP18075/2026-2027/281383;WS/MP18075/2026-2027/281384;WS/MP18075/2026-2027/281385;WS/MP18075/2026-2027/281386;WS/MP18075/2026-2027/281387;WS/MP18075/2026-2027/281388;WS/MP18075/2026-2027/281389;WS/MP18075/2026-2027/281581;WS/MP18075/2026-2027/281582;WS/MP18075/2026-2027/281583;WS/MP18075/2026-2027/281584;WS/MP18075/2026-2027/281585;WS/MP18075/2026-2027/281586;WS/MP18075/2026-2027/281587;WS/MP18075/2026-2027/281588;WS/MP18075/2026-2027/281589;WS/MP18075/2026-2027/281590;WS/MP18075/2026-2027/281593;WS/MP18075/2026-2027/281594;WS/MP18075/2026-2027/281595;WS/MP18075/2026-2027/281596;WS/MP18075/2026-2027/281597;WS/MP18075/2026-2027/281598;WS/MP18075/2026-2027/281599;WS/MP18075/2026-2027/281600;WS/MP18075/2026-2027/281601;WS/MP18075/2026-2027/281602;WS/MP18075/2026-2027/281612;WS/MP18075/2026-2027/281613;WS/MP18075/2026-2027/281614;WS/MP18075/2026-2027/281615;WS/MP18075/2026-2027/281616;WS/MP18075/2026-2027/281617;WS/MP18075/2026-2027/281618;WS/MP18075/2026-2027/281619;WS/MP18075/2026-2027/281657;WS/MP18075/2026-2027/281658;WS/MP18075/2026-2027/281659;WS/MP18075/2026-2027/281660;WS/MP18075/2026-2027/281661;WS/MP18075/2026-2027/281662;WS/MP18075/2026-2027/281663;WS/MP18075/2026-2027/281664;WS/MP18075/2026-2027/281665;WS/MP18075/2026-2027/281666;WS/MP18075/2026-2027/281667;WS/MP18075/2026-2027/281668;WS/MP18075/2026-2027/281669;WS/MP18075/2026-2027/281670;WS/MP18075/2026-2027/281671
CLUST-00014,52,1,WS/MP18109/2024-2025/175860;WS/MP18109/2024-2025/175861;WS/MP18109/2024-2025/175862;WS/MP18109/2024-2025/175863;WS/MP18109/2024-2025/175864;WS/MP18109/2024-2025/175865;WS/MP18109/2024-2025/175866;WS/MP18109/2024-2025/175867;WS/MP18109/2024-2025/175868;WS/MP18109/2024-2025/175869;WS/MP18109/2024-2025/175870;WS/MP18109/2024-2025/175871;WS/MP18109/2024-2025/175872;WS/MP18109/2024-2025/175873;WS/MP18109/2024-2025/175874;WS/MP18109/2024-2025/175875;WS/MP18109/2024-2025/175876;WS/MP18109/2024-2025/175877;WS/MP18109/2024-2025/175878;WS/MP18109/2024-2025/175879;WS/MP18109/2024-2025/175880;WS/MP18109/2024-2025/175881;WS/MP18109/2024-2025/175882;WS/MP18109/2024-2025/175883;WS/MP18109/2024-2025/175884;WS/MP18109/2024-2025/175885;WS/MP18109/2024-2025/175918;WS/MP18109/2024-2025/175919;WS/MP18109/2024-2025/175920;WS/MP18109/2024-2025/175921;WS/MP18109/2024-2025/175922;WS/MP18109/2024-2025/175923;WS/MP18109/2024-2025/175924;WS/MP18109/2024-2025/175925;WS/MP18109/2024-2025/175926;WS/MP18109/2024-2025/175927;WS/MP18109/2024-2025/175928;WS/MP18109/2024-2025/175929;WS/MP18109/2024-2025/175930;WS/MP18109/2024-2025/175931;WS/MP18109/2024-2025/175932;WS/MP18109/2024-2025/175933;WS/MP18109/2024-2025/175934;WS/MP18109/2024-2025/175935;WS/MP18109/2024-2025/175936;WS/MP18109/2024-2025/175937;WS/MP18109/2024-2025/175938;WS/MP18109/2024-2025/175939;WS/MP18109/2024-2025/175940;WS/MP18109/2024-2025/175941;WS/MP18109/2024-2025/175942;WS/MP18109/2024-2025/175943
CLUST-00015,50,1,WS/MP18154/2025-2026/203368;WS/MP18154/2025-2026/203369;WS/MP18154/2025-2026/203370;WS/MP18154/2025-2026/203394;WS/MP18154/2025-2026/203395;WS/MP18154/2025-2026/203396;WS/MP18154/2025-2026/203397;WS/MP18154/2025-2026/203398;WS/MP18154/2025-2026/203399;WS/MP18154/2025-2026/203400;WS/MP18154/2025-2026/203401;WS/MP18154/2025-2026/203402;WS/MP18154/2025-2026/203403;WS/MP18154/2025-2026/203404;WS/MP18154/2025-2026/203405;WS/MP18154/2025-2026/203406;WS/MP18154/2025-2026/203407;WS/MP18154/2025-2026/203408;WS/MP18154/2025-2026/203409;WS/MP18154/2025-2026/203410;WS/MP18154/2025-2026/203413;WS/MP18154/2025-2026/203414;WS/MP18154/2025-2026/203416;WS/MP18154/2025-2026/203433;WS/MP18154/2025-2026/203434;WS/MP18154/2025-2026/203436;WS/MP18154/2025-2026/203437;WS/MP18154/2025-2026/203438;WS/MP18154/2025-2026/203441;WS/MP18154/2025-2026/203442;WS/MP18154/2025-2026/203443;WS/MP18154/2025-2026/203444;WS/MP18154/2025-2026/203445;WS/MP18154/2025-2026/203446;WS/MP18154/2025-2026/203448;WS/MP18154/2025-2026/203449;WS/MP18154/2025-2026/203450;WS/MP18154/2025-2026/203451;WS/MP18154/2025-2026/203477;WS/MP18154/2025-2026/203478;WS/MP18154/2025-2026/203479;WS/MP18154/2025-2026/203480;WS/MP18154/2025-2026/203481;WS/MP18154/2025-2026/203496;WS/MP18154/2025-2026/203497;WS/MP18154/2025-2026/203498;WS/MP18154/2025-2026/203499;WS/MP18154/2025-2026/203502;WS/MP18154/2025-2026/203505;WS/MP18154/2025-2026/203506
CLUST-00016,50,1,WS/MP18235/2026-2027/281811;WS/MP18235/2026-2027/281827;WS/MP18235/2026-2027/281828;WS/MP18235/2026-2027/281829;WS/MP18235/2026-2027/281830;WS/MP18235/2026-2027/281831;WS/MP18235/2026-2027/281832;WS/MP18235/2026-2027/281833;WS/MP18235/2026-2027/281834;WS/MP18235/2026-2027/281835;WS/MP18235/2026-2027/281836;WS/MP18235/2026-2027/281838;WS/MP18235/2026-2027/281851;WS/MP18235/2026-2027/281862;WS/MP18235/2026-2027/281837;WS/MP18235/2026-2027/281839;WS/MP18235/2026-2027/281846;WS/MP18235/2026-2027/281852;WS/MP18235/2026-2027/281861;WS/MP18235/2026-2027/281863;WS/MP18235/2026-2027/281865;WS/MP18235/2026-2027/281841;WS/MP18235/2026-2027/281840;WS/MP18235/2026-2027/281844;WS/MP18235/2026-2027/281870;WS/MP18235/2026-2027/281871;WS/MP18235/2026-2027/281860;WS/MP18235/2026-2027/281855;WS/MP18235/2026-2027/281867;WS/MP18235/2026-2027/281848;WS/MP18235/2026-2027/281869;WS/MP18235/2026-2027/281845;WS/MP18235/2026-2027/281872;WS/MP18235/2026-2027/281859;WS/MP18235/2026-2027/282463;WS/MP18235/2026-2027/281849;WS/MP18235/2026-2027/281850;WS/MP18235/2026-2027/281868;WS/MP18235/2026-2027/281873;WS/MP18235/2026-2027/281874;WS/MP18235/2026-2027/281858;WS/MP18235/2026-2027/282453;WS/MP18235/2026-2027/282461;WS/MP18235/2026-2027/282464;WS/MP18235/2026-2027/281857;WS/MP18235/2026-2027/282460;WS/MP18235/2026-2027/281856;WS/MP18235/2026-2027/282457;WS/MP18235/2026-2027/281854;WS/MP18235/2026-2027/281853
CLUST-00017,49,1,WS/MP18098/2026-2027/269767;WS/MP18098/2026-2027/269769;WS/MP18098/2026-2027/269770;WS/MP18098/2026-2027/269771;WS/MP18098/2026-2027/269772;WS/MP18098/2026-2027/269773;WS/MP18098/2026-2027/269775;WS/MP18098/2026-2027/269799;WS/MP18098/2026-2027/269836;WS/MP18098/2026-2027/275323;WS/MP18098/2026-2027/269776;WS/MP18098/2026-2027/269777;WS/MP18098/2026-2027/269778;WS/MP18098/2026-2027/269785;WS/MP18098/2026-2027/269786;WS/MP18098/2026-2027/269826;WS/MP18098/2026-2027/269827;WS/MP18098/2026-2027/272002;WS/MP18098/2026-2027/272006;WS/MP18098/2026-2027/272007;WS/MP18098/2026-2027/269798;WS/MP18098/2026-2027/269800;WS/MP18098/2026-2027/269801;WS/MP18098/2026-2027/269803;WS/MP18098/2026-2027/269804;WS/MP18098/2026-2027/269811;WS/MP18098/2026-2027/269835;WS/MP18098/2026-2027/269858;WS/MP18098/2026-2027/275324;WS/MP18098/2026-2027/269828;WS/MP18098/2026-2027/269787;WS/MP18098/2026-2027/269790;WS/MP18098/2026-2027/269812;WS/MP18098/2026-2027/269829;WS/MP18098/2026-2027/269830;WS/MP18098/2026-2027/269831;WS/MP18098/2026-2027/269832;WS/MP18098/2026-2027/269834;WS/MP18098/2026-2027/269813;WS/MP18098/2026-2027/269815;WS/MP18098/2026-2027/272008;WS/MP18098/2026-2027/269817;WS/MP18098/2026-2027/269818;WS/MP18098/2026-2027/269819;WS/MP18098/2026-2027/269821;WS/MP18098/2026-2027/269822;WS/MP18098/2026-2027/269823;WS/MP18098/2026-2027/269824;WS/MP18098/2026-2027/269825
CLUST-00018,49,1,WS/MP329/2025-2026/228822;WS/MP329/2025-2026/228823;WS/MP329/2025-2026/228824;WS/MP329/2025-2026/228825;WS/MP329/2025-2026/228826;WS/MP329/2025-2026/228827;WS/MP329/2025-2026/228828;WS/MP329/2025-2026/228832;WS/MP329/2025-2026/228833;WS/MP329/2025-2026/231526;WS/MP329/2025-2026/237315;WS/MP329/2025-2026/237316;WS/MP329/2025-2026/243498;WS/MP329/2025-2026/243499;WS/MP329/2025-2026/243500;WS/MP329/2025-2026/243503;WS/MP329/2025-2026/243504;WS/MP329/2025-2026/243505;WS/MP329/2025-2026/243506;WS/MP329/2025-2026/243507;WS/MP329/2025-2026/243508;WS/MP329/2025-2026/243509;WS/MP329/2025-2026/243510;WS/MP329/2025-2026/243511;WS/MP329/2025-2026/243512;WS/MP329/2025-2026/243513;WS/MP329/2025-2026/243514;WS/MP329/2025-2026/243515;WS/MP329/2025-2026/243516;WS/MP329/2025-2026/243517;WS/MP329/2025-2026/243519;WS/MP329/2025-2026/243521;WS/MP329/2025-2026/243561;WS/MP329/2025-2026/244093;WS/MP329/2025-2026/250903;WS/MP329/2025-2026/253591;WS/MP329/2025-2026/253596;WS/MP329/2025-2026/253598;WS/MP329/2025-2026/255136;WS/MP329/2025-2026/262160;WS/MP329/2025-2026/262161;WS/MP329/2025-2026/262162;WS/MP329/2025-2026/262163;WS/MP329/2025-2026/262170;WS/MP329/2025-2026/262185;WS/MP329/2025-2026/262385;WS/MP329/2026-2027/253595;WS/MP329/2026-2027/262159;WS/MP329/2026-2027/262184
CLUST-00019,49,1,WS/MP443/2025-2026/139973;WS/MP443/2025-2026/139974;WS/MP443/2025-2026/139975;WS/MP443/2025-2026/139976;WS/MP443/2025-2026/139977;WS/MP443/2025-2026/139978;WS/MP443/2025-2026/139979;WS/MP443/2025-2026/139980;WS/MP443/2025-2026/139981;WS/MP443/2025-2026/139982;WS/MP443/2025-2026/139983;WS/MP443/2025-2026/139984;WS/MP443/2025-2026/139985;WS/MP443/2025-2026/139986;WS/MP443/2025-2026/139987;WS/MP443/2025-2026/139988;WS/MP443/2025-2026/139989;WS/MP443/2025-2026/139990;WS/MP443/2025-2026/139991;WS/MP443/2025-2026/139992;WS/MP443/2025-2026/139993;WS/MP443/2025-2026/139994;WS/MP443/2025-2026/139995;WS/MP443/2025-2026/139996;WS/MP443/2025-2026/139998;WS/MP443/2025-2026/139999;WS/MP443/2025-2026/140000;WS/MP443/2025-2026/140001;WS/MP443/2025-2026/140002;WS/MP443/2025-2026/140003;WS/MP443/2025-2026/140004;WS/MP443/2025-2026/140005;WS/MP443/2025-2026/140006;WS/MP443/2025-2026/140007;WS/MP443/2025-2026/140008;WS/MP443/2025-2026/140009;WS/MP443/2025-2026/140010;WS/MP443/2025-2026/140011;WS/MP443/2025-2026/140013;WS/MP443/2025-2026/140014;WS/MP443/2025-2026/140015;WS/MP443/2025-2026/140016;WS/MP443/2025-2026/140017;WS/MP443/2025-2026/140018;WS/MP443/2025-2026/140019;WS/MP443/2025-2026/140020;WS/MP443/2025-2026/140021;WS/MP443/2025-2026/140022;WS/MP443/2025-2026/140023
CLUST-00020,47,1,WS/MP18075/2026-2027/260461;WS/MP18075/2026-2027/260462;WS/MP18075/2026-2027/260463;WS/MP18075/2026-2027/260464;WS/MP18075/2026-2027/260465;WS/MP18075/2026-2027/260466;WS/MP18075/2026-2027/260467;WS/MP18075/2026-2027/260468;WS/MP18075/2026-2027/260469;WS/MP18075/2026-2027/260470;WS/MP18075/2026-2027/260471;WS/MP18075/2026-2027/260472;WS/MP18075/2026-2027/260473;WS/MP18075/2026-2027/260474;WS/MP18075/2026-2027/260475;WS/MP18075/2026-2027/260477;WS/MP18075/2026-2027/260478;WS/MP18075/2026-2027/260479;WS/MP18075/2026-2027/260480;WS/MP18075/2026-2027/260481;WS/MP18075/2026-2027/260482;WS/MP18075/2026-2027/260483;WS/MP18075/2026-2027/260484;WS/MP18075/2026-2027/260485;WS/MP18075/2026-2027/260486;WS/MP18075/2026-2027/260487;WS/MP18075/2026-2027/260497;WS/MP18075/2026-2027/260498;WS/MP18075/2026-2027/260499;WS/MP18075/2026-2027/260500;WS/MP18075/2026-2027/260501;WS/MP18075/2026-2027/260502;WS/MP18075/2026-2027/260503;WS/MP18075/2026-2027/260504;WS/MP18075/2026-2027/260505;WS/MP18075/2026-2027/260506;WS/MP18075/2026-2027/260507;WS/MP18075/2026-2027/261412;WS/MP18075/2026-2027/261413;WS/MP18075/2026-2027/261414;WS/MP18075/2026-2027/261415;WS/MP18075/2026-2027/261416;WS/MP18075/2026-2027/261418;WS/MP18075/2026-2027/261419;WS/MP18075/2026-2027/261420;WS/MP18075/2026-2027/261421;WS/MP18075/2026-2027/261422
CLUST-00021,47,1,WS/MP356/2026-2027/233301;WS/MP356/2026-2027/233302;WS/MP356/2026-2027/233303;WS/MP356/2026-2027/233304;WS/MP356/2026-2027/233305;WS/MP356/2026-2027/233306;WS/MP356/2026-2027/233307;WS/MP356/2026-2027/233308;WS/MP356/2026-2027/233309;WS/MP356/2026-2027/233310;WS/MP356/2026-2027/233311;WS/MP356/2026-2027/233312;WS/MP356/2026-2027/233313;WS/MP356/2026-2027/233314;WS/MP356/2026-2027/233315;WS/MP356/2026-2027/233316;WS/MP356/2026-2027/233317;WS/MP356/2026-2027/233318;WS/MP356/2026-2027/233319;WS/MP356/2026-2027/233320;WS/MP356/2026-2027/233321;WS/MP356/2026-2027/233322;WS/MP356/2026-2027/233323;WS/MP356/2026-2027/233324;WS/MP356/2026-2027/233325;WS/MP356/2026-2027/233326;WS/MP356/2026-2027/233327;WS/MP356/2026-2027/233328;WS/MP356/2026-2027/233329;WS/MP356/2026-2027/233330;WS/MP356/2026-2027/233331;WS/MP356/2026-2027/233332;WS/MP356/2026-2027/233333;WS/MP356/2026-2027/233334;WS/MP356/2026-2027/233335;WS/MP356/2026-2027/233336;WS/MP356/2026-2027/233337;WS/MP356/2026-2027/233338;WS/MP356/2026-2027/233340;WS/MP356/2026-2027/233341;WS/MP356/2026-2027/233342;WS/MP356/2026-2027/233343;WS/MP356/2026-2027/233344;WS/MP356/2026-2027/233345;WS/MP356/2026-2027/233346;WS/MP356/2026-2027/233347;WS/MP356/2026-2027/233348
CLUST-00022,46,1,WS/MP18057/2025-2026/208032;WS/MP18057/2025-2026/208034;WS/MP18057/2025-2026/208035;WS/MP18057/2025-2026/208036;WS/MP18057/2025-2026/208037;WS/MP18057/2025-2026/208038;WS/MP18057/2025-2026/208039;WS/MP18057/2025-2026/208040;WS/MP18057/2025-2026/208041;WS/MP18057/2025-2026/208042;WS/MP18057/2025-2026/208043;WS/MP18057/2025-2026/208044;WS/MP18057/2025-2026/208045;WS/MP18057/2025-2026/208046;WS/MP18057/2025-2026/208047;WS/MP18057/2025-2026/208049;WS/MP18057/2025-2026/208050;WS/MP18057/2025-2026/208051;WS/MP18057/2025-2026/208052;WS/MP18057/2025-2026/208053;WS/MP18057/2025-2026/208054;WS/MP18057/2025-2026/208055;WS/MP18057/2025-2026/208058;WS/MP18057/2025-2026/208059;WS/MP18057/2025-2026/208060;WS/MP18057/2025-2026/208061;WS/MP18057/2025-2026/208062;WS/MP18057/2025-2026/208063;WS/MP18057/2025-2026/208064;WS/MP18057/2025-2026/208065;WS/MP18057/2025-2026/208066;WS/MP18057/2025-2026/208067;WS/MP18057/2025-2026/208068;WS/MP18057/2025-2026/208069;WS/MP18057/2025-2026/208070;WS/MP18057/2025-2026/208071;WS/MP18057/2025-2026/208072;WS/MP18057/2025-2026/208073;WS/MP18057/2025-2026/208074;WS/MP18057/2025-2026/208075;WS/MP18057/2025-2026/208076;WS/MP18057/2025-2026/208077;WS/MP18057/2025-2026/208078;WS/MP18057/2025-2026/208079;WS/MP18057/2025-2026/208080;WS/MP18057/2025-2026/208081
CLUST-00023,45,1,WS/MP18045/2026-2027/283350;WS/MP18045/2026-2027/283351;WS/MP18045/2026-2027/283352;WS/MP18045/2026-2027/283353;WS/MP18045/2026-2027/283354;WS/MP18045/2026-2027/283355;WS/MP18045/2026-2027/283356;WS/MP18045/2026-2027/283357;WS/MP18045/2026-2027/283358;WS/MP18045/2026-2027/283359;WS/MP18045/2026-2027/283360;WS/MP18045/2026-2027/283361;WS/MP18045/2026-2027/283362;WS/MP18045/2026-2027/283363;WS/MP18045/2026-2027/283364;WS/MP18045/2026-2027/283365;WS/MP18045/2026-2027/283366;WS/MP18045/2026-2027/283367;WS/MP18045/2026-2027/283368;WS/MP18045/2026-2027/283369;WS/MP18045/2026-2027/283370;WS/MP18045/2026-2027/283371;WS/MP18045/2026-2027/283372;WS/MP18045/2026-2027/283373;WS/MP18045/2026-2027/283374;WS/MP18045/2026-2027/283375;WS/MP18045/2026-2027/283376;WS/MP18045/2026-2027/283377;WS/MP18045/2026-2027/283378;WS/MP18045/2026-2027/283379;WS/MP18045/2026-2027/283380;WS/MP18045/2026-2027/283381;WS/MP18045/2026-2027/283382;WS/MP18045/2026-2027/283383;WS/MP18045/2026-2027/283384;WS/MP18045/2026-2027/283385;WS/MP18045/2026-2027/283386;WS/MP18045/2026-2027/283387;WS/MP18045/2026-2027/283388;WS/MP18045/2026-2027/283389;WS/MP18045/2026-2027/283390;WS/MP18045/2026-2027/283391;WS/MP18045/2026-2027/283392;WS/MP18045/2026-2027/283393;WS/MP18045/2026-2027/283394
CLUST-00024,44,1,WS/MP18105/2025-2026/221416;WS/MP18105/2025-2026/221417;WS/MP18105/2025-2026/221418;WS/MP18105/2025-2026/221419;WS/MP18105/2025-2026/221420;WS/MP18105/2025-2026/221421;WS/MP18105/2025-2026/221422;WS/MP18105/2025-2026/221423;WS/MP18105/2025-2026/221424;WS/MP18105/2025-2026/221425;WS/MP18105/2025-2026/221426;WS/MP18105/2025-2026/221427;WS/MP18105/2025-2026/221428;WS/MP18105/2025-2026/221429;WS/MP18105/2025-2026/221430;WS/MP18105/2025-2026/221431;WS/MP18105/2025-2026/221432;WS/MP18105/2025-2026/221433;WS/MP18105/2025-2026/221434;WS/MP18105/2025-2026/221435;WS/MP18105/2025-2026/221436;WS/MP18105/2025-2026/221437;WS/MP18105/2025-2026/221438;WS/MP18105/2025-2026/221439;WS/MP18105/2025-2026/221440;WS/MP18105/2025-2026/221441;WS/MP18105/2025-2026/221442;WS/MP18105/2025-2026/221443;WS/MP18105/2025-2026/221444;WS/MP18105/2025-2026/221445;WS/MP18105/2025-2026/221446;WS/MP18105/2025-2026/221447;WS/MP18105/2025-2026/221448;WS/MP18105/2025-2026/221449;WS/MP18105/2025-2026/221450;WS/MP18105/2025-2026/221461;WS/MP18105/2025-2026/221462;WS/MP18105/2025-2026/221463;WS/MP18105/2025-2026/221464;WS/MP18105/2025-2026/221465;WS/MP18105/2025-2026/221466;WS/MP18105/2025-2026/221467;WS/MP18105/2025-2026/221468;WS/MP18105/2025-2026/221469
CLUST-00025,44,1,WS/MP18126/2025-2026/236213;WS/MP18126/2025-2026/236214;WS/MP18126/2025-2026/236215;WS/MP18126/2025-2026/236216;WS/MP18126/2025-2026/236217;WS/MP18126/2025-2026/236218;WS/MP18126/2025-2026/236292;WS/MP18126/2025-2026/236293;WS/MP18126/2025-2026/236294;WS/MP18126/2025-2026/236295;WS/MP18126/2025-2026/236296;WS/MP18126/2025-2026/236297;WS/MP18126/2025-2026/236298;WS/MP18126/2025-2026/236299;WS/MP18126/2025-2026/236300;WS/MP18126/2025-2026/236301;WS/MP18126/2025-2026/236302;WS/MP18126/2025-2026/236303;WS/MP18126/2025-2026/236304;WS/MP18126/2025-2026/236305;WS/MP18126/2025-2026/236306;WS/MP18126/2025-2026/236307;WS/MP18126/2025-2026/236308;WS/MP18126/2025-2026/236309;WS/MP18126/2025-2026/236310;WS/MP18126/2025-2026/236311;WS/MP18126/2025-2026/236312;WS/MP18126/2025-2026/236313;WS/MP18126/2025-2026/236314;WS/MP18126/2025-2026/236315;WS/MP18126/2025-2026/236316;WS/MP18126/2025-2026/236317;WS/MP18126/2025-2026/236318;WS/MP18126/2025-2026/236319;WS/MP18126/2025-2026/236320;WS/MP18126/2025-2026/236321;WS/MP18126/2025-2026/236325;WS/MP18126/2025-2026/236326;WS/MP18126/2025-2026/236327;WS/MP18126/2025-2026/236328;WS/MP18126/2025-2026/236329;WS/MP18126/2025-2026/236330;WS/MP18126/2025-2026/236331;WS/MP18126/2025-2026/236332
CLUST-00026,43,1,WS/MP642/2025-2026/195670;WS/MP642/2025-2026/195671;WS/MP642/2025-2026/195672;WS/MP642/2025-2026/195673;WS/MP642/2025-2026/195674;WS/MP642/2025-2026/195675;WS/MP642/2025-2026/195676;WS/MP642/2025-2026/195677;WS/MP642/2025-2026/195678;WS/MP642/2025-2026/195679;WS/MP642/2025-2026/195680;WS/MP642/2025-2026/195681;WS/MP642/2025-2026/195682;WS/MP642/2025-2026/195683;WS/MP642/2025-2026/195684;WS/MP642/2025-2026/195685;WS/MP642/2025-2026/195686;WS/MP642/2025-2026/195687;WS/MP642/2025-2026/195688;WS/MP642/2025-2026/195689;WS/MP642/2025-2026/195690;WS/MP642/2025-2026/195691;WS/MP642/2025-2026/195692;WS/MP642/2025-2026/195693;WS/MP642/2025-2026/195694;WS/MP642/2025-2026/195695;WS/MP642/2025-2026/195696;WS/MP642/2025-2026/195697;WS/MP642/2025-2026/195698;WS/MP642/2025-2026/195699;WS/MP642/2025-2026/195700;WS/MP642/2025-2026/195701;WS/MP642/2025-2026/195702;WS/MP642/2025-2026/195703;WS/MP642/2025-2026/195704;WS/MP642/2025-2026/195705;WS/MP642/2025-2026/195706;WS/MP642/2025-2026/195707;WS/MP642/2025-2026/195708;WS/MP642/2025-2026/195709;WS/MP642/2025-2026/195710;WS/MP642/2025-2026/195711;WS/MP642/2025-2026/195925
CLUST-00027,42,1,WS/MP443/2025-2026/142841;WS/MP443/2025-2026/142842;WS/MP443/2025-2026/142843;WS/MP443/2025-2026/142844;WS/MP443/2025-2026/142845;WS/MP443/2025-2026/142846;WS/MP443/2025-2026/142847;WS/MP443/2025-2026/142853;WS/MP443/2025-2026/142854;WS/MP443/2025-2026/142855;WS/MP443/2025-2026/142856;WS/MP443/2025-2026/142857;WS/MP443/2025-2026/142858;WS/MP443/2025-2026/142859;WS/MP443/2025-2026/142860;WS/MP443/2025-2026/142861;WS/MP443/2025-2026/142862;WS/MP443/2025-2026/142864;WS/MP443/2025-2026/142865;WS/MP443/2025-2026/142866;WS/MP443/2025-2026/142867;WS/MP443/2025-2026/142868;WS/MP443/2025-2026/142869;WS/MP443/2025-2026/142870;WS/MP443/2025-2026/142871;WS/MP443/2025-2026/142872;WS/MP443/2025-2026/142873;WS/MP443/2025-2026/142874;WS/MP443/2025-2026/142875;WS/MP443/2025-2026/142876;WS/MP443/2025-2026/142900;WS/MP443/2025-2026/142903;WS/MP443/2025-2026/142904;WS/MP443/2025-2026/142905;WS/MP443/2025-2026/142906;WS/MP443/2025-2026/142907;WS/MP443/2025-2026/142908;WS/MP443/2025-2026/142909;WS/MP443/2025-2026/142910;WS/MP443/2025-2026/142911;WS/MP443/2025-2026/142912;WS/MP443/2025-2026/142913
CLUST-00028,41,1,WS/MP18154/2024-2025/162849;WS/MP18154/2024-2025/162850;WS/MP18154/2024-2025/162851;WS/MP18154/2024-2025/162852;WS/MP18154/2024-2025/162853;WS/MP18154/2024-2025/162854;WS/MP18154/2024-2025/162855;WS/MP18154/2024-2025/162856;WS/MP18154/2024-2025/162857;WS/MP18154/2024-2025/162858;WS/MP18154/2024-2025/162859;WS/MP18154/2024-2025/162963;WS/MP18154/2024-2025/162964;WS/MP18154/2024-2025/162965;WS/MP18154/2024-2025/162966;WS/MP18154/2024-2025/162967;WS/MP18154/2024-2025/162968;WS/MP18154/2024-2025/162969;WS/MP18154/2024-2025/162971;WS/MP18154/2024-2025/162972;WS/MP18154/2024-2025/162973;WS/MP18154/2024-2025/162974;WS/MP18154/2024-2025/162975;WS/MP18154/2024-2025/162976;WS/MP18154/2024-2025/162977;WS/MP18154/2024-2025/162978;WS/MP18154/2024-2025/162979;WS/MP18154/2024-2025/162980;WS/MP18154/2024-2025/162981;WS/MP18154/2024-2025/162989;WS/MP18154/2024-2025/162990;WS/MP18154/2024-2025/164221;WS/MP18154/2024-2025/164222;WS/MP18154/2024-2025/164223;WS/MP18154/2024-2025/164224;WS/MP18154/2024-2025/164228;WS/MP18154/2024-2025/164229;WS/MP18154/2024-2025/164230;WS/MP18154/2024-2025/164231;WS/MP18154/2024-2025/164232;WS/MP18154/2024-2025/164236
CLUST-00029,41,1,WS/MP18205/2024-2025/148338;WS/MP18205/2024-2025/148339;WS/MP18205/2024-2025/148340;WS/MP18205/2024-2025/148341;WS/MP18205/2024-2025/148342;WS/MP18205/2024-2025/148343;WS/MP18205/2024-2025/148344;WS/MP18205/2024-2025/148345;WS/MP18205/2024-2025/148346;WS/MP18205/2024-2025/148348;WS/MP18205/2024-2025/148349;WS/MP18205/2024-2025/148350;WS/MP18205/2024-2025/148351;WS/MP18205/2024-2025/148352;WS/MP18205/2024-2025/148353;WS/MP18205/2024-2025/148354;WS/MP18205/2024-2025/148356;WS/MP18205/2024-2025/148357;WS/MP18205/2024-2025/148358;WS/MP18205/2024-2025/148359;WS/MP18205/2024-2025/148360;WS/MP18205/2024-2025/148361;WS/MP18205/2024-2025/148362;WS/MP18205/2024-2025/148363;WS/MP18205/2024-2025/148364;WS/MP18205/2024-2025/148366;WS/MP18205/2024-2025/148367;WS/MP18205/2024-2025/148368;WS/MP18205/2024-2025/148369;WS/MP18205/2024-2025/148370;WS/MP18205/2024-2025/148371;WS/MP18205/2024-2025/148372;WS/MP18205/2024-2025/148373;WS/MP18205/2024-2025/148374;WS/MP18205/2024-2025/148712;WS/MP18205/2024-2025/148713;WS/MP18205/2024-2025/148714;WS/MP18205/2024-2025/148715;WS/MP18205/2024-2025/148716;WS/MP18205/2024-2025/148717;WS/MP18205/2024-2025/148718
CLUST-00030,41,1,WS/MP654/2026-2027/282745;WS/MP654/2026-2027/282746;WS/MP654/2026-2027/282747;WS/MP654/2026-2027/282748;WS/MP654/2026-2027/282749;WS/MP654/2026-2027/282750;WS/MP654/2026-2027/282751;WS/MP654/2026-2027/282752;WS/MP654/2026-2027/282753;WS/MP654/2026-2027/282754;WS/MP654/2026-2027/282755;WS/MP654/2026-2027/282756;WS/MP654/2026-2027/282757;WS/MP654/2026-2027/282758;WS/MP654/2026-2027/282759;WS/MP654/2026-2027/282760;WS/MP654/2026-2027/283261;WS/MP654/2026-2027/283262;WS/MP654/2026-2027/283263;WS/MP654/2026-2027/283264;WS/MP654/2026-2027/283265;WS/MP654/2026-2027/283266;WS/MP654/2026-2027/283267;WS/MP654/2026-2027/283268;WS/MP654/2026-2027/283269;WS/MP654/2026-2027/283270;WS/MP654/2026-2027/283271;WS/MP654/2026-2027/283272;WS/MP654/2026-2027/283273;WS/MP654/2026-2027/284177;WS/MP654/2026-2027/284178;WS/MP654/2026-2027/284179;WS/MP654/2026-2027/284180;WS/MP654/2026-2027/284181;WS/MP654/2026-2027/284182;WS/MP654/2026-2027/284183;WS/MP654/2026-2027/284184;WS/MP654/2026-2027/284185;WS/MP654/2026-2027/284186;WS/MP654/2026-2027/284187;WS/MP654/2026-2027/288161
CLUST-00031,41,1,WS/MP655/2025-2026/201414;WS/MP655/2025-2026/201415;WS/MP655/2025-2026/201416;WS/MP655/2025-2026/201417;WS/MP655/2025-2026/201418;WS/MP655/2025-2026/201419;WS/MP655/2025-2026/201420;WS/MP655/2025-2026/201421;WS/MP655/2025-2026/201422;WS/MP655/2025-2026/201423;WS/MP655/2025-2026/201424;WS/MP655/2025-2026/201425;WS/MP655/2025-2026/201427;WS/MP655/2025-2026/201428;WS/MP655/2025-2026/201429;WS/MP655/2025-2026/201430;WS/MP655/2025-2026/201448;WS/MP655/2025-2026/201449;WS/MP655/2025-2026/201450;WS/MP655/2025-2026/201451;WS/MP655/2025-2026/201452;WS/MP655/2025-2026/201453;WS/MP655/2025-2026/201454;WS/MP655/2025-2026/201494;WS/MP655/2025-2026/201495;WS/MP655/2025-2026/201496;WS/MP655/2025-2026/201497;WS/MP655/2025-2026/201498;WS/MP655/2025-2026/201499;WS/MP655/2025-2026/201500;WS/MP655/2025-2026/201501;WS/MP655/2025-2026/201502;WS/MP655/2025-2026/201503;WS/MP655/2025-2026/201504;WS/MP655/2025-2026/201505;WS/MP655/2025-2026/201506;WS/MP655/2025-2026/201507;WS/MP655/2025-2026/201508;WS/MP655/2025-2026/201509;WS/MP655/2025-2026/201510;WS/MP655/2025-2026/201511
CLUST-00032,39,1,WS/MP18036/2025-2026/193845;WS/MP18036/2025-2026/193846;WS/MP18036/2025-2026/193847;WS/MP18036/2025-2026/193848;WS/MP18036/2025-2026/193849;WS/MP18036/2025-2026/193850;WS/MP18036/2025-2026/193857;WS/MP18036/2025-2026/193863;WS/MP18036/2025-2026/193867;WS/MP18036/2025-2026/193883;WS/MP18036/2025-2026/193886;WS/MP18036/2025-2026/193889;WS/MP18036/2025-2026/193890;WS/MP18036/2025-2026/193891;WS/MP18036/2025-2026/193893;WS/MP18036/2025-2026/193896;WS/MP18036/2025-2026/193898;WS/MP18036/2025-2026/193899;WS/MP18036/2025-2026/194020;WS/MP18036/2025-2026/194022;WS/MP18036/2025-2026/194026;WS/MP18036/2025-2026/194028;WS/MP18036/2025-2026/194029;WS/MP18036/2025-2026/194030;WS/MP18036/2025-2026/194031;WS/MP18036/2025-2026/194033;WS/MP18036/2025-2026/194035;WS/MP18036/2025-2026/194036;WS/MP18036/2025-2026/194067;WS/MP18036/2025-2026/194068;WS/MP18036/2025-2026/194069;WS/MP18036/2025-2026/194071;WS/MP18036/2025-2026/194073;WS/MP18036/2025-2026/194076;WS/MP18036/2025-2026/194078;WS/MP18036/2025-2026/194080;WS/MP18036/2025-2026/194081;WS/MP18036/2025-2026/194082;WS/MP18036/2025-2026/194083
CLUST-00033,39,1,WS/MP18036/2026-2027/300054;WS/MP18036/2026-2027/300055;WS/MP18036/2026-2027/300056;WS/MP18036/2026-2027/300057;WS/MP18036/2026-2027/300058;WS/MP18036/2026-2027/300059;WS/MP18036/2026-2027/300060;WS/MP18036/2026-2027/300062;WS/MP18036/2026-2027/300064;WS/MP18036/2026-2027/300065;WS/MP18036/2026-2027/300067;WS/MP18036/2026-2027/300068;WS/MP18036/2026-2027/300069;WS/MP18036/2026-2027/300070;WS/MP18036/2026-2027/300071;WS/MP18036/2026-2027/300072;WS/MP18036/2026-2027/300074;WS/MP18036/2026-2027/300075;WS/MP18036/2026-2027/300076;WS/MP18036/2026-2027/300077;WS/MP18036/2026-2027/300078;WS/MP18036/2026-2027/300079;WS/MP18036/2026-2027/300081;WS/MP18036/2026-2027/300082;WS/MP18036/2026-2027/300084;WS/MP18036/2026-2027/300085;WS/MP18036/2026-2027/300091;WS/MP18036/2026-2027/300092;WS/MP18036/2026-2027/300094;WS/MP18036/2026-2027/300095;WS/MP18036/2026-2027/300096;WS/MP18036/2026-2027/300098;WS/MP18036/2026-2027/300099;WS/MP18036/2026-2027/300101;WS/MP18036/2026-2027/300102;WS/MP18036/2026-2027/300104;WS/MP18036/2026-2027/300105;WS/MP18036/2026-2027/300107;WS/MP18036/2026-2027/300108
CLUST-00034,39,1,WS/MP18310/2025-2026/240186;WS/MP18310/2025-2026/240187;WS/MP18310/2025-2026/240262;WS/MP18310/2025-2026/240279;WS/MP18310/2025-2026/240415;WS/MP18310/2025-2026/243192;WS/MP18310/2025-2026/240188;WS/MP18310/2025-2026/240332;WS/MP18310/2025-2026/240334;WS/MP18310/2025-2026/240339;WS/MP18310/2025-2026/240340;WS/MP18310/2025-2026/240341;WS/MP18310/2025-2026/240412;WS/MP18310/2025-2026/240419;WS/MP18310/2025-2026/240420;WS/MP18310/2025-2026/243165;WS/MP18310/2025-2026/243185;WS/MP18310/2025-2026/243190;WS/MP18310/2025-2026/240264;WS/MP18310/2025-2026/240282;WS/MP18310/2025-2026/240414;WS/MP18310/2025-2026/243161;WS/MP18310/2025-2026/240190;WS/MP18310/2025-2026/240333;WS/MP18310/2025-2026/240200;WS/MP18310/2025-2026/240343;WS/MP18310/2025-2026/243182;WS/MP18310/2025-2026/243188;WS/MP18310/2025-2026/240409;WS/MP18310/2025-2026/243162;WS/MP18310/2025-2026/240192;WS/MP18310/2025-2026/240401;WS/MP18310/2025-2026/240403;WS/MP18310/2025-2026/240402;WS/MP18310/2025-2026/240191;WS/MP18310/2025-2026/240418;WS/MP18310/2025-2026/240330;WS/MP18310/2025-2026/240344;WS/MP18310/2025-2026/240417
CLUST-00035,39,1,WS/MP568/2025-2026/164590;WS/MP568/2025-2026/164591;WS/MP568/2025-2026/164592;WS/MP568/2025-2026/164593;WS/MP568/2025-2026/164594;WS/MP568/2025-2026/164595;WS/MP568/2025-2026/164596;WS/MP568/2025-2026/164597;WS/MP568/2025-2026/164598;WS/MP568/2025-2026/164599;WS/MP568/2025-2026/164600;WS/MP568/2025-2026/164601;WS/MP568/2025-2026/164602;WS/MP568/2025-2026/164603;WS/MP568/2025-2026/164604;WS/MP568/2025-2026/164605;WS/MP568/2025-2026/164606;WS/MP568/2025-2026/164607;WS/MP568/2025-2026/164608;WS/MP568/2025-2026/164609;WS/MP568/2025-2026/164610;WS/MP568/2025-2026/164611;WS/MP568/2025-2026/164612;WS/MP568/2025-2026/164613;WS/MP568/2025-2026/164614;WS/MP568/2025-2026/164615;WS/MP568/2025-2026/164616;WS/MP568/2025-2026/164617;WS/MP568/2025-2026/164618;WS/MP568/2025-2026/164619;WS/MP568/2025-2026/164620;WS/MP568/2025-2026/164621;WS/MP568/2025-2026/164622;WS/MP568/2025-2026/164623;WS/MP568/2025-2026/164624;WS/MP568/2025-2026/164625;WS/MP568/2025-2026/164626;WS/MP568/2025-2026/164627;WS/MP568/2025-2026/164628
CLUST-00036,35,1,WS/MP18036/2025-2026/227846;WS/MP18036/2025-2026/227849;WS/MP18036/2025-2026/227850;WS/MP18036/2025-2026/227851;WS/MP18036/2025-2026/227852;WS/MP18036/2025-2026/227853;WS/MP18036/2025-2026/227854;WS/MP18036/2025-2026/227856;WS/MP18036/2025-2026/227857;WS/MP18036/2025-2026/227858;WS/MP18036/2025-2026/227860;WS/MP18036/2025-2026/227868;WS/MP18036/2025-2026/227869;WS/MP18036/2025-2026/227871;WS/MP18036/2025-2026/227873;WS/MP18036/2025-2026/227875;WS/MP18036/2025-2026/227877;WS/MP18036/2025-2026/227878;WS/MP18036/2025-2026/227879;WS/MP18036/2025-2026/227880;WS/MP18036/2025-2026/227882;WS/MP18036/2025-2026/227883;WS/MP18036/2025-2026/227884;WS/MP18036/2025-2026/227885;WS/MP18036/2025-2026/227886;WS/MP18036/2025-2026/228014;WS/MP18036/2025-2026/228015;WS/MP18036/2025-2026/228016;WS/MP18036/2025-2026/228017;WS/MP18036/2025-2026/228018;WS/MP18036/2025-2026/228020;WS/MP18036/2025-2026/228022;WS/MP18036/2025-2026/228964;WS/MP18036/2026-2027/227881;WS/MP18036/2026-2027/228965
CLUST-00037,35,1,WS/MP18271/2025-2026/135003;WS/MP18271/2025-2026/135004;WS/MP18271/2025-2026/135005;WS/MP18271/2025-2026/135006;WS/MP18271/2025-2026/135007;WS/MP18271/2025-2026/135008;WS/MP18271/2025-2026/135009;WS/MP18271/2025-2026/135010;WS/MP18271/2025-2026/135011;WS/MP18271/2025-2026/135012;WS/MP18271/2025-2026/135160;WS/MP18271/2025-2026/135163;WS/MP18271/2025-2026/135164;WS/MP18271/2025-2026/135165;WS/MP18271/2025-2026/135166;WS/MP18271/2025-2026/135171;WS/MP18271/2025-2026/135172;WS/MP18271/2025-2026/135173;WS/MP18271/2025-2026/135174;WS/MP18271/2025-2026/135175;WS/MP18271/2025-2026/135176;WS/MP18271/2025-2026/135179;WS/MP18271/2025-2026/135180;WS/MP18271/2025-2026/135181;WS/MP18271/2025-2026/135177;WS/MP18271/2025-2026/135212;WS/MP18271/2025-2026/135182;WS/MP18271/2025-2026/135183;WS/MP18271/2025-2026/135184;WS/MP18271/2025-2026/135185;WS/MP18271/2025-2026/135272;WS/MP18271/2025-2026/135211;WS/MP18271/2025-2026/135210;WS/MP18271/2025-2026/135271;WS/MP18271/2025-2026/135273
CLUST-00038,35,1,WS/MP18377/2026-2027/306544;WS/MP18377/2026-2027/306545;WS/MP18377/2026-2027/306546;WS/MP18377/2026-2027/306547;WS/MP18377/2026-2027/306548;WS/MP18377/2026-2027/306549;WS/MP18377/2026-2027/306550;WS/MP18377/2026-2027/306626;WS/MP18377/2026-2027/306627;WS/MP18377/2026-2027/306628;WS/MP18377/2026-2027/306629;WS/MP18377/2026-2027/306630;WS/MP18377/2026-2027/306631;WS/MP18377/2026-2027/306632;WS/MP18377/2026-2027/306633;WS/MP18377/2026-2027/306634;WS/MP18377/2026-2027/306635;WS/MP18377/2026-2027/306636;WS/MP18377/2026-2027/306637;WS/MP18377/2026-2027/306641;WS/MP18377/2026-2027/306688;WS/MP18377/2026-2027/306689;WS/MP18377/2026-2027/306690;WS/MP18377/2026-2027/306691;WS/MP18377/2026-2027/306692;WS/MP18377/2026-2027/306693;WS/MP18377/2026-2027/306694;WS/MP18377/2026-2027/306695;WS/MP18377/2026-2027/306696;WS/MP18377/2026-2027/306697;WS/MP18377/2026-2027/306698;WS/MP18377/2026-2027/306699;WS/MP18377/2026-2027/306700;WS/MP18377/2026-2027/306701;WS/MP18377/2026-2027/306702
CLUST-00039,34,1,WS/MP18007/2025-2026/137047;WS/MP18007/2025-2026/137048;WS/MP18007/2025-2026/137049;WS/MP18007/2025-2026/137050;WS/MP18007/2025-2026/137051;WS/MP18007/2025-2026/137052;WS/MP18007/2025-2026/137053;WS/MP18007/2025-2026/137054;WS/MP18007/2025-2026/137055;WS/MP18007/2025-2026/137056;WS/MP18007/2025-2026/137057;WS/MP18007/2025-2026/137058;WS/MP18007/2025-2026/137059;WS/MP18007/2025-2026/137060;WS/MP18007/2025-2026/137061;WS/MP18007/2025-2026/137062;WS/MP18007/2025-2026/137063;WS/MP18007/2025-2026/137064;WS/MP18007/2025-2026/137065;WS/MP18007/2025-2026/137066;WS/MP18007/2025-2026/137067;WS/MP18007/2025-2026/137068;WS/MP18007/2025-2026/137069;WS/MP18007/2025-2026/137070;WS/MP18007/2025-2026/137071;WS/MP18007/2025-2026/137072;WS/MP18007/2025-2026/137073;WS/MP18007/2025-2026/137074;WS/MP18007/2025-2026/137075;WS/MP18007/2025-2026/137076;WS/MP18007/2025-2026/137077;WS/MP18007/2025-2026/137078;WS/MP18007/2025-2026/137079;WS/MP18007/2025-2026/137080
CLUST-00040,34,1,WS/MP18045/2025-2026/151614;WS/MP18045/2025-2026/151615;WS/MP18045/2025-2026/151616;WS/MP18045/2025-2026/151617;WS/MP18045/2025-2026/151618;WS/MP18045/2025-2026/151619;WS/MP18045/2025-2026/151620;WS/MP18045/2025-2026/151621;WS/MP18045/2025-2026/151622;WS/MP18045/2025-2026/151623;WS/MP18045/2025-2026/151624;WS/MP18045/2025-2026/151625;WS/MP18045/2025-2026/151626;WS/MP18045/2025-2026/151627;WS/MP18045/2025-2026/151628;WS/MP18045/2025-2026/151629;WS/MP18045/2025-2026/151630;WS/MP18045/2025-2026/151631;WS/MP18045/2025-2026/151632;WS/MP18045/2025-2026/151729;WS/MP18045/2025-2026/151730;WS/MP18045/2025-2026/158835;WS/MP18045/2025-2026/158849;WS/MP18045/2025-2026/158850;WS/MP18045/2025-2026/158851;WS/MP18045/2025-2026/158852;WS/MP18045/2025-2026/158855;WS/MP18045/2025-2026/158856;WS/MP18045/2025-2026/158861;WS/MP18045/2025-2026/158862;WS/MP18045/2025-2026/158863;WS/MP18045/2025-2026/158864;WS/MP18045/2025-2026/158871;WS/MP18045/2025-2026/158877
CLUST-00041,34,1,WS/MP249/2025-2026/173418;WS/MP249/2025-2026/173419;WS/MP249/2025-2026/173420;WS/MP249/2025-2026/173421;WS/MP249/2025-2026/173422;WS/MP249/2025-2026/173423;WS/MP249/2025-2026/173424;WS/MP249/2025-2026/173425;WS/MP249/2025-2026/173426;WS/MP249/2025-2026/173427;WS/MP249/2025-2026/173428;WS/MP249/2025-2026/173429;WS/MP249/2025-2026/173430;WS/MP249/2025-2026/173431;WS/MP249/2025-2026/173432;WS/MP249/2025-2026/173433;WS/MP249/2025-2026/173434;WS/MP249/2025-2026/173435;WS/MP249/2025-2026/173436;WS/MP249/2025-2026/173437;WS/MP249/2025-2026/173438;WS/MP249/2025-2026/173439;WS/MP249/2025-2026/173440;WS/MP249/2025-2026/173441;WS/MP249/2025-2026/173442;WS/MP249/2025-2026/173443;WS/MP249/2025-2026/173444;WS/MP249/2025-2026/173445;WS/MP249/2025-2026/173446;WS/MP249/2025-2026/173447;WS/MP249/2025-2026/173448;WS/MP249/2025-2026/173449;WS/MP249/2025-2026/173450;WS/MP249/2025-2026/173451
CLUST-00042,33,1,WS/MP18031/2025-2026/152997;WS/MP18031/2025-2026/152998;WS/MP18031/2025-2026/152999;WS/MP18031/2025-2026/153000;WS/MP18031/2025-2026/153089;WS/MP18031/2025-2026/153090;WS/MP18031/2025-2026/153091;WS/MP18031/2025-2026/153092;WS/MP18031/2025-2026/153093;WS/MP18031/2025-2026/153094;WS/MP18031/2025-2026/153095;WS/MP18031/2025-2026/153096;WS/MP18031/2025-2026/153097;WS/MP18031/2025-2026/153127;WS/MP18031/2025-2026/153128;WS/MP18031/2025-2026/153129;WS/MP18031/2025-2026/153130;WS/MP18031/2025-2026/153131;WS/MP18031/2025-2026/153133;WS/MP18031/2025-2026/153135;WS/MP18031/2025-2026/153136;WS/MP18031/2025-2026/153145;WS/MP18031/2025-2026/153146;WS/MP18031/2025-2026/153152;WS/MP18031/2025-2026/153154;WS/MP18031/2025-2026/153155;WS/MP18031/2025-2026/153156;WS/MP18031/2025-2026/153157;WS/MP18031/2025-2026/153158;WS/MP18031/2025-2026/153159;WS/MP18031/2025-2026/153160;WS/MP18031/2025-2026/153161;WS/MP18031/2025-2026/153163
CLUST-00043,33,1,WS/MP18144/2025-2026/199412;WS/MP18144/2025-2026/199413;WS/MP18144/2025-2026/199414;WS/MP18144/2025-2026/199415;WS/MP18144/2025-2026/199416;WS/MP18144/2025-2026/199417;WS/MP18144/2025-2026/199418;WS/MP18144/2025-2026/199419;WS/MP18144/2025-2026/199420;WS/MP18144/2025-2026/199421;WS/MP18144/2025-2026/199422;WS/MP18144/2025-2026/199423;WS/MP18144/2025-2026/199424;WS/MP18144/2025-2026/199425;WS/MP18144/2025-2026/199426;WS/MP18144/2025-2026/199427;WS/MP18144/2025-2026/199428;WS/MP18144/2025-2026/199429;WS/MP18144/2025-2026/199430;WS/MP18144/2025-2026/199431;WS/MP18144/2025-2026/199432;WS/MP18144/2025-2026/199433;WS/MP18144/2025-2026/199434;WS/MP18144/2025-2026/199435;WS/MP18144/2025-2026/199436;WS/MP18144/2025-2026/199437;WS/MP18144/2025-2026/199438;WS/MP18144/2025-2026/199439;WS/MP18144/2025-2026/199440;WS/MP18144/2025-2026/199441;WS/MP18144/2025-2026/199442;WS/MP18144/2025-2026/199443;WS/MP18144/2025-2026/199444
CLUST-00044,33,1,WS/MP655/2025-2026/258075;WS/MP655/2025-2026/258076;WS/MP655/2025-2026/258077;WS/MP655/2025-2026/258084;WS/MP655/2025-2026/258085;WS/MP655/2025-2026/258086;WS/MP655/2025-2026/258087;WS/MP655/2025-2026/258090;WS/MP655/2025-2026/258093;WS/MP655/2025-2026/258095;WS/MP655/2025-2026/258096;WS/MP655/2025-2026/258097;WS/MP655/2025-2026/258098;WS/MP655/2025-2026/258099;WS/MP655/2025-2026/258104;WS/MP655/2025-2026/258105;WS/MP655/2025-2026/258244;WS/MP655/2025-2026/258245;WS/MP655/2025-2026/258246;WS/MP655/2025-2026/258248;WS/MP655/2025-2026/258267;WS/MP655/2025-2026/258295;WS/MP655/2025-2026/258296;WS/MP655/2025-2026/258303;WS/MP655/2025-2026/258304;WS/MP655/2025-2026/258346;WS/MP655/2025-2026/258347;WS/MP655/2025-2026/258349;WS/MP655/2025-2026/258352;WS/MP655/2025-2026/258370;WS/MP655/2025-2026/258391;WS/MP655/2025-2026/258392;WS/MP655/2025-2026/258407
CLUST-00045,32,1,WS/MP18149/2025-2026/182849;WS/MP18149/2025-2026/182868;WS/MP18149/2025-2026/182869;WS/MP18149/2025-2026/182870;WS/MP18149/2025-2026/182871;WS/MP18149/2025-2026/182872;WS/MP18149/2025-2026/182873;WS/MP18149/2025-2026/182874;WS/MP18149/2025-2026/182875;WS/MP18149/2025-2026/182876;WS/MP18149/2025-2026/182877;WS/MP18149/2025-2026/182878;WS/MP18149/2025-2026/182879;WS/MP18149/2025-2026/182880;WS/MP18149/2025-2026/182881;WS/MP18149/2025-2026/182882;WS/MP18149/2025-2026/182883;WS/MP18149/2025-2026/182884;WS/MP18149/2025-2026/182885;WS/MP18149/2025-2026/182886;WS/MP18149/2025-2026/182887;WS/MP18149/2025-2026/182891;WS/MP18149/2025-2026/182892;WS/MP18149/2025-2026/182893;WS/MP18149/2025-2026/182894;WS/MP18149/2025-2026/182895;WS/MP18149/2025-2026/182896;WS/MP18149/2025-2026/182897;WS/MP18149/2025-2026/182898;WS/MP18149/2025-2026/183540;WS/MP18149/2025-2026/183562;WS/MP18149/2025-2026/183940
CLUST-00046,32,1,WS/MP18404/2025-2026/268193;WS/MP18404/2025-2026/268194;WS/MP18404/2025-2026/268195;WS/MP18404/2025-2026/268196;WS/MP18404/2025-2026/268380;WS/MP18404/2025-2026/268197;WS/MP18404/2025-2026/268367;WS/MP18404/2025-2026/268368;WS/MP18404/2025-2026/268370;WS/MP18404/2025-2026/268371;WS/MP18404/2025-2026/268372;WS/MP18404/2025-2026/268373;WS/MP18404/2025-2026/268374;WS/MP18404/2025-2026/268378;WS/MP18404/2025-2026/268379;WS/MP18404/2025-2026/268383;WS/MP18404/2025-2026/268385;WS/MP18404/2025-2026/268395;WS/MP18404/2025-2026/268396;WS/MP18404/2025-2026/268399;WS/MP18404/2025-2026/268400;WS/MP18404/2025-2026/268199;WS/MP18404/2025-2026/268376;WS/MP18404/2025-2026/268382;WS/MP18404/2025-2026/268384;WS/MP18404/2025-2026/268386;WS/MP18404/2025-2026/268398;WS/MP18404/2025-2026/268401;WS/MP18404/2025-2026/268204;WS/MP18404/2025-2026/268377;WS/MP18404/2025-2026/268392;WS/MP18404/2025-2026/268381
CLUST-00047,32,1,WS/MP582/2026-2027/265229;WS/MP582/2026-2027/265230;WS/MP582/2026-2027/265231;WS/MP582/2026-2027/265232;WS/MP582/2026-2027/265233;WS/MP582/2026-2027/265238;WS/MP582/2026-2027/265239;WS/MP582/2026-2027/265240;WS/MP582/2026-2027/265241;WS/MP582/2026-2027/265242;WS/MP582/2026-2027/265557;WS/MP582/2026-2027/265558;WS/MP582/2026-2027/265559;WS/MP582/2026-2027/265560;WS/MP582/2026-2027/265561;WS/MP582/2026-2027/265563;WS/MP582/2026-2027/265564;WS/MP582/2026-2027/265565;WS/MP582/2026-2027/265566;WS/MP582/2026-2027/265567;WS/MP582/2026-2027/265588;WS/MP582/2026-2027/265589;WS/MP582/2026-2027/265590;WS/MP582/2026-2027/265591;WS/MP582/2026-2027/265592;WS/MP582/2026-2027/265609;WS/MP582/2026-2027/265610;WS/MP582/2026-2027/265611;WS/MP582/2026-2027/265663;WS/MP582/2026-2027/265664;WS/MP582/2026-2027/265665;WS/MP582/2026-2027/265666
CLUST-00048,31,1,WS/MP18031/2024-2025/143488;WS/MP18031/2024-2025/143489;WS/MP18031/2024-2025/143490;WS/MP18031/2024-2025/143491;WS/MP18031/2024-2025/143492;WS/MP18031/2024-2025/143512;WS/MP18031/2024-2025/143513;WS/MP18031/2024-2025/143514;WS/MP18031/2024-2025/143515;WS/MP18031/2024-2025/143516;WS/MP18031/2024-2025/143517;WS/MP18031/2024-2025/143518;WS/MP18031/2025-2026/143481;WS/MP18031/2025-2026/143482;WS/MP18031/2025-2026/143483;WS/MP18031/2025-2026/143484;WS/MP18031/2025-2026/143485;WS/MP18031/2025-2026/143486;WS/MP18031/2024-2025/143527;WS/MP18031/2024-2025/143528;WS/MP18031/2024-2025/143529;WS/MP18031/2024-2025/143530;WS/MP18031/2024-2025/143563;WS/MP18031/2024-2025/143564;WS/MP18031/2024-2025/143565;WS/MP18031/2024-2025/143566;WS/MP18031/2024-2025/143571;WS/MP18031/2024-2025/143572;WS/MP18031/2024-2025/143573;WS/MP18031/2024-2025/143574;WS/MP18031/2025-2026/143476
CLUST-00049,31,1,WS/MP18212/2024-2025/161084;WS/MP18212/2024-2025/161085;WS/MP18212/2024-2025/161086;WS/MP18212/2024-2025/161133;WS/MP18212/2024-2025/161134;WS/MP18212/2024-2025/161135;WS/MP18212/2024-2025/161136;WS/MP18212/2024-2025/161137;WS/MP18212/2024-2025/161138;WS/MP18212/2024-2025/161139;WS/MP18212/2024-2025/161140;WS/MP18212/2024-2025/161141;WS/MP18212/2024-2025/161142;WS/MP18212/2024-2025/161143;WS/MP18212/2024-2025/161144;WS/MP18212/2024-2025/161145;WS/MP18212/2024-2025/161146;WS/MP18212/2024-2025/161147;WS/MP18212/2024-2025/161148;WS/MP18212/2024-2025/161149;WS/MP18212/2024-2025/161155;WS/MP18212/2024-2025/161156;WS/MP18212/2024-2025/161157;WS/MP18212/2024-2025/161158;WS/MP18212/2024-2025/161159;WS/MP18212/2024-2025/161160;WS/MP18212/2024-2025/161161;WS/MP18212/2024-2025/161162;WS/MP18212/2024-2025/161163;WS/MP18212/2024-2025/161164;WS/MP18212/2024-2025/161165
CLUST-00050,30,1,WS/MP18126/2025-2026/256590;WS/MP18126/2025-2026/256630;WS/MP18126/2025-2026/256631;WS/MP18126/2025-2026/256632;WS/MP18126/2025-2026/256633;WS/MP18126/2025-2026/256634;WS/MP18126/2025-2026/256635;WS/MP18126/2025-2026/256636;WS/MP18126/2025-2026/256637;WS/MP18126/2025-2026/256638;WS/MP18126/2025-2026/256639;WS/MP18126/2025-2026/256640;WS/MP18126/2025-2026/256641;WS/MP18126/2025-2026/256642;WS/MP18126/2025-2026/256643;WS/MP18126/2025-2026/256644;WS/MP18126/2025-2026/256645;WS/MP18126/2025-2026/256646;WS/MP18126/2025-2026/256647;WS/MP18126/2025-2026/256648;WS/MP18126/2025-2026/256649;WS/MP18126/2025-2026/256650;WS/MP18126/2025-2026/256651;WS/MP18126/2025-2026/256652;WS/MP18126/2025-2026/256653;WS/MP18126/2025-2026/256654;WS/MP18126/2025-2026/256655;WS/MP18126/2025-2026/256656;WS/MP18126/2026-2027/256589;WS/MP18126/2026-2027/256591
CLUST-00051,30,1,WS/MP18311/2026-2027/280920;WS/MP18311/2026-2027/280921;WS/MP18311/2026-2027/280932;WS/MP18311/2026-2027/280953;WS/MP18311/2026-2027/280961;WS/MP18311/2026-2027/280962;WS/MP18311/2026-2027/280963;WS/MP18311/2026-2027/280966;WS/MP18311/2026-2027/280967;WS/MP18311/2026-2027/280976;WS/MP18311/2026-2027/280977;WS/MP18311/2026-2027/280987;WS/MP18311/2026-2027/280988;WS/MP18311/2026-2027/281016;WS/MP18311/2026-2027/281018;WS/MP18311/2026-2027/281022;WS/MP18311/2026-2027/281023;WS/MP18311/2026-2027/281035;WS/MP18311/2026-2027/281036;WS/MP18311/2026-2027/281038;WS/MP18311/2026-2027/287161;WS/MP18311/2026-2027/287163;WS/MP18311/2026-2027/287172;WS/MP18311/2026-2027/287173;WS/MP18311/2026-2027/287174;WS/MP18311/2026-2027/287175;WS/MP18311/2026-2027/287176;WS/MP18311/2026-2027/287180;WS/MP18311/2026-2027/287209;WS/MP18311/2026-2027/287236
CLUST-00052,29,1,WS/MP18035/2025-2026/237521;WS/MP18035/2025-2026/237522;WS/MP18035/2025-2026/237523;WS/MP18035/2025-2026/237524;WS/MP18035/2025-2026/237525;WS/MP18035/2025-2026/237526;WS/MP18035/2025-2026/237527;WS/MP18035/2025-2026/237528;WS/MP18035/2025-2026/237530;WS/MP18035/2025-2026/237531;WS/MP18035/2025-2026/238656;WS/MP18035/2025-2026/238657;WS/MP18035/2025-2026/238658;WS/MP18035/2025-2026/238659;WS/MP18035/2025-2026/238661;WS/MP18035/2025-2026/238662;WS/MP18035/2025-2026/238663;WS/MP18035/2025-2026/238665;WS/MP18035/2025-2026/238666;WS/MP18035/2025-2026/238667;WS/MP18035/2025-2026/238668;WS/MP18035/2025-2026/238669;WS/MP18035/2025-2026/238670;WS/MP18035/2025-2026/238680;WS/MP18035/2025-2026/238681;WS/MP18035/2025-2026/238682;WS/MP18035/2025-2026/238683;WS/MP18035/2025-2026/238684;WS/MP18035/2026-2027/238660
CLUST-00053,29,1,WS/MP18126/2025-2026/236184;WS/MP18126/2025-2026/236185;WS/MP18126/2025-2026/236186;WS/MP18126/2025-2026/236187;WS/MP18126/2025-2026/236188;WS/MP18126/2025-2026/236189;WS/MP18126/2025-2026/236190;WS/MP18126/2025-2026/236191;WS/MP18126/2025-2026/236192;WS/MP18126/2025-2026/236193;WS/MP18126/2025-2026/236194;WS/MP18126/2025-2026/236195;WS/MP18126/2025-2026/236196;WS/MP18126/2025-2026/236197;WS/MP18126/2025-2026/236198;WS/MP18126/2025-2026/236199;WS/MP18126/2025-2026/236200;WS/MP18126/2025-2026/236201;WS/MP18126/2025-2026/236202;WS/MP18126/2025-2026/236203;WS/MP18126/2025-2026/236204;WS/MP18126/2025-2026/236205;WS/MP18126/2025-2026/236206;WS/MP18126/2025-2026/236207;WS/MP18126/2025-2026/236208;WS/MP18126/2025-2026/236209;WS/MP18126/2025-2026/236210;WS/MP18126/2025-2026/236211;WS/MP18126/2025-2026/236212
CLUST-00054,29,1,WS/MP18153/2025-2026/205280;WS/MP18153/2025-2026/205281;WS/MP18153/2025-2026/205282;WS/MP18153/2025-2026/205283;WS/MP18153/2025-2026/205284;WS/MP18153/2025-2026/205285;WS/MP18153/2025-2026/205286;WS/MP18153/2025-2026/205287;WS/MP18153/2025-2026/205288;WS/MP18153/2025-2026/205289;WS/MP18153/2025-2026/205290;WS/MP18153/2025-2026/205291;WS/MP18153/2025-2026/205292;WS/MP18153/2025-2026/205293;WS/MP18153/2025-2026/205294;WS/MP18153/2025-2026/205295;WS/MP18153/2025-2026/205296;WS/MP18153/2025-2026/205297;WS/MP18153/2025-2026/205298;WS/MP18153/2025-2026/205299;WS/MP18153/2025-2026/205300;WS/MP18153/2025-2026/205301;WS/MP18153/2025-2026/205302;WS/MP18153/2025-2026/205303;WS/MP18153/2025-2026/205304;WS/MP18153/2025-2026/205305;WS/MP18153/2025-2026/205306;WS/MP18153/2025-2026/205307;WS/MP18153/2025-2026/205308
CLUST-00055,27,1,WS/MP18152/2025-2026/239631;WS/MP18152/2025-2026/239743;WS/MP18152/2025-2026/239744;WS/MP18152/2025-2026/239760;WS/MP18152/2025-2026/239761;WS/MP18152/2025-2026/239762;WS/MP18152/2025-2026/241141;WS/MP18152/2025-2026/250145;WS/MP18152/2025-2026/250146;WS/MP18152/2025-2026/250147;WS/MP18152/2025-2026/250152;WS/MP18152/2025-2026/250153;WS/MP18152/2025-2026/250154;WS/MP18152/2025-2026/250200;WS/MP18152/2025-2026/250201;WS/MP18152/2025-2026/250202;WS/MP18152/2025-2026/250203;WS/MP18152/2025-2026/250520;WS/MP18152/2025-2026/250521;WS/MP18152/2025-2026/250522;WS/MP18152/2025-2026/250523;WS/MP18152/2025-2026/250524;WS/MP18152/2025-2026/250525;WS/MP18152/2025-2026/258311;WS/MP18152/2025-2026/258312;WS/MP18152/2025-2026/258313;WS/MP18152/2025-2026/258326
CLUST-00056,27,1,WS/MP356/2024-2025/137829;WS/MP356/2024-2025/137836;WS/MP356/2024-2025/137837;WS/MP356/2024-2025/137838;WS/MP356/2024-2025/137839;WS/MP356/2024-2025/137840;WS/MP356/2024-2025/137841;WS/MP356/2024-2025/137842;WS/MP356/2024-2025/137865;WS/MP356/2024-2025/137866;WS/MP356/2024-2025/137867;WS/MP356/2024-2025/137868;WS/MP356/2024-2025/137869;WS/MP356/2024-2025/137870;WS/MP356/2024-2025/137871;WS/MP356/2024-2025/137872;WS/MP356/2024-2025/137873;WS/MP356/2024-2025/137874;WS/MP356/2024-2025/137875;WS/MP356/2024-2025/137876;WS/MP356/2024-2025/137877;WS/MP356/2024-2025/137878;WS/MP356/2024-2025/137879;WS/MP356/2024-2025/137880;WS/MP356/2024-2025/137881;WS/MP356/2024-2025/137882;WS/MP356/2024-2025/137883
CLUST-00057,27,1,WS/MP787/2024-2025/157700;WS/MP787/2024-2025/157701;WS/MP787/2024-2025/157702;WS/MP787/2024-2025/157703;WS/MP787/2024-2025/157704;WS/MP787/2024-2025/157705;WS/MP787/2024-2025/157706;WS/MP787/2024-2025/157707;WS/MP787/2024-2025/157708;WS/MP787/2024-2025/157709;WS/MP787/2024-2025/157710;WS/MP787/2024-2025/157711;WS/MP787/2024-2025/157712;WS/MP787/2024-2025/157713;WS/MP787/2024-2025/157714;WS/MP787/2024-2025/157715;WS/MP787/2024-2025/157716;WS/MP787/2024-2025/157717;WS/MP787/2024-2025/157718;WS/MP787/2024-2025/157719;WS/MP787/2024-2025/157720;WS/MP787/2024-2025/157721;WS/MP787/2024-2025/157722;WS/MP787/2024-2025/157723;WS/MP787/2024-2025/157724;WS/MP787/2024-2025/157725;WS/MP787/2024-2025/157726
CLUST-00058,26,1,WS/MP18102/2026-2027/298708;WS/MP18102/2026-2027/298710;WS/MP18102/2026-2027/298711;WS/MP18102/2026-2027/298713;WS/MP18102/2026-2027/298714;WS/MP18102/2026-2027/298715;WS/MP18102/2026-2027/298716;WS/MP18102/2026-2027/298718;WS/MP18102/2026-2027/298719;WS/MP18102/2026-2027/298726;WS/MP18102/2026-2027/298727;WS/MP18102/2026-2027/298731;WS/MP18102/2026-2027/298732;WS/MP18102/2026-2027/298733;WS/MP18102/2026-2027/298734;WS/MP18102/2026-2027/298735;WS/MP18102/2026-2027/298736;WS/MP18102/2026-2027/298737;WS/MP18102/2026-2027/299489;WS/MP18102/2026-2027/299491;WS/MP18102/2026-2027/299492;WS/MP18102/2026-2027/299493;WS/MP18102/2026-2027/299496;WS/MP18102/2026-2027/299499;WS/MP18102/2026-2027/299500;WS/MP18102/2026-2027/299502
CLUST-00059,26,1,WS/MP643/2025-2026/208694;WS/MP643/2025-2026/208695;WS/MP643/2025-2026/208696;WS/MP643/2025-2026/208697;WS/MP643/2025-2026/208698;WS/MP643/2025-2026/208699;WS/MP643/2025-2026/208700;WS/MP643/2025-2026/208701;WS/MP643/2025-2026/208702;WS/MP643/2025-2026/208703;WS/MP643/2025-2026/208704;WS/MP643/2025-2026/208705;WS/MP643/2025-2026/208706;WS/MP643/2025-2026/208707;WS/MP643/2025-2026/208708;WS/MP643/2025-2026/208709;WS/MP643/2025-2026/208710;WS/MP643/2025-2026/208711;WS/MP643/2025-2026/208712;WS/MP643/2025-2026/208713;WS/MP643/2025-2026/208714;WS/MP643/2025-2026/208715;WS/MP643/2025-2026/208716;WS/MP643/2025-2026/208717;WS/MP643/2025-2026/208718;WS/MP643/2025-2026/208719
CLUST-00060,25,1,WS/MP18240/2025-2026/246508;WS/MP18240/2025-2026/246509;WS/MP18240/2025-2026/246511;WS/MP18240/2025-2026/246512;WS/MP18240/2025-2026/246513;WS/MP18240/2025-2026/246514;WS/MP18240/2025-2026/246516;WS/MP18240/2025-2026/246517;WS/MP18240/2025-2026/246518;WS/MP18240/2025-2026/246519;WS/MP18240/2025-2026/246521;WS/MP18240/2025-2026/246523;WS/MP18240/2025-2026/246524;WS/MP18240/2025-2026/246528;WS/MP18240/2025-2026/246529;WS/MP18240/2025-2026/246530;WS/MP18240/2025-2026/246531;WS/MP18240/2025-2026/246534;WS/MP18240/2025-2026/246538;WS/MP18240/2025-2026/246539;WS/MP18240/2025-2026/246541;WS/MP18240/2025-2026/246544;WS/MP18240/2025-2026/246545;WS/MP18240/2025-2026/246551;WS/MP18240/2025-2026/246556
CLUST-00061,25,1,WS/MP18309/2025-2026/233167;WS/MP18309/2025-2026/233168;WS/MP18309/2025-2026/233169;WS/MP18309/2025-2026/233170;WS/MP18309/2025-2026/233171;WS/MP18309/2025-2026/233172;WS/MP18309/2025-2026/233173;WS/MP18309/2025-2026/233174;WS/MP18309/2025-2026/233175;WS/MP18309/2025-2026/233176;WS/MP18309/2025-2026/233177;WS/MP18309/2025-2026/233178;WS/MP18309/2025-2026/233179;WS/MP18309/2025-2026/233180;WS/MP18309/2025-2026/233181;WS/MP18309/2025-2026/233182;WS/MP18309/2025-2026/233183;WS/MP18309/2025-2026/233184;WS/MP18309/2025-2026/233185;WS/MP18309/2025-2026/233186;WS/MP18309/2025-2026/233187;WS/MP18309/2025-2026/233188;WS/MP18309/2025-2026/233189;WS/MP18309/2025-2026/233190;WS/MP18309/2025-2026/233191
CLUST-00062,25,1,WS/MP249/2025-2026/188789;WS/MP249/2025-2026/188790;WS/MP249/2025-2026/188791;WS/MP249/2025-2026/188792;WS/MP249/2025-2026/188793;WS/MP249/2025-2026/188794;WS/MP249/2025-2026/188795;WS/MP249/2025-2026/188796;WS/MP249/2025-2026/188797;WS/MP249/2025-2026/188798;WS/MP249/2025-2026/188799;WS/MP249/2025-2026/188800;WS/MP249/2025-2026/188801;WS/MP249/2025-2026/188802;WS/MP249/2025-2026/188803;WS/MP249/2025-2026/188804;WS/MP249/2025-2026/188805;WS/MP249/2025-2026/188806;WS/MP249/2025-2026/188807;WS/MP249/2025-2026/188808;WS/MP249/2025-2026/188809;WS/MP249/2025-2026/188810;WS/MP249/2025-2026/188811;WS/MP249/2025-2026/188812;WS/MP249/2025-2026/188813
CLUST-00063,25,1,WS/MP443/2026-2027/237293;WS/MP443/2026-2027/237294;WS/MP443/2026-2027/237295;WS/MP443/2026-2027/237296;WS/MP443/2026-2027/237297;WS/MP443/2026-2027/237298;WS/MP443/2026-2027/237299;WS/MP443/2026-2027/237327;WS/MP443/2026-2027/237328;WS/MP443/2026-2027/237329;WS/MP443/2026-2027/237331;WS/MP443/2026-2027/237332;WS/MP443/2026-2027/237333;WS/MP443/2026-2027/237334;WS/MP443/2026-2027/237335;WS/MP443/2026-2027/237336;WS/MP443/2026-2027/237337;WS/MP443/2026-2027/237338;WS/MP443/2026-2027/237339;WS/MP443/2026-2027/237340;WS/MP443/2026-2027/237341;WS/MP443/2026-2027/237342;WS/MP443/2026-2027/237343;WS/MP443/2026-2027/237344;WS/MP443/2026-2027/237345
CLUST-00064,25,1,WS/MP443/2026-2027/237382;WS/MP443/2026-2027/237383;WS/MP443/2026-2027/237384;WS/MP443/2026-2027/237385;WS/MP443/2026-2027/237386;WS/MP443/2026-2027/237387;WS/MP443/2026-2027/237410;WS/MP443/2026-2027/237411;WS/MP443/2026-2027/237412;WS/MP443/2026-2027/237413;WS/MP443/2026-2027/237414;WS/MP443/2026-2027/237415;WS/MP443/2026-2027/237416;WS/MP443/2026-2027/237417;WS/MP443/2026-2027/237418;WS/MP443/2026-2027/237419;WS/MP443/2026-2027/237420;WS/MP443/2026-2027/237421;WS/MP443/2026-2027/237422;WS/MP443/2026-2027/237423;WS/MP443/2026-2027/237424;WS/MP443/2026-2027/237425;WS/MP443/2026-2027/237426;WS/MP443/2026-2027/237427;WS/MP443/2026-2027/237428
CLUST-00065,24,1,WS/MP18038/2025-2026/239438;WS/MP18038/2025-2026/239440;WS/MP18038/2025-2026/239441;WS/MP18038/2025-2026/239442;WS/MP18038/2025-2026/239445;WS/MP18038/2025-2026/239446;WS/MP18038/2025-2026/239447;WS/MP18038/2025-2026/239448;WS/MP18038/2025-2026/239449;WS/MP18038/2025-2026/239450;WS/MP18038/2025-2026/239451;WS/MP18038/2025-2026/239452;WS/MP18038/2025-2026/239453;WS/MP18038/2025-2026/239455;WS/MP18038/2025-2026/239456;WS/MP18038/2025-2026/239457;WS/MP18038/2025-2026/239458;WS/MP18038/2025-2026/239459;WS/MP18038/2025-2026/239460;WS/MP18038/2025-2026/239462;WS/MP18038/2025-2026/239463;WS/MP18038/2025-2026/239464;WS/MP18038/2025-2026/239467;WS/MP18038/2025-2026/239469
CLUST-00066,24,1,WS/MP18102/2025-2026/210481;WS/MP18102/2025-2026/210482;WS/MP18102/2025-2026/210483;WS/MP18102/2025-2026/210484;WS/MP18102/2025-2026/210485;WS/MP18102/2025-2026/210486;WS/MP18102/2025-2026/210488;WS/MP18102/2025-2026/210489;WS/MP18102/2025-2026/210490;WS/MP18102/2025-2026/210492;WS/MP18102/2025-2026/210493;WS/MP18102/2025-2026/210494;WS/MP18102/2025-2026/210498;WS/MP18102/2025-2026/210499;WS/MP18102/2025-2026/210500;WS/MP18102/2025-2026/210501;WS/MP18102/2025-2026/210502;WS/MP18102/2025-2026/210503;WS/MP18102/2025-2026/210872;WS/MP18102/2025-2026/210874;WS/MP18102/2025-2026/210875;WS/MP18102/2025-2026/210878;WS/MP18102/2025-2026/210879;WS/MP18102/2025-2026/210880
CLUST-00067,24,1,WS/MP18246/2025-2026/178602;WS/MP18246/2025-2026/178603;WS/MP18246/2025-2026/178604;WS/MP18246/2025-2026/178605;WS/MP18246/2025-2026/178606;WS/MP18246/2025-2026/178613;WS/MP18246/2025-2026/178641;WS/MP18246/2025-2026/178640;WS/MP18246/2025-2026/178607;WS/MP18246/2025-2026/178608;WS/MP18246/2025-2026/178609;WS/MP18246/2025-2026/178610;WS/MP18246/2025-2026/178611;WS/MP18246/2025-2026/178612;WS/MP18246/2025-2026/178642;WS/MP18246/2025-2026/178630;WS/MP18246/2025-2026/178632;WS/MP18246/2025-2026/178635;WS/MP18246/2025-2026/178638;WS/MP18246/2025-2026/178639;WS/MP18246/2025-2026/178643;WS/MP18246/2025-2026/178615;WS/MP18246/2025-2026/178636;WS/MP18246/2025-2026/178637
CLUST-00068,24,1,WS/MP18314/2025-2026/219171;WS/MP18314/2025-2026/219183;WS/MP18314/2025-2026/219187;WS/MP18314/2025-2026/219189;WS/MP18314/2025-2026/219190;WS/MP18314/2025-2026/219194;WS/MP18314/2025-2026/219611;WS/MP18314/2025-2026/219186;WS/MP18314/2025-2026/219180;WS/MP18314/2025-2026/219614;WS/MP18314/2025-2026/219181;WS/MP18314/2025-2026/219182;WS/MP18314/2025-2026/219184;WS/MP18314/2025-2026/219185;WS/MP18314/2025-2026/219188;WS/MP18314/2025-2026/219385;WS/MP18314/2025-2026/219172;WS/MP18314/2025-2026/219177;WS/MP18314/2025-2026/219594;WS/MP18314/2025-2026/219175;WS/MP18314/2025-2026/219176;WS/MP18314/2025-2026/219178;WS/MP18314/2025-2026/219179;WS/MP18314/2025-2026/219610
CLUST-00069,24,1,WS/MP481/2026-2027/251397;WS/MP481/2026-2027/251398;WS/MP481/2026-2027/251399;WS/MP481/2026-2027/251400;WS/MP481/2026-2027/251401;WS/MP481/2026-2027/251402;WS/MP481/2026-2027/251403;WS/MP481/2026-2027/251404;WS/MP481/2026-2027/251405;WS/MP481/2026-2027/251406;WS/MP481/2026-2027/251407;WS/MP481/2026-2027/251408;WS/MP481/2026-2027/251409;WS/MP481/2026-2027/251410;WS/MP481/2026-2027/251411;WS/MP481/2026-2027/251412;WS/MP481/2026-2027/251413;WS/MP481/2026-2027/251414;WS/MP481/2026-2027/251415;WS/MP481/2026-2027/251416;WS/MP481/2026-2027/251417;WS/MP481/2026-2027/251418;WS/MP481/2026-2027/251419;WS/MP481/2026-2027/251420
CLUST-00070,23,1,WS/MP18162/2025-2026/195042;WS/MP18162/2025-2026/195046;WS/MP18162/2025-2026/195048;WS/MP18162/2025-2026/195049;WS/MP18162/2025-2026/195051;WS/MP18162/2025-2026/195061;WS/MP18162/2025-2026/195066;WS/MP18162/2025-2026/195080;WS/MP18162/2025-2026/195281;WS/MP18162/2025-2026/195282;WS/MP18162/2025-2026/195283;WS/MP18162/2025-2026/200623;WS/MP18162/2025-2026/200624;WS/MP18162/2025-2026/200626;WS/MP18162/2025-2026/200627;WS/MP18162/2025-2026/201364;WS/MP18162/2025-2026/201365;WS/MP18162/2025-2026/201366;WS/MP18162/2025-2026/201367;WS/MP18162/2025-2026/201368;WS/MP18162/2025-2026/201369;WS/MP18162/2025-2026/201372;WS/MP18162/2025-2026/201375
CLUST-00071,23,1,WS/MP18276/2025-2026/184820;WS/MP18276/2025-2026/184821;WS/MP18276/2025-2026/184822;WS/MP18276/2025-2026/184823;WS/MP18276/2025-2026/184824;WS/MP18276/2025-2026/184825;WS/MP18276/2025-2026/184826;WS/MP18276/2025-2026/184827;WS/MP18276/2025-2026/184828;WS/MP18276/2025-2026/184829;WS/MP18276/2025-2026/184830;WS/MP18276/2025-2026/184831;WS/MP18276/2025-2026/184832;WS/MP18276/2025-2026/184833;WS/MP18276/2025-2026/184834;WS/MP18276/2025-2026/184835;WS/MP18276/2025-2026/184836;WS/MP18276/2025-2026/184837;WS/MP18276/2025-2026/184838;WS/MP18276/2025-2026/184839;WS/MP18276/2025-2026/184943;WS/MP18276/2025-2026/184944;WS/MP18276/2025-2026/184945
CLUST-00072,23,1,WS/MP444/2026-2027/282299;WS/MP444/2026-2027/282300;WS/MP444/2026-2027/282301;WS/MP444/2026-2027/282302;WS/MP444/2026-2027/282303;WS/MP444/2026-2027/282304;WS/MP444/2026-2027/282305;WS/MP444/2026-2027/282306;WS/MP444/2026-2027/282307;WS/MP444/2026-2027/282308;WS/MP444/2026-2027/282309;WS/MP444/2026-2027/282310;WS/MP444/2026-2027/282311;WS/MP444/2026-2027/282312;WS/MP444/2026-2027/282313;WS/MP444/2026-2027/282314;WS/MP444/2026-2027/282315;WS/MP444/2026-2027/282316;WS/MP444/2026-2027/282317;WS/MP444/2026-2027/282318;WS/MP444/2026-2027/282319;WS/MP444/2026-2027/282320;WS/MP444/2026-2027/282321
CLUST-00073,22,1,WS/MP18153/2025-2026/187305;WS/MP18153/2025-2026/187306;WS/MP18153/2025-2026/187307;WS/MP18153/2025-2026/187308;WS/MP18153/2025-2026/187309;WS/MP18153/2025-2026/187310;WS/MP18153/2025-2026/187311;WS/MP18153/2025-2026/187312;WS/MP18153/2025-2026/187313;WS/MP18153/2025-2026/187314;WS/MP18153/2025-2026/187315;WS/MP18153/2025-2026/187316;WS/MP18153/2025-2026/187317;WS/MP18153/2025-2026/187318;WS/MP18153/2025-2026/187319;WS/MP18153/2025-2026/187320;WS/MP18153/2025-2026/187322;WS/MP18153/2025-2026/187323;WS/MP18153/2025-2026/187324;WS/MP18153/2025-2026/187325;WS/MP18153/2025-2026/187326;WS/MP18153/2025-2026/187327
CLUST-00074,22,1,WS/MP18208/2025-2026/194531;WS/MP18208/2025-2026/194532;WS/MP18208/2025-2026/194533;WS/MP18208/2025-2026/194535;WS/MP18208/2025-2026/194536;WS/MP18208/2025-2026/194538;WS/MP18208/2025-2026/194537;WS/MP18208/2025-2026/194540;WS/MP18208/2025-2026/194541;WS/MP18208/2025-2026/194542;WS/MP18208/2025-2026/194569;WS/MP18208/2025-2026/194543;WS/MP18208/2025-2026/194552;WS/MP18208/2025-2026/194567;WS/MP18208/2025-2026/194544;WS/MP18208/2025-2026/194550;WS/MP18208/2025-2026/194553;WS/MP18208/2025-2026/194566;WS/MP18208/2025-2026/194554;WS/MP18208/2025-2026/194563;WS/MP18208/2025-2026/194564;WS/MP18208/2025-2026/194565
CLUST-00075,22,1,WS/MP18271/2026-2027/233042;WS/MP18271/2026-2027/233044;WS/MP18271/2026-2027/233047;WS/MP18271/2026-2027/233073;WS/MP18271/2026-2027/233075;WS/MP18271/2026-2027/233076;WS/MP18271/2026-2027/233078;WS/MP18271/2026-2027/233544;WS/MP18271/2026-2027/233074;WS/MP18271/2026-2027/233080;WS/MP18271/2026-2027/233542;WS/MP18271/2026-2027/233543;WS/MP18271/2026-2027/234737;WS/MP18271/2026-2027/233081;WS/MP18271/2026-2027/233541;WS/MP18271/2026-2027/234738;WS/MP18271/2026-2027/233082;WS/MP18271/2026-2027/233540;WS/MP18271/2026-2027/233083;WS/MP18271/2026-2027/233539;WS/MP18271/2026-2027/233084;WS/MP18271/2026-2027/233085
CLUST-00076,22,1,WS/MP422/2025-2026/199190;WS/MP422/2025-2026/199191;WS/MP422/2025-2026/199192;WS/MP422/2025-2026/199193;WS/MP422/2025-2026/199194;WS/MP422/2025-2026/199195;WS/MP422/2025-2026/199196;WS/MP422/2025-2026/199197;WS/MP422/2025-2026/199198;WS/MP422/2025-2026/199199;WS/MP422/2025-2026/199200;WS/MP422/2025-2026/199201;WS/MP422/2025-2026/199202;WS/MP422/2025-2026/199204;WS/MP422/2025-2026/199208;WS/MP422/2025-2026/199209;WS/MP422/2025-2026/199210;WS/MP422/2025-2026/199211;WS/MP422/2025-2026/199212;WS/MP422/2025-2026/199214;WS/MP422/2025-2026/199215;WS/MP422/2025-2026/227350
CLUST-00077,22,1,WS/MP498/2025-2026/231658;WS/MP498/2025-2026/231659;WS/MP498/2025-2026/231660;WS/MP498/2025-2026/231661;WS/MP498/2025-2026/231662;WS/MP498/2025-2026/231663;WS/MP498/2025-2026/231664;WS/MP498/2025-2026/231665;WS/MP498/2025-2026/231666;WS/MP498/2025-2026/231667;WS/MP498/2025-2026/231668;WS/MP498/2025-2026/231669;WS/MP498/2025-2026/231670;WS/MP498/2025-2026/231671;WS/MP498/2025-2026/231672;WS/MP498/2025-2026/231673;WS/MP498/2025-2026/231674;WS/MP498/2025-2026/231675;WS/MP498/2025-2026/231676;WS/MP498/2025-2026/231677;WS/MP498/2025-2026/231678;WS/MP498/2025-2026/231679
CLUST-00078,22,1,WS/MP544/2025-2026/155249;WS/MP544/2025-2026/155453;WS/MP544/2025-2026/155497;WS/MP544/2025-2026/158269;WS/MP544/2025-2026/176644;WS/MP544/2025-2026/176648;WS/MP544/2025-2026/155450;WS/MP544/2025-2026/158264;WS/MP544/2025-2026/158270;WS/MP544/2025-2026/155454;WS/MP544/2025-2026/158258;WS/MP544/2025-2026/158255;WS/MP544/2025-2026/158257;WS/MP544/2025-2026/158248;WS/MP544/2025-2026/158250;WS/MP544/2025-2026/158276;WS/MP544/2025-2026/158279;WS/MP544/2025-2026/158284;WS/MP544/2025-2026/158252;WS/MP544/2025-2026/158277;WS/MP544/2025-2026/158281;WS/MP544/2025-2026/158283
CLUST-00079,22,1,WS/MP582/2025-2026/167746;WS/MP582/2025-2026/205717;WS/MP582/2025-2026/205777;WS/MP582/2025-2026/213221;WS/MP582/2025-2026/213222;WS/MP582/2025-2026/215534;WS/MP582/2025-2026/215536;WS/MP582/2025-2026/215537;WS/MP582/2025-2026/215538;WS/MP582/2025-2026/215540;WS/MP582/2025-2026/215543;WS/MP582/2025-2026/220103;WS/MP582/2025-2026/220111;WS/MP582/2025-2026/220113;WS/MP582/2025-2026/226843;WS/MP582/2025-2026/226838;WS/MP582/2025-2026/239523;WS/MP582/2025-2026/239524;WS/MP582/2025-2026/239531;WS/MP582/2025-2026/239532;WS/MP582/2025-2026/226861;WS/MP582/2025-2026/240737
CLUST-00080,21,1,WS/MP18041/2024-2025/142733;WS/MP18041/2024-2025/142799;WS/MP18041/2024-2025/143089;WS/MP18041/2024-2025/143094;WS/MP18041/2024-2025/143095;WS/MP18041/2024-2025/143126;WS/MP18041/2024-2025/142798;WS/MP18041/2024-2025/143120;WS/MP18041/2024-2025/143148;WS/MP18041/2024-2025/143088;WS/MP18041/2024-2025/143090;WS/MP18041/2024-2025/143093;WS/MP18041/2024-2025/143121;WS/MP18041/2024-2025/143122;WS/MP18041/2024-2025/142797;WS/MP18041/2024-2025/142800;WS/MP18041/2024-2025/143477;WS/MP18041/2024-2025/143096;WS/MP18041/2024-2025/143128;WS/MP18041/2024-2025/143141;WS/MP18041/2024-2025/143125
CLUST-00081,21,1,WS/MP18108/2026-2027/287213;WS/MP18108/2026-2027/287214;WS/MP18108/2026-2027/287215;WS/MP18108/2026-2027/287216;WS/MP18108/2026-2027/287217;WS/MP18108/2026-2027/287218;WS/MP18108/2026-2027/287219;WS/MP18108/2026-2027/287220;WS/MP18108/2026-2027/287221;WS/MP18108/2026-2027/287223;WS/MP18108/2026-2027/287224;WS/MP18108/2026-2027/287225;WS/MP18108/2026-2027/287226;WS/MP18108/2026-2027/288337;WS/MP18108/2026-2027/288338;WS/MP18108/2026-2027/288339;WS/MP18108/2026-2027/288545;WS/MP18108/2026-2027/288546;WS/MP18108/2026-2027/288582;WS/MP18108/2026-2027/288583;WS/MP18108/2026-2027/287222
CLUST-00082,21,1,WS/MP18126/2026-2027/267180;WS/MP18126/2026-2027/267181;WS/MP18126/2026-2027/267182;WS/MP18126/2026-2027/267183;WS/MP18126/2026-2027/267184;WS/MP18126/2026-2027/267185;WS/MP18126/2026-2027/267186;WS/MP18126/2026-2027/267187;WS/MP18126/2026-2027/267188;WS/MP18126/2026-2027/267189;WS/MP18126/2026-2027/267190;WS/MP18126/2026-2027/267191;WS/MP18126/2026-2027/267192;WS/MP18126/2026-2027/267193;WS/MP18126/2026-2027/267194;WS/MP18126/2026-2027/267195;WS/MP18126/2026-2027/267196;WS/MP18126/2026-2027/267197;WS/MP18126/2026-2027/267198;WS/MP18126/2026-2027/267199;WS/MP18126/2026-2027/270174
CLUST-00083,21,1,WS/MP18205/2024-2025/148575;WS/MP18205/2024-2025/148576;WS/MP18205/2024-2025/148577;WS/MP18205/2024-2025/148578;WS/MP18205/2024-2025/148579;WS/MP18205/2024-2025/148580;WS/MP18205/2024-2025/148581;WS/MP18205/2024-2025/148583;WS/MP18205/2024-2025/148584;WS/MP18205/2024-2025/148585;WS/MP18205/2024-2025/148586;WS/MP18205/2024-2025/148587;WS/MP18205/2024-2025/148588;WS/MP18205/2024-2025/148589;WS/MP18205/2024-2025/148591;WS/MP18205/2024-2025/148592;WS/MP18205/2024-2025/148593;WS/MP18205/2024-2025/148594;WS/MP18205/2024-2025/148595;WS/MP18205/2024-2025/148596;WS/MP18205/2024-2025/148597
CLUST-00084,21,1,WS/MP18245/2026-2027/199087;WS/MP18245/2026-2027/292049;WS/MP18245/2026-2027/294297;WS/MP18245/2026-2027/294304;WS/MP18245/2026-2027/292050;WS/MP18245/2026-2027/294300;WS/MP18245/2026-2027/294311;WS/MP18245/2026-2027/294294;WS/MP18245/2026-2027/294295;WS/MP18245/2026-2027/294293;WS/MP18245/2026-2027/294302;WS/MP18245/2026-2027/294303;WS/MP18245/2026-2027/294305;WS/MP18245/2026-2027/294309;WS/MP18245/2026-2027/300701;WS/MP18245/2026-2027/294296;WS/MP18245/2026-2027/294310;WS/MP18245/2026-2027/294301;WS/MP18245/2026-2027/294299;WS/MP18245/2026-2027/294307;WS/MP18245/2026-2027/300702
CLUST-00085,21,1,WS/MP18278/2025-2026/228558;WS/MP18278/2025-2026/228559;WS/MP18278/2025-2026/228564;WS/MP18278/2025-2026/228565;WS/MP18278/2025-2026/228566;WS/MP18278/2025-2026/228567;WS/MP18278/2025-2026/228568;WS/MP18278/2025-2026/228569;WS/MP18278/2025-2026/228570;WS/MP18278/2025-2026/228574;WS/MP18278/2025-2026/228575;WS/MP18278/2025-2026/228577;WS/MP18278/2025-2026/228578;WS/MP18278/2025-2026/228579;WS/MP18278/2025-2026/228580;WS/MP18278/2025-2026/228582;WS/MP18278/2025-2026/228583;WS/MP18278/2025-2026/228584;WS/MP18278/2025-2026/228585;WS/MP18278/2025-2026/228591;WS/MP18278/2025-2026/228560
CLUST-00086,20,1,WS/MP18036/2025-2026/206158;WS/MP18036/2025-2026/206159;WS/MP18036/2025-2026/206160;WS/MP18036/2025-2026/206161;WS/MP18036/2025-2026/206162;WS/MP18036/2025-2026/206163;WS/MP18036/2025-2026/206164;WS/MP18036/2025-2026/206165;WS/MP18036/2025-2026/206166;WS/MP18036/2025-2026/206167;WS/MP18036/2025-2026/206168;WS/MP18036/2025-2026/206169;WS/MP18036/2025-2026/206170;WS/MP18036/2025-2026/206171;WS/MP18036/2025-2026/206192;WS/MP18036/2025-2026/206197;WS/MP18036/2025-2026/206199;WS/MP18036/2025-2026/206200;WS/MP18036/2025-2026/206204;WS/MP18036/2025-2026/206206
CLUST-00087,20,1,WS/MP18175/2025-2026/210960;WS/MP18175/2025-2026/210961;WS/MP18175/2025-2026/210962;WS/MP18175/2025-2026/210963;WS/MP18175/2025-2026/210964;WS/MP18175/2025-2026/210965;WS/MP18175/2025-2026/210966;WS/MP18175/2025-2026/210967;WS/MP18175/2025-2026/210968;WS/MP18175/2025-2026/210969;WS/MP18175/2025-2026/210984;WS/MP18175/2025-2026/210977;WS/MP18175/2025-2026/210978;WS/MP18175/2025-2026/210979;WS/MP18175/2025-2026/210980;WS/MP18175/2025-2026/210981;WS/MP18175/2025-2026/210982;WS/MP18175/2025-2026/210983;WS/MP18175/2025-2026/210985;WS/MP18175/2025-2026/210986
CLUST-00088,20,1,WS/MP18212/2024-2025/158836;WS/MP18212/2024-2025/158837;WS/MP18212/2024-2025/158838;WS/MP18212/2024-2025/158839;WS/MP18212/2024-2025/158840;WS/MP18212/2024-2025/158841;WS/MP18212/2024-2025/158842;WS/MP18212/2024-2025/158843;WS/MP18212/2024-2025/158844;WS/MP18212/2024-2025/158845;WS/MP18212/2024-2025/158846;WS/MP18212/2024-2025/158847;WS/MP18212/2024-2025/158848;WS/MP18212/2024-2025/161117;WS/MP18212/2024-2025/161118;WS/MP18212/2024-2025/161119;WS/MP18212/2024-2025/161120;WS/MP18212/2024-2025/161121;WS/MP18212/2024-2025/161122;WS/MP18212/2024-2025/161123
CLUST-00089,20,1,WS/MP18276/2025-2026/184843;WS/MP18276/2025-2026/184844;WS/MP18276/2025-2026/184845;WS/MP18276/2025-2026/184846;WS/MP18276/2025-2026/184847;WS/MP18276/2025-2026/184848;WS/MP18276/2025-2026/184849;WS/MP18276/2025-2026/184850;WS/MP18276/2025-2026/184851;WS/MP18276/2025-2026/184852;WS/MP18276/2025-2026/184853;WS/MP18276/2025-2026/184854;WS/MP18276/2025-2026/184855;WS/MP18276/2025-2026/184856;WS/MP18276/2025-2026/184857;WS/MP18276/2025-2026/184858;WS/MP18276/2025-2026/184859;WS/MP18276/2025-2026/184860;WS/MP18276/2025-2026/184946;WS/MP18276/2025-2026/184947
CLUST-00090,20,1,WS/MP18389/2025-2026/208766;WS/MP18389/2025-2026/208767;WS/MP18389/2025-2026/208768;WS/MP18389/2025-2026/208769;WS/MP18389/2025-2026/208770;WS/MP18389/2025-2026/208771;WS/MP18389/2025-2026/208772;WS/MP18389/2025-2026/208773;WS/MP18389/2025-2026/208774;WS/MP18389/2025-2026/208775;WS/MP18389/2025-2026/208776;WS/MP18389/2025-2026/208777;WS/MP18389/2025-2026/208778;WS/MP18389/2025-2026/208779;WS/MP18389/2025-2026/208780;WS/MP18389/2025-2026/208781;WS/MP18389/2025-2026/208782;WS/MP18389/2025-2026/208783;WS/MP18389/2025-2026/208784;WS/MP18389/2025-2026/208785
CLUST-00091,20,1,WS/MP638/2026-2027/235908;WS/MP638/2026-2027/235910;WS/MP638/2026-2027/235912;WS/MP638/2026-2027/235913;WS/MP638/2026-2027/235927;WS/MP638/2026-2027/235929;WS/MP638/2026-2027/235937;WS/MP638/2026-2027/235938;WS/MP638/2026-2027/235940;WS/MP638/2026-2027/235941;WS/MP638/2026-2027/236179;WS/MP638/2026-2027/236221;WS/MP638/2026-2027/236240;WS/MP638/2026-2027/236242;WS/MP638/2026-2027/236289;WS/MP638/2026-2027/236411;WS/MP638/2026-2027/236413;WS/MP638/2026-2027/236591;WS/MP638/2026-2027/237086;WS/MP638/2026-2027/237400
CLUST-00092,19,1,WS/MP18102/2024-2025/153260;WS/MP18102/2024-2025/153263;WS/MP18102/2024-2025/153264;WS/MP18102/2024-2025/153266;WS/MP18102/2024-2025/153267;WS/MP18102/2024-2025/153269;WS/MP18102/2024-2025/153271;WS/MP18102/2024-2025/153273;WS/MP18102/2024-2025/153274;WS/MP18102/2024-2025/153275;WS/MP18102/2024-2025/153278;WS/MP18102/2024-2025/153279;WS/MP18102/2024-2025/153280;WS/MP18102/2024-2025/153281;WS/MP18102/2024-2025/153282;WS/MP18102/2024-2025/153283;WS/MP18102/2024-2025/153284;WS/MP18102/2024-2025/153285;WS/MP18102/2024-2025/153286
CLUST-00093,19,1,WS/MP18144/2025-2026/199217;WS/MP18144/2025-2026/199218;WS/MP18144/2025-2026/199219;WS/MP18144/2025-2026/199220;WS/MP18144/2025-2026/199221;WS/MP18144/2025-2026/199222;WS/MP18144/2025-2026/199223;WS/MP18144/2025-2026/199225;WS/MP18144/2025-2026/199226;WS/MP18144/2025-2026/199227;WS/MP18144/2025-2026/199228;WS/MP18144/2025-2026/199229;WS/MP18144/2025-2026/199230;WS/MP18144/2025-2026/199231;WS/MP18144/2025-2026/199232;WS/MP18144/2025-2026/199233;WS/MP18144/2025-2026/199234;WS/MP18144/2025-2026/199235;WS/MP18144/2025-2026/199236
CLUST-00094,19,1,WS/MP18152/2024-2025/140065;WS/MP18152/2024-2025/141166;WS/MP18152/2024-2025/141167;WS/MP18152/2024-2025/141168;WS/MP18152/2024-2025/141169;WS/MP18152/2024-2025/141170;WS/MP18152/2024-2025/141171;WS/MP18152/2024-2025/141172;WS/MP18152/2024-2025/141173;WS/MP18152/2024-2025/141174;WS/MP18152/2024-2025/141175;WS/MP18152/2024-2025/141176;WS/MP18152/2024-2025/141177;WS/MP18152/2024-2025/141178;WS/MP18152/2024-2025/141179;WS/MP18152/2024-2025/141180;WS/MP18152/2024-2025/141181;WS/MP18152/2024-2025/141182;WS/MP18152/2024-2025/141193
CLUST-00095,19,1,WS/MP18221/2024-2025/140982;WS/MP18221/2024-2025/140983;WS/MP18221/2024-2025/140984;WS/MP18221/2024-2025/140985;WS/MP18221/2024-2025/140987;WS/MP18221/2024-2025/140988;WS/MP18221/2024-2025/140989;WS/MP18221/2024-2025/140990;WS/MP18221/2024-2025/140991;WS/MP18221/2024-2025/140994;WS/MP18221/2024-2025/140995;WS/MP18221/2024-2025/140996;WS/MP18221/2024-2025/140997;WS/MP18221/2024-2025/140998;WS/MP18221/2024-2025/140999;WS/MP18221/2024-2025/141000;WS/MP18221/2024-2025/141001;WS/MP18221/2024-2025/141002;WS/MP18221/2024-2025/141003
CLUST-00096,19,1,WS/MP422/2024-2025/139573;WS/MP422/2024-2025/139575;WS/MP422/2024-2025/139596;WS/MP422/2024-2025/139598;WS/MP422/2024-2025/139599;WS/MP422/2024-2025/139600;WS/MP422/2024-2025/139604;WS/MP422/2024-2025/139605;WS/MP422/2024-2025/139606;WS/MP422/2024-2025/139607;WS/MP422/2024-2025/141653;WS/MP422/2024-2025/141654;WS/MP422/2024-2025/141655;WS/MP422/2024-2025/141656;WS/MP422/2024-2025/141657;WS/MP422/2024-2025/150411;WS/MP422/2024-2025/150412;WS/MP422/2024-2025/165927;WS/MP422/2024-2025/165928
CLUST-00097,19,1,WS/MP444/2025-2026/199947;WS/MP444/2025-2026/199948;WS/MP444/2025-2026/199949;WS/MP444/2025-2026/199950;WS/MP444/2025-2026/199951;WS/MP444/2025-2026/199952;WS/MP444/2025-2026/199961;WS/MP444/2025-2026/199962;WS/MP444/2025-2026/200242;WS/MP444/2025-2026/200243;WS/MP444/2025-2026/200244;WS/MP444/2025-2026/200245;WS/MP444/2025-2026/200246;WS/MP444/2025-2026/200247;WS/MP444/2025-2026/200248;WS/MP444/2025-2026/200249;WS/MP444/2025-2026/200250;WS/MP444/2025-2026/200251;WS/MP444/2025-2026/200252
CLUST-00098,19,1,WS/MP444/2025-2026/200275;WS/MP444/2025-2026/200276;WS/MP444/2025-2026/200277;WS/MP444/2025-2026/200278;WS/MP444/2025-2026/200279;WS/MP444/2025-2026/200281;WS/MP444/2025-2026/200282;WS/MP444/2025-2026/200284;WS/MP444/2025-2026/200285;WS/MP444/2025-2026/200286;WS/MP444/2025-2026/200287;WS/MP444/2025-2026/200288;WS/MP444/2025-2026/200289;WS/MP444/2025-2026/200290;WS/MP444/2025-2026/200291;WS/MP444/2025-2026/200292;WS/MP444/2025-2026/200293;WS/MP444/2025-2026/200294;WS/MP444/2025-2026/200295
CLUST-00099,19,1,WS/MP641/2024-2025/138892;WS/MP641/2024-2025/138894;WS/MP641/2024-2025/138895;WS/MP641/2024-2025/138897;WS/MP641/2024-2025/138899;WS/MP641/2024-2025/138900;WS/MP641/2024-2025/138901;WS/MP641/2024-2025/138914;WS/MP641/2024-2025/138915;WS/MP641/2024-2025/138916;WS/MP641/2024-2025/138918;WS/MP641/2024-2025/138919;WS/MP641/2024-2025/138920;WS/MP641/2024-2025/138921;WS/MP641/2024-2025/138924;WS/MP641/2024-2025/138932;WS/MP641/2024-2025/138934;WS/MP641/2024-2025/138935;WS/MP641/2024-2025/138936
CLUST-00100,19,1,WS/MP654/2025-2026/172106;WS/MP654/2025-2026/172107;WS/MP654/2025-2026/172108;WS/MP654/2025-2026/172109;WS/MP654/2025-2026/172110;WS/MP654/2025-2026/172111;WS/MP654/2025-2026/172112;WS/MP654/2025-2026/172113;WS/MP654/2025-2026/172114;WS/MP654/2025-2026/172115;WS/MP654/2025-2026/172116;WS/MP654/2025-2026/172117;WS/MP654/2025-2026/172118;WS/MP654/2025-2026/172119;WS/MP654/2025-2026/172120;WS/MP654/2025-2026/172121;WS/MP654/2025-2026/172122;WS/MP654/2025-2026/172123;WS/MP654/2025-2026/172124
CLUST-00101,18,1,WS/MP18153/2025-2026/212809;WS/MP18153/2025-2026/212810;WS/MP18153/2025-2026/212811;WS/MP18153/2025-2026/212812;WS/MP18153/2025-2026/212813;WS/MP18153/2025-2026/212814;WS/MP18153/2025-2026/212815;WS/MP18153/2025-2026/212816;WS/MP18153/2025-2026/212817;WS/MP18153/2025-2026/212821;WS/MP18153/2025-2026/212827;WS/MP18153/2025-2026/212828;WS/MP18153/2025-2026/212829;WS/MP18153/2025-2026/212832;WS/MP18153/2025-2026/212833;WS/MP18153/2025-2026/212834;WS/MP18153/2025-2026/212835;WS/MP18153/2025-2026/212836
CLUST-00102,18,1,WS/MP317/2024-2025/176103;WS/MP317/2024-2025/176104;WS/MP317/2024-2025/176105;WS/MP317/2025-2026/190519;WS/MP317/2025-2026/190522;WS/MP317/2025-2026/190524;WS/MP317/2025-2026/190526;WS/MP317/2025-2026/190528;WS/MP317/2025-2026/192815;WS/MP317/2025-2026/192832;WS/MP317/2025-2026/192840;WS/MP317/2025-2026/192845;WS/MP317/2025-2026/192849;WS/MP317/2025-2026/203482;WS/MP317/2025-2026/203483;WS/MP317/2025-2026/203484;WS/MP317/2025-2026/203485;WS/MP317/2025-2026/203487
CLUST-00103,18,1,WS/MP360/2024-2025/186883;WS/MP360/2024-2025/186884;WS/MP360/2024-2025/186885;WS/MP360/2024-2025/186887;WS/MP360/2024-2025/186888;WS/MP360/2024-2025/186890;WS/MP360/2024-2025/186892;WS/MP360/2024-2025/186893;WS/MP360/2024-2025/186894;WS/MP360/2024-2025/186895;WS/MP360/2024-2025/186896;WS/MP360/2024-2025/186897;WS/MP360/2024-2025/186898;WS/MP360/2024-2025/186899;WS/MP360/2024-2025/186900;WS/MP360/2024-2025/186901;WS/MP360/2024-2025/186903;WS/MP360/2025-2026/186905
CLUST-00104,18,1,WS/MP380/2026-2027/272211;WS/MP380/2026-2027/273256;WS/MP380/2026-2027/277876;WS/MP380/2026-2027/294934;WS/MP380/2026-2027/294935;WS/MP380/2026-2027/294942;WS/MP380/2026-2027/294947;WS/MP380/2026-2027/294948;WS/MP380/2026-2027/294949;WS/MP380/2026-2027/294950;WS/MP380/2026-2027/294951;WS/MP380/2026-2027/294952;WS/MP380/2026-2027/294953;WS/MP380/2026-2027/294959;WS/MP380/2026-2027/294961;WS/MP380/2026-2027/297053;WS/MP380/2026-2027/297055;WS/MP380/2026-2027/298186
CLUST-00105,17,1,WS/MP18045/2025-2026/204548;WS/MP18045/2025-2026/204549;WS/MP18045/2025-2026/204550;WS/MP18045/2025-2026/204551;WS/MP18045/2025-2026/204552;WS/MP18045/2025-2026/204553;WS/MP18045/2025-2026/204554;WS/MP18045/2025-2026/204555;WS/MP18045/2025-2026/204556;WS/MP18045/2025-2026/204557;WS/MP18045/2025-2026/204558;WS/MP18045/2025-2026/204559;WS/MP18045/2025-2026/204560;WS/MP18045/2025-2026/204561;WS/MP18045/2025-2026/204562;WS/MP18045/2025-2026/204563;WS/MP18045/2025-2026/204564
CLUST-00106,17,1,WS/MP18062/2025-2026/201713;WS/MP18062/2025-2026/201714;WS/MP18062/2025-2026/201715;WS/MP18062/2025-2026/201716;WS/MP18062/2025-2026/201717;WS/MP18062/2025-2026/201718;WS/MP18062/2025-2026/201720;WS/MP18062/2025-2026/202818;WS/MP18062/2025-2026/202884;WS/MP18062/2025-2026/202886;WS/MP18062/2025-2026/202887;WS/MP18062/2025-2026/202889;WS/MP18062/2025-2026/202891;WS/MP18062/2025-2026/202892;WS/MP18062/2025-2026/202894;WS/MP18062/2025-2026/202908;WS/MP18062/2025-2026/202909
CLUST-00107,17,1,WS/MP18102/2026-2027/294328;WS/MP18102/2026-2027/294329;WS/MP18102/2026-2027/294330;WS/MP18102/2026-2027/294331;WS/MP18102/2026-2027/294334;WS/MP18102/2026-2027/294336;WS/MP18102/2026-2027/294338;WS/MP18102/2026-2027/294340;WS/MP18102/2026-2027/294341;WS/MP18102/2026-2027/294343;WS/MP18102/2026-2027/294345;WS/MP18102/2026-2027/294347;WS/MP18102/2026-2027/294348;WS/MP18102/2026-2027/294350;WS/MP18102/2026-2027/294352;WS/MP18102/2026-2027/294354;WS/MP18102/2026-2027/294355
CLUST-00108,17,1,WS/MP18126/2026-2027/266900;WS/MP18126/2026-2027/266901;WS/MP18126/2026-2027/266902;WS/MP18126/2026-2027/266903;WS/MP18126/2026-2027/266904;WS/MP18126/2026-2027/266905;WS/MP18126/2026-2027/266906;WS/MP18126/2026-2027/266907;WS/MP18126/2026-2027/266908;WS/MP18126/2026-2027/266909;WS/MP18126/2026-2027/266910;WS/MP18126/2026-2027/266911;WS/MP18126/2026-2027/266912;WS/MP18126/2026-2027/266913;WS/MP18126/2026-2027/266914;WS/MP18126/2026-2027/266926;WS/MP18126/2026-2027/266927
CLUST-00109,17,1,WS/MP18153/2024-2025/141974;WS/MP18153/2024-2025/141975;WS/MP18153/2024-2025/141976;WS/MP18153/2024-2025/141977;WS/MP18153/2024-2025/141980;WS/MP18153/2024-2025/141982;WS/MP18153/2024-2025/141988;WS/MP18153/2024-2025/141993;WS/MP18153/2024-2025/141981;WS/MP18153/2024-2025/141983;WS/MP18153/2024-2025/141986;WS/MP18153/2024-2025/141990;WS/MP18153/2024-2025/141991;WS/MP18153/2024-2025/141987;WS/MP18153/2024-2025/141994;WS/MP18153/2024-2025/141985;WS/MP18153/2024-2025/141992
CLUST-00110,17,1,WS/MP18251/2024-2025/155461;WS/MP18251/2024-2025/155487;WS/MP18251/2024-2025/155502;WS/MP18251/2024-2025/155488;WS/MP18251/2024-2025/155492;WS/MP18251/2024-2025/155501;WS/MP18251/2024-2025/155503;WS/MP18251/2024-2025/155485;WS/MP18251/2024-2025/155500;WS/MP18251/2024-2025/155484;WS/MP18251/2024-2025/155486;WS/MP18251/2024-2025/155481;WS/MP18251/2024-2025/155482;WS/MP18251/2024-2025/155504;WS/MP18251/2024-2025/155467;WS/MP18251/2024-2025/155469;WS/MP18251/2024-2025/155505
CLUST-00111,17,1,WS/MP360/2024-2025/187054;WS/MP360/2024-2025/187055;WS/MP360/2024-2025/187056;WS/MP360/2024-2025/187057;WS/MP360/2024-2025/187069;WS/MP360/2024-2025/187070;WS/MP360/2024-2025/187071;WS/MP360/2024-2025/187072;WS/MP360/2024-2025/187075;WS/MP360/2024-2025/187076;WS/MP360/2024-2025/187084;WS/MP360/2024-2025/187085;WS/MP360/2025-2026/187106;WS/MP360/2025-2026/187107;WS/MP360/2025-2026/187108;WS/MP360/2025-2026/187109;WS/MP360/2025-2026/187110
CLUST-00112,17,1,WS/MP416/2024-2025/156896;WS/MP416/2024-2025/156912;WS/MP416/2024-2025/169629;WS/MP416/2024-2025/169631;WS/MP416/2024-2025/169681;WS/MP416/2024-2025/169633;WS/MP416/2024-2025/169651;WS/MP416/2024-2025/169652;WS/MP416/2024-2025/169679;WS/MP416/2024-2025/169680;WS/MP416/2024-2025/169632;WS/MP416/2024-2025/169630;WS/MP416/2024-2025/169653;WS/MP416/2024-2025/169650;WS/MP416/2024-2025/169727;WS/MP416/2024-2025/169649;WS/MP416/2024-2025/169678
CLUST-00113,17,1,WS/MP478/2026-2027/243973;WS/MP478/2026-2027/277460;WS/MP478/2026-2027/277462;WS/MP478/2026-2027/277461;WS/MP478/2026-2027/277463;WS/MP478/2026-2027/277477;WS/MP478/2026-2027/277485;WS/MP478/2026-2027/277486;WS/MP478/2026-2027/277526;WS/MP478/2026-2027/277464;WS/MP478/2026-2027/277476;WS/MP478/2026-2027/277478;WS/MP478/2026-2027/277482;WS/MP478/2026-2027/277465;WS/MP478/2026-2027/277468;WS/MP478/2026-2027/277466;WS/MP478/2026-2027/277467
CLUST-00114,17,1,WS/MP481/2025-2026/204214;WS/MP481/2025-2026/204215;WS/MP481/2025-2026/204216;WS/MP481/2025-2026/204217;WS/MP481/2025-2026/204218;WS/MP481/2025-2026/204219;WS/MP481/2025-2026/204220;WS/MP481/2025-2026/204221;WS/MP481/2025-2026/204222;WS/MP481/2025-2026/204223;WS/MP481/2025-2026/204224;WS/MP481/2025-2026/204225;WS/MP481/2025-2026/204226;WS/MP481/2025-2026/204227;WS/MP481/2025-2026/204228;WS/MP481/2025-2026/204229;WS/MP481/2025-2026/204230
CLUST-00115,17,1,WS/MP582/2024-2025/137303;WS/MP582/2024-2025/137332;WS/MP582/2024-2025/137338;WS/MP582/2024-2025/137339;WS/MP582/2024-2025/141893;WS/MP582/2024-2025/141917;WS/MP582/2024-2025/141920;WS/MP582/2024-2025/141923;WS/MP582/2024-2025/141926;WS/MP582/2024-2025/141928;WS/MP582/2024-2025/145263;WS/MP582/2024-2025/147351;WS/MP582/2024-2025/137326;WS/MP582/2024-2025/137329;WS/MP582/2024-2025/137330;WS/MP582/2024-2025/137331;WS/MP582/2024-2025/137333
CLUST-00116,16,1,WS/MP18109/2025-2026/246611;WS/MP18109/2025-2026/246612;WS/MP18109/2025-2026/246613;WS/MP18109/2025-2026/246614;WS/MP18109/2025-2026/246615;WS/MP18109/2025-2026/246616;WS/MP18109/2025-2026/246617;WS/MP18109/2025-2026/246618;WS/MP18109/2025-2026/246619;WS/MP18109/2025-2026/246620;WS/MP18109/2025-2026/246621;WS/MP18109/2025-2026/246622;WS/MP18109/2025-2026/246623;WS/MP18109/2025-2026/246624;WS/MP18109/2025-2026/246625;WS/MP18109/2025-2026/246626
CLUST-00117,16,1,WS/MP18221/2024-2025/141004;WS/MP18221/2024-2025/141005;WS/MP18221/2024-2025/141006;WS/MP18221/2024-2025/141007;WS/MP18221/2024-2025/141008;WS/MP18221/2024-2025/141009;WS/MP18221/2024-2025/141010;WS/MP18221/2024-2025/141011;WS/MP18221/2024-2025/141012;WS/MP18221/2024-2025/141013;WS/MP18221/2024-2025/141014;WS/MP18221/2024-2025/141015;WS/MP18221/2024-2025/141016;WS/MP18221/2024-2025/141017;WS/MP18221/2024-2025/141018;WS/MP18221/2024-2025/141019
CLUST-00118,16,1,WS/MP18246/2025-2026/178920;WS/MP18246/2025-2026/178964;WS/MP18246/2025-2026/178963;WS/MP18246/2025-2026/178977;WS/MP18246/2025-2026/178951;WS/MP18246/2025-2026/178929;WS/MP18246/2025-2026/178942;WS/MP18246/2025-2026/178944;WS/MP18246/2025-2026/178949;WS/MP18246/2025-2026/178923;WS/MP18246/2025-2026/178927;WS/MP18246/2025-2026/178931;WS/MP18246/2025-2026/178946;WS/MP18246/2025-2026/178935;WS/MP18246/2025-2026/178979;WS/MP18246/2025-2026/178978
CLUST-00119,16,1,WS/MP582/2026-2027/285368;WS/MP582/2026-2027/285369;WS/MP582/2026-2027/285370;WS/MP582/2026-2027/285371;WS/MP582/2026-2027/285372;WS/MP582/2026-2027/285396;WS/MP582/2026-2027/285431;WS/MP582/2026-2027/285433;WS/MP582/2026-2027/285462;WS/MP582/2026-2027/285463;WS/MP582/2026-2027/285432;WS/MP582/2026-2027/285393;WS/MP582/2026-2027/285394;WS/MP582/2026-2027/285395;WS/MP582/2026-2027/285460;WS/MP582/2026-2027/285461
CLUST-00120,16,1,WS/MP638/2024-2025/152354;WS/MP638/2024-2025/152371;WS/MP638/2024-2025/152372;WS/MP638/2024-2025/152420;WS/MP638/2024-2025/152430;WS/MP638/2024-2025/152431;WS/MP638/2024-2025/152433;WS/MP638/2024-2025/152443;WS/MP638/2024-2025/152446;WS/MP638/2024-2025/152447;WS/MP638/2024-2025/152450;WS/MP638/2024-2025/152453;WS/MP638/2024-2025/152490;WS/MP638/2024-2025/152511;WS/MP638/2024-2025/152515;WS/MP638/2024-2025/152519
CLUST-00121,16,1,WS/MP643/2024-2025/136017;WS/MP643/2024-2025/136018;WS/MP643/2024-2025/136019;WS/MP643/2024-2025/136020;WS/MP643/2024-2025/136021;WS/MP643/2024-2025/136022;WS/MP643/2024-2025/136023;WS/MP643/2024-2025/136024;WS/MP643/2024-2025/136025;WS/MP643/2024-2025/136026;WS/MP643/2024-2025/136027;WS/MP643/2024-2025/136028;WS/MP643/2024-2025/136029;WS/MP643/2024-2025/136030;WS/MP643/2024-2025/136031;WS/MP643/2024-2025/136032
CLUST-00122,16,1,WS/MP814/2025-2026/246339;WS/MP814/2025-2026/246341;WS/MP814/2025-2026/246342;WS/MP814/2025-2026/246352;WS/MP814/2025-2026/246360;WS/MP814/2025-2026/246353;WS/MP814/2025-2026/246361;WS/MP814/2025-2026/246374;WS/MP814/2025-2026/246373;WS/MP814/2025-2026/246381;WS/MP814/2025-2026/246372;WS/MP814/2025-2026/246383;WS/MP814/2025-2026/246359;WS/MP814/2025-2026/246371;WS/MP814/2025-2026/246354;WS/MP814/2025-2026/246358
CLUST-00123,15,0,WS/MP18097/2025-2026/188449;WS/MP18097/2025-2026/188454;WS/MP18097/2025-2026/188455;WS/MP18097/2025-2026/188456;WS/MP18097/2025-2026/188458;WS/MP18097/2025-2026/188469;WS/MP18097/2025-2026/188471;WS/MP18097/2025-2026/188474;WS/MP18097/2025-2026/188476;WS/MP18097/2025-2026/188479;WS/MP18097/2025-2026/188480;WS/MP18097/2025-2026/188489;WS/MP18097/2025-2026/188492;WS/MP18097/2025-2026/188496;WS/MP18097/2025-2026/188497
CLUST-00124,15,0,WS/MP18144/2025-2026/221322;WS/MP18144/2025-2026/221323;WS/MP18144/2025-2026/221324;WS/MP18144/2025-2026/221325;WS/MP18144/2025-2026/221326;WS/MP18144/2025-2026/221327;WS/MP18144/2025-2026/221328;WS/MP18144/2025-2026/221329;WS/MP18144/2025-2026/221330;WS/MP18144/2025-2026/221331;WS/MP18144/2025-2026/221332;WS/MP18144/2025-2026/221333;WS/MP18144/2025-2026/221334;WS/MP18144/2025-2026/222334;WS/MP18144/2025-2026/222335
CLUST-00125,15,0,WS/MP18212/2024-2025/158857;WS/MP18212/2024-2025/158858;WS/MP18212/2024-2025/158859;WS/MP18212/2024-2025/158860;WS/MP18212/2024-2025/158865;WS/MP18212/2024-2025/158866;WS/MP18212/2024-2025/158867;WS/MP18212/2024-2025/158868;WS/MP18212/2024-2025/158869;WS/MP18212/2024-2025/158870;WS/MP18212/2024-2025/158872;WS/MP18212/2024-2025/158873;WS/MP18212/2024-2025/158874;WS/MP18212/2024-2025/158875;WS/MP18212/2024-2025/158876
CLUST-00126,15,0,WS/MP18377/2025-2026/212942;WS/MP18377/2025-2026/212943;WS/MP18377/2025-2026/212944;WS/MP18377/2025-2026/212945;WS/MP18377/2025-2026/212946;WS/MP18377/2025-2026/212947;WS/MP18377/2025-2026/212948;WS/MP18377/2025-2026/212949;WS/MP18377/2025-2026/212950;WS/MP18377/2025-2026/212951;WS/MP18377/2025-2026/212952;WS/MP18377/2025-2026/212953;WS/MP18377/2025-2026/212954;WS/MP18377/2025-2026/212955;WS/MP18377/2025-2026/212956
CLUST-00127,15,0,WS/MP243/2025-2026/141121;WS/MP243/2025-2026/141122;WS/MP243/2025-2026/141123;WS/MP243/2025-2026/141124;WS/MP243/2025-2026/141125;WS/MP243/2025-2026/141126;WS/MP243/2025-2026/141127;WS/MP243/2025-2026/141128;WS/MP243/2025-2026/141129;WS/MP243/2025-2026/141130;WS/MP243/2025-2026/141131;WS/MP243/2025-2026/141132;WS/MP243/2025-2026/141133;WS/MP243/2025-2026/141134;WS/MP243/2025-2026/141135
CLUST-00128,15,0,WS/MP413/2025-2026/150066;WS/MP413/2025-2026/150073;WS/MP413/2025-2026/150075;WS/MP413/2025-2026/150082;WS/MP413/2025-2026/150084;WS/MP413/2025-2026/150086;WS/MP413/2025-2026/150089;WS/MP413/2025-2026/150091;WS/MP413/2025-2026/150093;WS/MP413/2025-2026/150094;WS/MP413/2025-2026/150426;WS/MP413/2025-2026/150428;WS/MP413/2025-2026/150431;WS/MP413/2025-2026/150433;WS/MP413/2025-2026/150434
CLUST-00129,15,0,WS/MP418/2024-2025/147612;WS/MP418/2024-2025/147614;WS/MP418/2024-2025/148551;WS/MP418/2024-2025/148554;WS/MP418/2024-2025/147613;WS/MP418/2024-2025/153919;WS/MP418/2024-2025/153939;WS/MP418/2024-2025/148555;WS/MP418/2024-2025/148550;WS/MP418/2024-2025/148553;WS/MP418/2024-2025/148552;WS/MP418/2024-2025/153918;WS/MP418/2024-2025/153942;WS/MP418/2024-2025/153943;WS/MP418/2024-2025/153944
CLUST-00130,15,0,WS/MP443/2025-2026/227635;WS/MP443/2025-2026/227636;WS/MP443/2025-2026/227637;WS/MP443/2025-2026/227638;WS/MP443/2025-2026/227639;WS/MP443/2025-2026/227640;WS/MP443/2025-2026/227641;WS/MP443/2025-2026/227642;WS/MP443/2025-2026/227643;WS/MP443/2025-2026/227644;WS/MP443/2025-2026/227645;WS/MP443/2025-2026/227646;WS/MP443/2025-2026/227647;WS/MP443/2025-2026/227648;WS/MP443/2025-2026/227649
CLUST-00131,15,0,WS/MP638/2025-2026/237433;WS/MP638/2025-2026/237434;WS/MP638/2025-2026/237436;WS/MP638/2025-2026/237442;WS/MP638/2025-2026/237444;WS/MP638/2025-2026/237446;WS/MP638/2025-2026/237447;WS/MP638/2025-2026/237448;WS/MP638/2025-2026/237451;WS/MP638/2025-2026/237537;WS/MP638/2025-2026/237539;WS/MP638/2025-2026/237540;WS/MP638/2025-2026/237541;WS/MP638/2025-2026/237542;WS/MP638/2025-2026/251865
CLUST-00132,15,0,WS/MP643/2025-2026/208792;WS/MP643/2025-2026/208793;WS/MP643/2025-2026/208794;WS/MP643/2025-2026/208795;WS/MP643/2025-2026/208796;WS/MP643/2025-2026/208797;WS/MP643/2025-2026/208798;WS/MP643/2025-2026/208799;WS/MP643/2025-2026/208800;WS/MP643/2025-2026/208801;WS/MP643/2025-2026/208802;WS/MP643/2025-2026/208803;WS/MP643/2025-2026/208804;WS/MP643/2025-2026/208805;WS/MP643/2025-2026/208806
CLUST-00133,15,0,WS/MP643/2025-2026/208807;WS/MP643/2025-2026/208808;WS/MP643/2025-2026/208809;WS/MP643/2025-2026/208810;WS/MP643/2025-2026/208811;WS/MP643/2025-2026/208812;WS/MP643/2025-2026/208813;WS/MP643/2025-2026/208814;WS/MP643/2025-2026/208815;WS/MP643/2025-2026/208816;WS/MP643/2025-2026/208817;WS/MP643/2025-2026/208818;WS/MP643/2025-2026/208819;WS/MP643/2025-2026/208820;WS/MP643/2025-2026/208821
CLUST-00134,15,0,WS/MP755/2026-2027/189475;WS/MP755/2026-2027/189476;WS/MP755/2026-2027/241464;WS/MP755/2026-2027/241465;WS/MP755/2026-2027/241466;WS/MP755/2026-2027/241467;WS/MP755/2026-2027/241468;WS/MP755/2026-2027/241469;WS/MP755/2026-2027/241470;WS/MP755/2026-2027/241471;WS/MP755/2026-2027/241472;WS/MP755/2026-2027/241473;WS/MP755/2026-2027/241474;WS/MP755/2026-2027/241475;WS/MP755/2026-2027/241476
CLUST-00135,14,0,WS/MP18007/2025-2026/137082;WS/MP18007/2025-2026/137083;WS/MP18007/2025-2026/137084;WS/MP18007/2025-2026/137085;WS/MP18007/2025-2026/137086;WS/MP18007/2025-2026/137087;WS/MP18007/2025-2026/137088;WS/MP18007/2025-2026/137089;WS/MP18007/2025-2026/137090;WS/MP18007/2025-2026/137091;WS/MP18007/2025-2026/137092;WS/MP18007/2025-2026/137093;WS/MP18007/2025-2026/137094;WS/MP18007/2025-2026/137095
CLUST-00136,14,0,WS/MP18035/2025-2026/237507;WS/MP18035/2025-2026/237508;WS/MP18035/2025-2026/237509;WS/MP18035/2025-2026/237510;WS/MP18035/2025-2026/237511;WS/MP18035/2025-2026/237512;WS/MP18035/2025-2026/237513;WS/MP18035/2025-2026/237514;WS/MP18035/2025-2026/237515;WS/MP18035/2025-2026/237516;WS/MP18035/2025-2026/237517;WS/MP18035/2025-2026/237518;WS/MP18035/2025-2026/237519;WS/MP18035/2025-2026/237520
CLUST-00137,14,0,WS/MP18062/2025-2026/195816;WS/MP18062/2025-2026/195817;WS/MP18062/2025-2026/195818;WS/MP18062/2025-2026/195819;WS/MP18062/2025-2026/195820;WS/MP18062/2025-2026/195821;WS/MP18062/2025-2026/195822;WS/MP18062/2025-2026/195823;WS/MP18062/2025-2026/195824;WS/MP18062/2025-2026/195825;WS/MP18062/2025-2026/195826;WS/MP18062/2025-2026/195827;WS/MP18062/2025-2026/195828;WS/MP18062/2025-2026/195829
CLUST-00138,14,0,WS/MP18101/2025-2026/192356;WS/MP18101/2025-2026/192386;WS/MP18101/2025-2026/192370;WS/MP18101/2025-2026/192371;WS/MP18101/2025-2026/192365;WS/MP18101/2025-2026/192384;WS/MP18101/2025-2026/192359;WS/MP18101/2025-2026/192360;WS/MP18101/2025-2026/192361;WS/MP18101/2025-2026/192364;WS/MP18101/2025-2026/192382;WS/MP18101/2025-2026/192385;WS/MP18101/2025-2026/192388;WS/MP18101/2025-2026/192389
CLUST-00139,14,0,WS/MP18102/2024-2025/152104;WS/MP18102/2024-2025/152105;WS/MP18102/2024-2025/152107;WS/MP18102/2024-2025/152108;WS/MP18102/2024-2025/152109;WS/MP18102/2024-2025/152111;WS/MP18102/2024-2025/152112;WS/MP18102/2024-2025/152114;WS/MP18102/2024-2025/152115;WS/MP18102/2024-2025/152116;WS/MP18102/2024-2025/152118;WS/MP18102/2024-2025/152119;WS/MP18102/2024-2025/152121;WS/MP18102/2024-2025/152122
CLUST-00140,14,0,WS/MP18102/2026-2027/290274;WS/MP18102/2026-2027/290288;WS/MP18102/2026-2027/290291;WS/MP18102/2026-2027/290292;WS/MP18102/2026-2027/290293;WS/MP18102/2026-2027/290294;WS/MP18102/2026-2027/290295;WS/MP18102/2026-2027/290296;WS/MP18102/2026-2027/290297;WS/MP18102/2026-2027/290298;WS/MP18102/2026-2027/290299;WS/MP18102/2026-2027/290300;WS/MP18102/2026-2027/290301;WS/MP18102/2026-2027/290302
CLUST-00141,14,0,WS/MP18152/2024-2025/141192;WS/MP18152/2024-2025/141199;WS/MP18152/2024-2025/141200;WS/MP18152/2024-2025/141201;WS/MP18152/2024-2025/141202;WS/MP18152/2024-2025/141204;WS/MP18152/2024-2025/141205;WS/MP18152/2024-2025/141206;WS/MP18152/2024-2025/141207;WS/MP18152/2024-2025/141208;WS/MP18152/2024-2025/141209;WS/MP18152/2024-2025/141210;WS/MP18152/2024-2025/141211;WS/MP18152/2024-2025/141212
CLUST-00142,14,0,WS/MP18173/2026-2027/290427;WS/MP18173/2026-2027/290432;WS/MP18173/2026-2027/290433;WS/MP18173/2026-2027/290436;WS/MP18173/2026-2027/290459;WS/MP18173/2026-2027/290506;WS/MP18173/2026-2027/290508;WS/MP18173/2026-2027/290519;WS/MP18173/2026-2027/290520;WS/MP18173/2026-2027/290532;WS/MP18173/2026-2027/292370;WS/MP18173/2026-2027/290509;WS/MP18173/2026-2027/290522;WS/MP18173/2026-2027/292369
CLUST-00143,14,0,WS/MP18175/2025-2026/273161;WS/MP18175/2025-2026/273162;WS/MP18175/2025-2026/273163;WS/MP18175/2025-2026/273169;WS/MP18175/2025-2026/273170;WS/MP18175/2025-2026/273171;WS/MP18175/2025-2026/273172;WS/MP18175/2025-2026/273178;WS/MP18175/2025-2026/273180;WS/MP18175/2025-2026/273165;WS/MP18175/2025-2026/273166;WS/MP18175/2025-2026/273167;WS/MP18175/2025-2026/273174;WS/MP18175/2025-2026/273181
CLUST-00144,14,0,WS/MP18175/2025-2026/273203;WS/MP18175/2025-2026/273204;WS/MP18175/2025-2026/273205;WS/MP18175/2025-2026/273206;WS/MP18175/2025-2026/273207;WS/MP18175/2025-2026/273208;WS/MP18175/2025-2026/273209;WS/MP18175/2025-2026/273210;WS/MP18175/2025-2026/273211;WS/MP18175/2025-2026/273214;WS/MP18175/2025-2026/273212;WS/MP18175/2025-2026/273213;WS/MP18175/2025-2026/273216;WS/MP18175/2025-2026/273215
CLUST-00145,14,0,WS/MP18228/2025-2026/232028;WS/MP18228/2025-2026/235337;WS/MP18228/2025-2026/235395;WS/MP18228/2025-2026/235413;WS/MP18228/2025-2026/235414;WS/MP18228/2025-2026/235415;WS/MP18228/2025-2026/235416;WS/MP18228/2025-2026/235417;WS/MP18228/2025-2026/235418;WS/MP18228/2025-2026/235419;WS/MP18228/2025-2026/235620;WS/MP18228/2025-2026/235621;WS/MP18228/2025-2026/235622;WS/MP18228/2025-2026/235643
CLUST-00146,14,0,WS/MP18235/2024-2025/161167;WS/MP18235/2024-2025/161168;WS/MP18235/2024-2025/161169;WS/MP18235/2024-2025/161175;WS/MP18235/2024-2025/161173;WS/MP18235/2024-2025/161174;WS/MP18235/2024-2025/161514;WS/MP18235/2024-2025/161172;WS/MP18235/2024-2025/161179;WS/MP18235/2024-2025/161516;WS/MP18235/2024-2025/161170;WS/MP18235/2024-2025/161515;WS/MP18235/2024-2025/161517;WS/MP18235/2024-2025/161171
CLUST-00147,14,0,WS/MP18276/2025-2026/225252;WS/MP18276/2025-2026/225253;WS/MP18276/2025-2026/225254;WS/MP18276/2025-2026/225255;WS/MP18276/2025-2026/225256;WS/MP18276/2025-2026/225257;WS/MP18276/2025-2026/225258;WS/MP18276/2025-2026/225259;WS/MP18276/2025-2026/225260;WS/MP18276/2025-2026/225261;WS/MP18276/2025-2026/225262;WS/MP18276/2025-2026/225263;WS/MP18276/2025-2026/225264;WS/MP18276/2025-2026/225265
CLUST-00148,14,0,WS/MP18278/2025-2026/228561;WS/MP18278/2025-2026/228571;WS/MP18278/2025-2026/228576;WS/MP18278/2025-2026/228581;WS/MP18278/2025-2026/228587;WS/MP18278/2025-2026/228588;WS/MP18278/2025-2026/228590;WS/MP18278/2025-2026/228592;WS/MP18278/2025-2026/228563;WS/MP18278/2025-2026/228572;WS/MP18278/2025-2026/228573;WS/MP18278/2025-2026/228586;WS/MP18278/2025-2026/228589;WS/MP18278/2025-2026/228562
CLUST-00149,14,0,WS/MP18372/2026-2027/270056;WS/MP18372/2026-2027/270057;WS/MP18372/2026-2027/270058;WS/MP18372/2026-2027/270059;WS/MP18372/2026-2027/270060;WS/MP18372/2026-2027/270061;WS/MP18372/2026-2027/270062;WS/MP18372/2026-2027/270067;WS/MP18372/2026-2027/270068;WS/MP18372/2026-2027/270069;WS/MP18372/2026-2027/270070;WS/MP18372/2026-2027/270071;WS/MP18372/2026-2027/270072;WS/MP18372/2026-2027/270074
CLUST-00150,14,0,WS/MP18377/2024-2025/161017;WS/MP18377/2024-2025/161018;WS/MP18377/2024-2025/161019;WS/MP18377/2024-2025/161024;WS/MP18377/2024-2025/161031;WS/MP18377/2024-2025/161032;WS/MP18377/2024-2025/161033;WS/MP18377/2024-2025/161020;WS/MP18377/2024-2025/161023;WS/MP18377/2024-2025/161030;WS/MP18377/2024-2025/161026;WS/MP18377/2024-2025/161021;WS/MP18377/2024-2025/161022;WS/MP18377/2024-2025/161036
CLUST-00151,14,0,WS/MP241/2025-2026/266867;WS/MP241/2025-2026/266868;WS/MP241/2025-2026/266869;WS/MP241/2025-2026/266870;WS/MP241/2025-2026/266872;WS/MP241/2025-2026/266874;WS/MP241/2025-2026/266875;WS/MP241/2025-2026/266876;WS/MP241/2025-2026/266878;WS/MP241/2025-2026/266879;WS/MP241/2025-2026/266880;WS/MP241/2025-2026/266881;WS/MP241/2025-2026/266882;WS/MP241/2025-2026/266883
CLUST-00152,14,0,WS/MP241/2026-2027/291992;WS/MP241/2026-2027/291993;WS/MP241/2026-2027/291994;WS/MP241/2026-2027/291996;WS/MP241/2026-2027/291997;WS/MP241/2026-2027/291998;WS/MP241/2026-2027/291999;WS/MP241/2026-2027/292000;WS/MP241/2026-2027/292001;WS/MP241/2026-2027/292002;WS/MP241/2026-2027/292003;WS/MP241/2026-2027/292004;WS/MP241/2026-2027/292005;WS/MP241/2026-2027/292006
CLUST-00153,14,0,WS/MP249/2025-2026/213301;WS/MP249/2025-2026/213302;WS/MP249/2025-2026/213303;WS/MP249/2025-2026/213304;WS/MP249/2025-2026/213305;WS/MP249/2025-2026/213306;WS/MP249/2025-2026/213307;WS/MP249/2025-2026/213308;WS/MP249/2025-2026/213309;WS/MP249/2025-2026/213310;WS/MP249/2025-2026/213311;WS/MP249/2025-2026/213312;WS/MP249/2025-2026/213313;WS/MP249/2025-2026/213314
CLUST-00154,14,0,WS/MP478/2025-2026/180911;WS/MP478/2025-2026/180914;WS/MP478/2025-2026/180950;WS/MP478/2025-2026/180956;WS/MP478/2025-2026/180977;WS/MP478/2025-2026/180980;WS/MP478/2025-2026/180981;WS/MP478/2025-2026/180985;WS/MP478/2025-2026/180959;WS/MP478/2025-2026/180973;WS/MP478/2025-2026/180982;WS/MP478/2025-2026/180987;WS/MP478/2025-2026/180990;WS/MP478/2025-2026/180991
CLUST-00155,14,0,WS/MP641/2025-2026/251161;WS/MP641/2025-2026/251169;WS/MP641/2025-2026/251166;WS/MP641/2025-2026/251167;WS/MP641/2025-2026/251168;WS/MP641/2025-2026/251172;WS/MP641/2025-2026/251175;WS/MP641/2025-2026/251176;WS/MP641/2025-2026/251163;WS/MP641/2025-2026/251164;WS/MP641/2025-2026/251173;WS/MP641/2025-2026/251177;WS/MP641/2025-2026/251165;WS/MP641/2025-2026/251171
CLUST-00156,14,0,WS/MP650/2025-2026/236754;WS/MP650/2025-2026/236756;WS/MP650/2025-2026/236758;WS/MP650/2025-2026/236759;WS/MP650/2025-2026/244323;WS/MP650/2025-2026/236755;WS/MP650/2025-2026/236760;WS/MP650/2025-2026/244322;WS/MP650/2025-2026/244324;WS/MP650/2025-2026/236762;WS/MP650/2025-2026/244325;WS/MP650/2025-2026/244326;WS/MP650/2025-2026/244327;WS/MP650/2025-2026/244330
CLUST-00157,13,0,WS/MP18048/2025-2026/197153;WS/MP18048/2025-2026/197154;WS/MP18048/2025-2026/197155;WS/MP18048/2025-2026/197156;WS/MP18048/2025-2026/197157;WS/MP18048/2025-2026/197158;WS/MP18048/2025-2026/197159;WS/MP18048/2025-2026/197160;WS/MP18048/2025-2026/197162;WS/MP18048/2025-2026/197164;WS/MP18048/2025-2026/197165;WS/MP18048/2025-2026/197166;WS/MP18048/2025-2026/197163
CLUST-00158,13,0,WS/MP18102/2025-2026/210298;WS/MP18102/2025-2026/210300;WS/MP18102/2025-2026/210301;WS/MP18102/2025-2026/210302;WS/MP18102/2025-2026/210303;WS/MP18102/2025-2026/210304;WS/MP18102/2025-2026/210305;WS/MP18102/2025-2026/210308;WS/MP18102/2025-2026/210309;WS/MP18102/2025-2026/210311;WS/MP18102/2025-2026/210312;WS/MP18102/2025-2026/210314;WS/MP18102/2025-2026/210315
CLUST-00159,13,0,WS/MP18144/2026-2027/275588;WS/MP18144/2026-2027/275590;WS/MP18144/2026-2027/275591;WS/MP18144/2026-2027/275592;WS/MP18144/2026-2027/275593;WS/MP18144/2026-2027/275596;WS/MP18144/2026-2027/275597;WS/MP18144/2026-2027/275731;WS/MP18144/2026-2027/275733;WS/MP18144/2026-2027/275734;WS/MP18144/2026-2027/275736;WS/MP18144/2026-2027/275737;WS/MP18144/2026-2027/275738
CLUST-00160,13,0,WS/MP18154/2025-2026/215778;WS/MP18154/2025-2026/215780;WS/MP18154/2025-2026/216115;WS/MP18154/2025-2026/216117;WS/MP18154/2025-2026/216455;WS/MP18154/2025-2026/216458;WS/MP18154/2025-2026/216461;WS/MP18154/2025-2026/216462;WS/MP18154/2025-2026/216463;WS/MP18154/2025-2026/216464;WS/MP18154/2025-2026/216468;WS/MP18154/2025-2026/216470;WS/MP18154/2025-2026/216456
CLUST-00161,13,0,WS/MP18162/2025-2026/202030;WS/MP18162/2025-2026/202032;WS/MP18162/2025-2026/203380;WS/MP18162/2025-2026/203381;WS/MP18162/2025-2026/203382;WS/MP18162/2025-2026/203383;WS/MP18162/2025-2026/203384;WS/MP18162/2025-2026/203385;WS/MP18162/2025-2026/203457;WS/MP18162/2025-2026/203460;WS/MP18162/2025-2026/203461;WS/MP18162/2025-2026/203462;WS/MP18162/2025-2026/203463
CLUST-00162,13,0,WS/MP18185/2025-2026/180076;WS/MP18185/2025-2026/180079;WS/MP18185/2025-2026/180084;WS/MP18185/2025-2026/180103;WS/MP18185/2025-2026/180104;WS/MP18185/2025-2026/180106;WS/MP18185/2025-2026/180107;WS/MP18185/2025-2026/180078;WS/MP18185/2025-2026/180080;WS/MP18185/2025-2026/180082;WS/MP18185/2025-2026/180083;WS/MP18185/2025-2026/180105;WS/MP18185/2025-2026/180081
CLUST-00163,13,0,WS/MP18221/2026-2027/293269;WS/MP18221/2026-2027/293272;WS/MP18221/2026-2027/293274;WS/MP18221/2026-2027/293276;WS/MP18221/2026-2027/293278;WS/MP18221/2026-2027/293281;WS/MP18221/2026-2027/293283;WS/MP18221/2026-2027/293285;WS/MP18221/2026-2027/293286;WS/MP18221/2026-2027/293287;WS/MP18221/2026-2027/293289;WS/MP18221/2026-2027/293293;WS/MP18221/2026-2027/293295
CLUST-00164,13,0,WS/MP18231/2024-2025/180841;WS/MP18231/2024-2025/180842;WS/MP18231/2025-2026/186763;WS/MP18231/2025-2026/186764;WS/MP18231/2025-2026/186767;WS/MP18231/2025-2026/186770;WS/MP18231/2025-2026/186762;WS/MP18231/2025-2026/186765;WS/MP18231/2025-2026/186766;WS/MP18231/2025-2026/186759;WS/MP18231/2025-2026/186760;WS/MP18231/2025-2026/186761;WS/MP18231/2025-2026/186758
CLUST-00165,13,0,WS/MP18235/2026-2027/281752;WS/MP18235/2026-2027/281758;WS/MP18235/2026-2027/281754;WS/MP18235/2026-2027/281756;WS/MP18235/2026-2027/281757;WS/MP18235/2026-2027/281776;WS/MP18235/2026-2027/281777;WS/MP18235/2026-2027/281783;WS/MP18235/2026-2027/281784;WS/MP18235/2026-2027/281785;WS/MP18235/2026-2027/281787;WS/MP18235/2026-2027/281755;WS/MP18235/2026-2027/281786
CLUST-00166,13,0,WS/MP18246/2025-2026/178255;WS/MP18246/2025-2026/178257;WS/MP18246/2025-2026/178258;WS/MP18246/2025-2026/178272;WS/MP18246/2025-2026/178399;WS/MP18246/2025-2026/178401;WS/MP18246/2025-2026/178567;WS/MP18246/2025-2026/178571;WS/MP18246/2025-2026/178274;WS/MP18246/2025-2026/178389;WS/MP18246/2025-2026/178398;WS/MP18246/2025-2026/178410;WS/MP18246/2025-2026/178581
CLUST-00167,13,0,WS/MP18311/2026-2027/280952;WS/MP18311/2026-2027/280964;WS/MP18311/2026-2027/280979;WS/MP18311/2026-2027/281020;WS/MP18311/2026-2027/281021;WS/MP18311/2026-2027/281026;WS/MP18311/2026-2027/281042;WS/MP18311/2026-2027/287162;WS/MP18311/2026-2027/287164;WS/MP18311/2026-2027/287165;WS/MP18311/2026-2027/287179;WS/MP18311/2026-2027/287202;WS/MP18311/2026-2027/287233
CLUST-00168,13,0,WS/MP18404/2024-2025/176542;WS/MP18404/2024-2025/176546;WS/MP18404/2024-2025/176547;WS/MP18404/2024-2025/176557;WS/MP18404/2024-2025/176558;WS/MP18404/2024-2025/176559;WS/MP18404/2024-2025/176560;WS/MP18404/2024-2025/176561;WS/MP18404/2024-2025/176562;WS/MP18404/2024-2025/176565;WS/MP18404/2024-2025/176563;WS/MP18404/2024-2025/176564;WS/MP18404/2024-2025/176566
CLUST-00169,13,0,WS/MP243/2025-2026/141136;WS/MP243/2025-2026/141137;WS/MP243/2025-2026/141138;WS/MP243/2025-2026/141139;WS/MP243/2025-2026/141140;WS/MP243/2025-2026/141141;WS/MP243/2025-2026/141142;WS/MP243/2025-2026/141143;WS/MP243/2025-2026/141144;WS/MP243/2025-2026/141145;WS/MP243/2025-2026/141146;WS/MP243/2025-2026/141147;WS/MP243/2025-2026/141148
CLUST-00170,13,0,WS/MP429/2025-2026/200481;WS/MP429/2025-2026/200482;WS/MP429/2025-2026/200483;WS/MP429/2025-2026/200484;WS/MP429/2025-2026/200486;WS/MP429/2025-2026/200487;WS/MP429/2025-2026/200488;WS/MP429/2025-2026/205682;WS/MP429/2025-2026/205683;WS/MP429/2025-2026/205684;WS/MP429/2025-2026/205685;WS/MP429/2025-2026/205686;WS/MP429/2025-2026/235967
CLUST-00171,13,0,WS/MP444/2026-2027/290742;WS/MP444/2026-2027/290743;WS/MP444/2026-2027/290744;WS/MP444/2026-2027/290745;WS/MP444/2026-2027/290746;WS/MP444/2026-2027/290747;WS/MP444/2026-2027/290748;WS/MP444/2026-2027/290749;WS/MP444/2026-2027/290750;WS/MP444/2026-2027/290751;WS/MP444/2026-2027/290752;WS/MP444/2026-2027/290753;WS/MP444/2026-2027/290754
CLUST-00172,13,0,WS/MP755/2025-2026/182602;WS/MP755/2025-2026/182603;WS/MP755/2025-2026/182604;WS/MP755/2025-2026/182605;WS/MP755/2025-2026/182606;WS/MP755/2025-2026/182607;WS/MP755/2025-2026/182608;WS/MP755/2025-2026/189465;WS/MP755/2025-2026/189466;WS/MP755/2025-2026/189467;WS/MP755/2025-2026/189468;WS/MP755/2025-2026/189469;WS/MP755/2025-2026/189470
CLUST-00173,13,0,WS/MP755/2025-2026/246199;WS/MP755/2025-2026/246200;WS/MP755/2025-2026/246201;WS/MP755/2025-2026/246202;WS/MP755/2025-2026/246204;WS/MP755/2025-2026/246205;WS/MP755/2025-2026/253234;WS/MP755/2025-2026/253236;WS/MP755/2025-2026/253237;WS/MP755/2025-2026/256784;WS/MP755/2025-2026/256785;WS/MP755/2025-2026/256786;WS/MP755/2025-2026/256787
CLUST-00174,13,0,WS/MP814/2026-2027/290035;WS/MP814/2026-2027/291036;WS/MP814/2026-2027/291038;WS/MP814/2026-2027/290939;WS/MP814/2026-2027/291035;WS/MP814/2026-2027/291037;WS/MP814/2026-2027/291043;WS/MP814/2026-2027/290487;WS/MP814/2026-2027/291025;WS/MP814/2026-2027/291018;WS/MP814/2026-2027/291072;WS/MP814/2026-2027/291127;WS/MP814/2026-2027/291019
CLUST-00175,13,0,WS/MP883/2025-2026/229870;WS/MP883/2025-2026/229874;WS/MP883/2025-2026/229884;WS/MP883/2025-2026/229892;WS/MP883/2025-2026/229881;WS/MP883/2025-2026/229882;WS/MP883/2025-2026/229888;WS/MP883/2025-2026/229890;WS/MP883/2025-2026/229886;WS/MP883/2025-2026/229891;WS/MP883/2025-2026/229893;WS/MP883/2025-2026/229894;WS/MP883/2025-2026/229883
CLUST-00176,12,0,WS/MP005/2025-2026/234965;WS/MP005/2025-2026/234966;WS/MP005/2025-2026/234967;WS/MP005/2025-2026/234968;WS/MP005/2025-2026/234969;WS/MP005/2025-2026/234970;WS/MP005/2025-2026/234971;WS/MP005/2025-2026/235072;WS/MP005/2025-2026/235073;WS/MP005/2025-2026/235075;WS/MP005/2025-2026/235077;WS/MP005/2025-2026/235079
CLUST-00177,12,0,WS/MP18011/2024-2025/173496;WS/MP18011/2024-2025/173512;WS/MP18011/2024-2025/173514;WS/MP18011/2024-2025/174023;WS/MP18011/2024-2025/173502;WS/MP18011/2024-2025/173515;WS/MP18011/2024-2025/174022;WS/MP18011/2024-2025/174020;WS/MP18011/2024-2025/174018;WS/MP18011/2024-2025/174019;WS/MP18011/2024-2025/174014;WS/MP18011/2024-2025/174021
CLUST-00178,12,0,WS/MP18038/2025-2026/219148;WS/MP18038/2025-2026/219150;WS/MP18038/2025-2026/219153;WS/MP18038/2025-2026/219154;WS/MP18038/2025-2026/219155;WS/MP18038/2025-2026/219156;WS/MP18038/2025-2026/219157;WS/MP18038/2025-2026/219158;WS/MP18038/2025-2026/219159;WS/MP18038/2025-2026/219160;WS/MP18038/2025-2026/219161;WS/MP18038/2025-2026/219162
CLUST-00179,12,0,WS/MP18098/2024-2025/180387;WS/MP18098/2024-2025/180388;WS/MP18098/2024-2025/180389;WS/MP18098/2024-2025/180391;WS/MP18098/2024-2025/180392;WS/MP18098/2024-2025/180394;WS/MP18098/2024-2025/180395;WS/MP18098/2024-2025/180396;WS/MP18098/2024-2025/180397;WS/MP18098/2024-2025/180399;WS/MP18098/2024-2025/180404;WS/MP18098/2024-2025/180410
CLUST-00180,12,0,WS/MP18102/2026-2027/292843;WS/MP18102/2026-2027/292844;WS/MP18102/2026-2027/292845;WS/MP18102/2026-2027/292846;WS/MP18102/2026-2027/292847;WS/MP18102/2026-2027/292849;WS/MP18102/2026-2027/292850;WS/MP18102/2026-2027/292851;WS/MP18102/2026-2027/292852;WS/MP18102/2026-2027/292853;WS/MP18102/2026-2027/292854;WS/MP18102/2026-2027/292855
CLUST-00181,12,0,WS/MP18144/2026-2027/282928;WS/MP18144/2026-2027/282929;WS/MP18144/2026-2027/282930;WS/MP18144/2026-2027/282931;WS/MP18144/2026-2027/282932;WS/MP18144/2026-2027/282933;WS/MP18144/2026-2027/282934;WS/MP18144/2026-2027/282935;WS/MP18144/2026-2027/282936;WS/MP18144/2026-2027/282937;WS/MP18144/2026-2027/282938;WS/MP18144/2026-2027/282939
CLUST-00182,12,0,WS/MP18153/2025-2026/190218;WS/MP18153/2025-2026/190222;WS/MP18153/2025-2026/190223;WS/MP18153/2025-2026/190224;WS/MP18153/2025-2026/190225;WS/MP18153/2025-2026/190227;WS/MP18153/2025-2026/190229;WS/MP18153/2025-2026/190219;WS/MP18153/2025-2026/190220;WS/MP18153/2025-2026/190221;WS/MP18153/2025-2026/190226;WS/MP18153/2025-2026/190228
CLUST-00183,12,0,WS/MP18206/2024-2025/144184;WS/MP18206/2024-2025/144186;WS/MP18206/2024-2025/144187;WS/MP18206/2024-2025/144188;WS/MP18206/2024-2025/144202;WS/MP18206/2024-2025/144209;WS/MP18206/2024-2025/144218;WS/MP18206/2024-2025/144220;WS/MP18206/2024-2025/144221;WS/MP18206/2024-2025/144210;WS/MP18206/2024-2025/144227;WS/MP18206/2024-2025/144206
CLUST-00184,12,0,WS/MP18231/2025-2026/224265;WS/MP18231/2025-2026/224276;WS/MP18231/2025-2026/224269;WS/MP18231/2025-2026/224271;WS/MP18231/2025-2026/224272;WS/MP18231/2025-2026/224282;WS/MP18231/2025-2026/224283;WS/MP18231/2025-2026/224284;WS/MP18231/2025-2026/224279;WS/MP18231/2025-2026/224277;WS/MP18231/2025-2026/224281;WS/MP18231/2025-2026/225736
CLUST-00185,12,0,WS/MP18276/2025-2026/256795;WS/MP18276/2025-2026/256796;WS/MP18276/2025-2026/256797;WS/MP18276/2025-2026/256798;WS/MP18276/2025-2026/256799;WS/MP18276/2025-2026/256800;WS/MP18276/2025-2026/256801;WS/MP18276/2025-2026/256802;WS/MP18276/2025-2026/256803;WS/MP18276/2025-2026/256804;WS/MP18276/2025-2026/256805;WS/MP18276/2025-2026/256808
CLUST-00186,12,0,WS/MP18276/2026-2027/280695;WS/MP18276/2026-2027/280696;WS/MP18276/2026-2027/280697;WS/MP18276/2026-2027/280698;WS/MP18276/2026-2027/280699;WS/MP18276/2026-2027/280700;WS/MP18276/2026-2027/280701;WS/MP18276/2026-2027/280702;WS/MP18276/2026-2027/280703;WS/MP18276/2026-2027/280704;WS/MP18276/2026-2027/280705;WS/MP18276/2026-2027/280706
CLUST-00187,12,0,WS/MP18309/2025-2026/157963;WS/MP18309/2025-2026/157964;WS/MP18309/2025-2026/157965;WS/MP18309/2025-2026/157966;WS/MP18309/2025-2026/157967;WS/MP18309/2025-2026/157968;WS/MP18309/2025-2026/157969;WS/MP18309/2025-2026/157970;WS/MP18309/2025-2026/157971;WS/MP18309/2025-2026/157972;WS/MP18309/2025-2026/157973;WS/MP18309/2025-2026/157974
CLUST-00188,12,0,WS/MP18377/2025-2026/212929;WS/MP18377/2025-2026/212930;WS/MP18377/2025-2026/212931;WS/MP18377/2025-2026/212932;WS/MP18377/2025-2026/212933;WS/MP18377/2025-2026/212934;WS/MP18377/2025-2026/212935;WS/MP18377/2025-2026/212936;WS/MP18377/2025-2026/212937;WS/MP18377/2025-2026/212938;WS/MP18377/2025-2026/212939;WS/MP18377/2025-2026/212940
CLUST-00189,12,0,WS/MP243/2025-2026/152038;WS/MP243/2025-2026/152039;WS/MP243/2025-2026/152040;WS/MP243/2025-2026/152041;WS/MP243/2025-2026/152042;WS/MP243/2025-2026/152043;WS/MP243/2025-2026/152044;WS/MP243/2025-2026/152045;WS/MP243/2025-2026/152046;WS/MP243/2025-2026/152047;WS/MP243/2025-2026/152048;WS/MP243/2025-2026/152049
CLUST-00190,12,0,WS/MP443/2026-2027/287298;WS/MP443/2026-2027/287299;WS/MP443/2026-2027/287300;WS/MP443/2026-2027/287301;WS/MP443/2026-2027/287302;WS/MP443/2026-2027/287303;WS/MP443/2026-2027/287304;WS/MP443/2026-2027/287305;WS/MP443/2026-2027/287306;WS/MP443/2026-2027/287307;WS/MP443/2026-2027/287308;WS/MP443/2026-2027/287309
CLUST-00191,12,0,WS/MP444/2025-2026/200257;WS/MP444/2025-2026/200258;WS/MP444/2025-2026/200259;WS/MP444/2025-2026/200260;WS/MP444/2025-2026/200261;WS/MP444/2025-2026/200262;WS/MP444/2025-2026/200263;WS/MP444/2025-2026/200264;WS/MP444/2025-2026/200265;WS/MP444/2025-2026/200266;WS/MP444/2025-2026/200267;WS/MP444/2025-2026/200268
CLUST-00192,12,0,WS/MP444/2026-2027/282328;WS/MP444/2026-2027/282329;WS/MP444/2026-2027/282330;WS/MP444/2026-2027/282331;WS/MP444/2026-2027/282332;WS/MP444/2026-2027/282333;WS/MP444/2026-2027/282334;WS/MP444/2026-2027/282335;WS/MP444/2026-2027/282336;WS/MP444/2026-2027/282337;WS/MP444/2026-2027/282338;WS/MP444/2026-2027/282340
CLUST-00193,12,0,WS/MP444/2026-2027/290759;WS/MP444/2026-2027/290760;WS/MP444/2026-2027/290761;WS/MP444/2026-2027/290762;WS/MP444/2026-2027/290763;WS/MP444/2026-2027/290764;WS/MP444/2026-2027/290765;WS/MP444/2026-2027/290766;WS/MP444/2026-2027/290767;WS/MP444/2026-2027/290769;WS/MP444/2026-2027/290770;WS/MP444/2026-2027/290771
CLUST-00194,12,0,WS/MP544/2026-2027/155457;WS/MP544/2026-2027/281010;WS/MP544/2026-2027/283865;WS/MP544/2026-2027/283962;WS/MP544/2026-2027/281027;WS/MP544/2026-2027/281028;WS/MP544/2026-2027/281030;WS/MP544/2026-2027/283960;WS/MP544/2026-2027/283870;WS/MP544/2026-2027/283967;WS/MP544/2026-2027/283966;WS/MP544/2026-2027/283825
CLUST-00195,12,0,WS/MP643/2025-2026/163499;WS/MP643/2025-2026/163500;WS/MP643/2025-2026/163501;WS/MP643/2025-2026/163502;WS/MP643/2025-2026/163503;WS/MP643/2025-2026/163504;WS/MP643/2025-2026/163505;WS/MP643/2025-2026/163506;WS/MP643/2025-2026/163507;WS/MP643/2025-2026/163508;WS/MP643/2025-2026/163509;WS/MP643/2025-2026/163510
CLUST-00196,12,0,WS/MP814/2026-2027/290445;WS/MP814/2026-2027/290733;WS/MP814/2026-2027/290938;WS/MP814/2026-2027/290943;WS/MP814/2026-2027/290998;WS/MP814/2026-2027/291070;WS/MP814/2026-2027/290992;WS/MP814/2026-2027/291071;WS/MP814/2026-2027/290736;WS/MP814/2026-2027/291016;WS/MP814/2026-2027/290941;WS/MP814/2026-2027/290940
CLUST-00197,11,0,WS/MP18004/2024-2025/151986;WS/MP18004/2024-2025/152096;WS/MP18004/2024-2025/152141;WS/MP18004/2024-2025/152143;WS/MP18004/2024-2025/152144;WS/MP18004/2024-2025/152145;WS/MP18004/2024-2025/152146;WS/MP18004/2024-2025/152147;WS/MP18004/2024-2025/156137;WS/MP18004/2024-2025/157507;WS/MP18004/2024-2025/157508
CLUST-00198,11,0,WS/MP18011/2025-2026/207004;WS/MP18011/2025-2026/207016;WS/MP18011/2025-2026/207021;WS/MP18011/2025-2026/207020;WS/MP18011/2025-2026/207023;WS/MP18011/2025-2026/207026;WS/MP18011/2025-2026/207028;WS/MP18011/2025-2026/210094;WS/MP18011/2025-2026/207030;WS/MP18011/2025-2026/207056;WS/MP18011/2025-2026/207025
CLUST-00199,11,0,WS/MP18036/2026-2027/285177;WS/MP18036/2026-2027/285182;WS/MP18036/2026-2027/285184;WS/MP18036/2026-2027/285197;WS/MP18036/2026-2027/285229;WS/MP18036/2026-2027/285236;WS/MP18036/2026-2027/285246;WS/MP18036/2026-2027/285248;WS/MP18036/2026-2027/285251;WS/MP18036/2026-2027/285263;WS/MP18036/2026-2027/285265
CLUST-00200,11,0,WS/MP18054/2026-2027/298352;WS/MP18054/2026-2027/298356;WS/MP18054/2026-2027/298363;WS/MP18054/2026-2027/298366;WS/MP18054/2026-2027/298355;WS/MP18054/2026-2027/298357;WS/MP18054/2026-2027/298361;WS/MP18054/2026-2027/298362;WS/MP18054/2026-2027/298360;WS/MP18054/2026-2027/298354;WS/MP18054/2026-2027/298359
CLUST-00201,11,0,WS/MP18062/2025-2026/220380;WS/MP18062/2025-2026/246837;WS/MP18062/2025-2026/246838;WS/MP18062/2025-2026/246839;WS/MP18062/2025-2026/246840;WS/MP18062/2025-2026/246842;WS/MP18062/2025-2026/246843;WS/MP18062/2025-2026/246844;WS/MP18062/2025-2026/247231;WS/MP18062/2025-2026/248491;WS/MP18062/2025-2026/248492
CLUST-00202,11,0,WS/MP18079/2025-2026/164200;WS/MP18079/2025-2026/165396;WS/MP18079/2025-2026/165397;WS/MP18079/2025-2026/165398;WS/MP18079/2025-2026/176754;WS/MP18079/2025-2026/176755;WS/MP18079/2025-2026/176761;WS/MP18079/2025-2026/176762;WS/MP18079/2025-2026/176763;WS/MP18079/2025-2026/176764;WS/MP18079/2025-2026/197348
CLUST-00203,11,0,WS/MP18098/2024-2025/180401;WS/MP18098/2024-2025/180402;WS/MP18098/2024-2025/180405;WS/MP18098/2024-2025/180406;WS/MP18098/2024-2025/180408;WS/MP18098/2024-2025/180409;WS/MP18098/2024-2025/180412;WS/MP18098/2024-2025/180413;WS/MP18098/2024-2025/180415;WS/MP18098/2025-2026/181882;WS/MP18098/2025-2026/181883
CLUST-00204,11,0,WS/MP18153/2025-2026/212852;WS/MP18153/2025-2026/212853;WS/MP18153/2025-2026/212854;WS/MP18153/2025-2026/212858;WS/MP18153/2025-2026/212855;WS/MP18153/2025-2026/212860;WS/MP18153/2025-2026/212869;WS/MP18153/2025-2026/212868;WS/MP18153/2025-2026/212872;WS/MP18153/2025-2026/212871;WS/MP18153/2025-2026/212873
CLUST-00205,11,0,WS/MP18173/2025-2026/196628;WS/MP18173/2025-2026/196636;WS/MP18173/2025-2026/196629;WS/MP18173/2025-2026/196634;WS/MP18173/2025-2026/196635;WS/MP18173/2025-2026/196638;WS/MP18173/2025-2026/196639;WS/MP18173/2025-2026/196640;WS/MP18173/2025-2026/196641;WS/MP18173/2025-2026/196630;WS/MP18173/2025-2026/196633
CLUST-00206,11,0,WS/MP18196/2025-2026/219208;WS/MP18196/2025-2026/219209;WS/MP18196/2025-2026/219210;WS/MP18196/2025-2026/219211;WS/MP18196/2025-2026/219212;WS/MP18196/2025-2026/219213;WS/MP18196/2025-2026/219214;WS/MP18196/2025-2026/219215;WS/MP18196/2025-2026/219216;WS/MP18196/2025-2026/219217;WS/MP18196/2025-2026/219218
CLUST-00207,11,0,WS/MP18212/2024-2025/161063;WS/MP18212/2024-2025/161064;WS/MP18212/2024-2025/161065;WS/MP18212/2024-2025/161066;WS/MP18212/2024-2025/161067;WS/MP18212/2024-2025/161068;WS/MP18212/2024-2025/161069;WS/MP18212/2024-2025/161070;WS/MP18212/2024-2025/161071;WS/MP18212/2024-2025/161072;WS/MP18212/2024-2025/161073
CLUST-00208,11,0,WS/MP18226/2024-2025/168943;WS/MP18226/2024-2025/168949;WS/MP18226/2024-2025/168966;WS/MP18226/2024-2025/168984;WS/MP18226/2024-2025/169001;WS/MP18226/2024-2025/169018;WS/MP18226/2024-2025/169248;WS/MP18226/2024-2025/169838;WS/MP18226/2024-2025/169319;WS/MP18226/2024-2025/169247;WS/MP18226/2024-2025/169003
CLUST-00209,11,0,WS/MP18231/2025-2026/253378;WS/MP18231/2025-2026/253382;WS/MP18231/2025-2026/253384;WS/MP18231/2025-2026/253386;WS/MP18231/2025-2026/253387;WS/MP18231/2025-2026/253388;WS/MP18231/2025-2026/253379;WS/MP18231/2025-2026/253380;WS/MP18231/2025-2026/253383;WS/MP18231/2025-2026/253385;WS/MP18231/2025-2026/253381
CLUST-00210,11,0,WS/MP18231/2026-2027/272489;WS/MP18231/2026-2027/272490;WS/MP18231/2026-2027/272491;WS/MP18231/2026-2027/272494;WS/MP18231/2026-2027/272511;WS/MP18231/2026-2027/272512;WS/MP18231/2026-2027/272496;WS/MP18231/2026-2027/272498;WS/MP18231/2026-2027/272499;WS/MP18231/2026-2027/272517;WS/MP18231/2026-2027/272518
CLUST-00211,11,0,WS/MP18278/2025-2026/224836;WS/MP18278/2025-2026/224837;WS/MP18278/2025-2026/224840;WS/MP18278/2025-2026/224880;WS/MP18278/2025-2026/224893;WS/MP18278/2025-2026/224841;WS/MP18278/2025-2026/224879;WS/MP18278/2025-2026/224839;WS/MP18278/2025-2026/224845;WS/MP18278/2025-2026/224860;WS/MP18278/2025-2026/224878
CLUST-00212,11,0,WS/MP18309/2025-2026/157976;WS/MP18309/2025-2026/157977;WS/MP18309/2025-2026/157978;WS/MP18309/2025-2026/157979;WS/MP18309/2025-2026/157980;WS/MP18309/2025-2026/157981;WS/MP18309/2025-2026/157982;WS/MP18309/2025-2026/157983;WS/MP18309/2025-2026/157984;WS/MP18309/2025-2026/157985;WS/MP18309/2025-2026/157986
CLUST-00213,11,0,WS/MP18311/2026-2027/277739;WS/MP18311/2026-2027/277750;WS/MP18311/2026-2027/277755;WS/MP18311/2026-2027/277758;WS/MP18311/2026-2027/277759;WS/MP18311/2026-2027/278246;WS/MP18311/2026-2027/279845;WS/MP18311/2026-2027/280917;WS/MP18311/2026-2027/280918;WS/MP18311/2026-2027/277749;WS/MP18311/2026-2027/277757
CLUST-00214,11,0,WS/MP18404/2025-2026/268186;WS/MP18404/2025-2026/268189;WS/MP18404/2025-2026/268202;WS/MP18404/2025-2026/268205;WS/MP18404/2025-2026/268389;WS/MP18404/2025-2026/268187;WS/MP18404/2025-2026/268366;WS/MP18404/2025-2026/268388;WS/MP18404/2025-2026/268190;WS/MP18404/2025-2026/268211;WS/MP18404/2025-2026/268208
CLUST-00215,11,0,WS/MP249/2024-2025/155356;WS/MP249/2024-2025/155357;WS/MP249/2024-2025/155358;WS/MP249/2024-2025/155359;WS/MP249/2024-2025/155360;WS/MP249/2024-2025/155363;WS/MP249/2024-2025/155366;WS/MP249/2024-2025/155378;WS/MP249/2024-2025/166923;WS/MP249/2024-2025/166928;WS/MP249/2024-2025/166929
CLUST-00216,11,0,WS/MP444/2025-2026/146462;WS/MP444/2025-2026/146463;WS/MP444/2025-2026/146465;WS/MP444/2025-2026/146466;WS/MP444/2025-2026/146467;WS/MP444/2025-2026/146468;WS/MP444/2025-2026/146469;WS/MP444/2025-2026/146471;WS/MP444/2025-2026/146472;WS/MP444/2025-2026/146464;WS/MP444/2025-2026/146470
CLUST-00217,11,0,WS/MP444/2025-2026/259051;WS/MP444/2025-2026/259052;WS/MP444/2025-2026/259053;WS/MP444/2025-2026/259054;WS/MP444/2025-2026/259055;WS/MP444/2025-2026/259056;WS/MP444/2025-2026/259057;WS/MP444/2025-2026/259058;WS/MP444/2025-2026/259069;WS/MP444/2025-2026/259070;WS/MP444/2025-2026/259071
CLUST-00218,11,0,WS/MP549/2025-2026/202324;WS/MP549/2025-2026/202325;WS/MP549/2025-2026/202326;WS/MP549/2025-2026/202327;WS/MP549/2025-2026/202328;WS/MP549/2025-2026/202329;WS/MP549/2025-2026/202330;WS/MP549/2025-2026/202331;WS/MP549/2025-2026/202332;WS/MP549/2025-2026/202333;WS/MP549/2025-2026/202334
CLUST-00219,11,0,WS/MP638/2025-2026/236539;WS/MP638/2025-2026/236543;WS/MP638/2025-2026/236546;WS/MP638/2025-2026/236551;WS/MP638/2025-2026/236560;WS/MP638/2025-2026/236568;WS/MP638/2025-2026/236573;WS/MP638/2025-2026/236577;WS/MP638/2025-2026/236583;WS/MP638/2025-2026/236585;WS/MP638/2025-2026/236624
CLUST-00220,11,0,WS/MP654/2025-2026/181108;WS/MP654/2025-2026/181109;WS/MP654/2025-2026/181110;WS/MP654/2025-2026/181111;WS/MP654/2025-2026/181112;WS/MP654/2025-2026/181113;WS/MP654/2025-2026/181114;WS/MP654/2025-2026/181115;WS/MP654/2025-2026/181116;WS/MP654/2025-2026/181117;WS/MP654/2025-2026/184194
CLUST-00221,11,0,WS/MP655/2025-2026/226813;WS/MP655/2025-2026/226814;WS/MP655/2025-2026/226815;WS/MP655/2025-2026/226816;WS/MP655/2025-2026/226817;WS/MP655/2025-2026/226818;WS/MP655/2025-2026/226819;WS/MP655/2025-2026/226820;WS/MP655/2025-2026/226821;WS/MP655/2025-2026/226822;WS/MP655/2025-2026/226823
CLUST-00222,10,0,WS/MP18011/2025-2026/207007;WS/MP18011/2025-2026/210128;WS/MP18011/2025-2026/210132;WS/MP18011/2025-2026/210136;WS/MP18011/2025-2026/210131;WS/MP18011/2025-2026/210137;WS/MP18011/2025-2026/210134;WS/MP18011/2025-2026/210240;WS/MP18011/2025-2026/210135;WS/MP18011/2025-2026/207022
CLUST-00223,10,0,WS/MP18036/2025-2026/160885;WS/MP18036/2025-2026/160886;WS/MP18036/2025-2026/160887;WS/MP18036/2025-2026/160888;WS/MP18036/2025-2026/160889;WS/MP18036/2025-2026/160890;WS/MP18036/2025-2026/160891;WS/MP18036/2025-2026/160892;WS/MP18036/2025-2026/160893;WS/MP18036/2025-2026/160894
CLUST-00224,10,0,WS/MP18099/2025-2026/175744;WS/MP18099/2025-2026/175745;WS/MP18099/2025-2026/175746;WS/MP18099/2025-2026/175747;WS/MP18099/2025-2026/175748;WS/MP18099/2025-2026/175749;WS/MP18099/2025-2026/175750;WS/MP18099/2025-2026/175751;WS/MP18099/2025-2026/175752;WS/MP18099/2025-2026/175753
CLUST-00225,10,0,WS/MP18102/2025-2026/266821;WS/MP18102/2025-2026/266822;WS/MP18102/2025-2026/266824;WS/MP18102/2025-2026/266825;WS/MP18102/2025-2026/266826;WS/MP18102/2025-2026/266828;WS/MP18102/2025-2026/266829;WS/MP18102/2025-2026/266831;WS/MP18102/2025-2026/266832;WS/MP18102/2025-2026/266834
CLUST-00226,10,0,WS/MP18106/2024-2025/178284;WS/MP18106/2024-2025/178288;WS/MP18106/2024-2025/178294;WS/MP18106/2024-2025/178296;WS/MP18106/2024-2025/178287;WS/MP18106/2024-2025/178291;WS/MP18106/2024-2025/178285;WS/MP18106/2024-2025/178286;WS/MP18106/2024-2025/178289;WS/MP18106/2024-2025/178297
CLUST-00227,10,0,WS/MP18107/2025-2026/231830;WS/MP18107/2025-2026/231831;WS/MP18107/2025-2026/231832;WS/MP18107/2025-2026/231833;WS/MP18107/2025-2026/231834;WS/MP18107/2025-2026/231835;WS/MP18107/2025-2026/231836;WS/MP18107/2025-2026/231837;WS/MP18107/2025-2026/231838;WS/MP18107/2025-2026/231839
CLUST-00228,10,0,WS/MP18107/2025-2026/258182;WS/MP18107/2025-2026/258183;WS/MP18107/2025-2026/258184;WS/MP18107/2025-2026/258185;WS/MP18107/2025-2026/258187;WS/MP18107/2025-2026/258188;WS/MP18107/2025-2026/258189;WS/MP18107/2025-2026/258190;WS/MP18107/2025-2026/258191;WS/MP18107/2025-2026/258192
CLUST-00229,10,0,WS/MP18126/2025-2026/236142;WS/MP18126/2025-2026/236143;WS/MP18126/2025-2026/236144;WS/MP18126/2025-2026/236145;WS/MP18126/2025-2026/236146;WS/MP18126/2025-2026/236148;WS/MP18126/2025-2026/236149;WS/MP18126/2025-2026/236150;WS/MP18126/2025-2026/236151;WS/MP18126/2026-2027/236147
CLUST-00230,10,0,WS/MP18126/2025-2026/266929;WS/MP18126/2025-2026/266930;WS/MP18126/2025-2026/266931;WS/MP18126/2025-2026/266932;WS/MP18126/2025-2026/266933;WS/MP18126/2025-2026/266934;WS/MP18126/2025-2026/266935;WS/MP18126/2025-2026/266936;WS/MP18126/2025-2026/266937;WS/MP18126/2025-2026/266938
CLUST-00231,10,0,WS/MP18144/2025-2026/198924;WS/MP18144/2025-2026/198925;WS/MP18144/2025-2026/198926;WS/MP18144/2025-2026/198927;WS/MP18144/2025-2026/198928;WS/MP18144/2025-2026/198929;WS/MP18144/2025-2026/198930;WS/MP18144/2025-2026/198931;WS/MP18144/2025-2026/198932;WS/MP18144/2025-2026/198933
CLUST-00232,10,0,WS/MP18152/2025-2026/239728;WS/MP18152/2025-2026/239730;WS/MP18152/2025-2026/239731;WS/MP18152/2025-2026/239732;WS/MP18152/2025-2026/241145;WS/MP18152/2025-2026/250148;WS/MP18152/2025-2026/250149;WS/MP18152/2025-2026/250204;WS/MP18152/2025-2026/250205;WS/MP18152/2025-2026/250526
CLUST-00233,10,0,WS/MP18155/2024-2025/141704;WS/MP18155/2024-2025/141706;WS/MP18155/2024-2025/141707;WS/MP18155/2024-2025/141712;WS/MP18155/2024-2025/141714;WS/MP18155/2024-2025/141715;WS/MP18155/2024-2025/141716;WS/MP18155/2024-2025/141717;WS/MP18155/2024-2025/141718;WS/MP18155/2024-2025/141775
CLUST-00234,10,0,WS/MP18156/2025-2026/219867;WS/MP18156/2025-2026/219875;WS/MP18156/2025-2026/219876;WS/MP18156/2025-2026/219877;WS/MP18156/2025-2026/219878;WS/MP18156/2025-2026/219879;WS/MP18156/2025-2026/219880;WS/MP18156/2025-2026/219881;WS/MP18156/2025-2026/219882;WS/MP18156/2025-2026/219883
CLUST-00235,10,0,WS/MP18156/2025-2026/219884;WS/MP18156/2025-2026/219885;WS/MP18156/2025-2026/219886;WS/MP18156/2025-2026/219887;WS/MP18156/2025-2026/219888;WS/MP18156/2025-2026/219889;WS/MP18156/2025-2026/219890;WS/MP18156/2025-2026/219891;WS/MP18156/2025-2026/219892;WS/MP18156/2025-2026/219893
CLUST-00236,10,0,WS/MP18196/2026-2027/273891;WS/MP18196/2026-2027/273892;WS/MP18196/2026-2027/273893;WS/MP18196/2026-2027/273894;WS/MP18196/2026-2027/273895;WS/MP18196/2026-2027/273896;WS/MP18196/2026-2027/273897;WS/MP18196/2026-2027/273898;WS/MP18196/2026-2027/273899;WS/MP18196/2026-2027/273900
CLUST-00237,10,0,WS/MP18208/2025-2026/249706;WS/MP18208/2025-2026/249717;WS/MP18208/2025-2026/249718;WS/MP18208/2025-2026/249722;WS/MP18208/2025-2026/249723;WS/MP18208/2025-2026/249724;WS/MP18208/2025-2026/249725;WS/MP18208/2025-2026/249726;WS/MP18208/2025-2026/249727;WS/MP18208/2025-2026/249728
CLUST-00238,10,0,WS/MP18231/2025-2026/253363;WS/MP18231/2025-2026/253367;WS/MP18231/2025-2026/253364;WS/MP18231/2025-2026/253369;WS/MP18231/2025-2026/253371;WS/MP18231/2025-2026/253370;WS/MP18231/2025-2026/253365;WS/MP18231/2025-2026/253368;WS/MP18231/2025-2026/253366;WS/MP18231/2025-2026/253372
CLUST-00239,10,0,WS/MP18235/2024-2025/150210;WS/MP18235/2024-2025/150212;WS/MP18235/2024-2025/150214;WS/MP18235/2024-2025/150222;WS/MP18235/2024-2025/150225;WS/MP18235/2024-2025/152264;WS/MP18235/2024-2025/150219;WS/MP18235/2024-2025/150226;WS/MP18235/2024-2025/152262;WS/MP18235/2024-2025/150230
CLUST-00240,10,0,WS/MP18235/2024-2025/168525;WS/MP18235/2024-2025/168530;WS/MP18235/2024-2025/168532;WS/MP18235/2024-2025/168533;WS/MP18235/2024-2025/172663;WS/MP18235/2024-2025/172672;WS/MP18235/2024-2025/172673;WS/MP18235/2024-2025/172674;WS/MP18235/2024-2025/172679;WS/MP18235/2024-2025/172684
CLUST-00241,10,0,WS/MP18235/2025-2026/248459;WS/MP18235/2025-2026/254512;WS/MP18235/2025-2026/254507;WS/MP18235/2025-2026/254517;WS/MP18235/2025-2026/248463;WS/MP18235/2025-2026/254323;WS/MP18235/2025-2026/254498;WS/MP18235/2025-2026/254542;WS/MP18235/2025-2026/248466;WS/MP18235/2025-2026/254320
CLUST-00242,10,0,WS/MP18240/2026-2027/276771;WS/MP18240/2026-2027/276831;WS/MP18240/2026-2027/276836;WS/MP18240/2026-2027/276837;WS/MP18240/2026-2027/276838;WS/MP18240/2026-2027/276839;WS/MP18240/2026-2027/276851;WS/MP18240/2026-2027/276863;WS/MP18240/2026-2027/276889;WS/MP18240/2026-2027/276890
CLUST-00243,10,0,WS/MP18246/2025-2026/178673;WS/MP18246/2025-2026/178674;WS/MP18246/2025-2026/178687;WS/MP18246/2025-2026/178690;WS/MP18246/2025-2026/178681;WS/MP18246/2025-2026/178695;WS/MP18246/2025-2026/178688;WS/MP18246/2025-2026/178696;WS/MP18246/2025-2026/178675;WS/MP18246/2025-2026/178676
CLUST-00244,10,0,WS/MP18246/2025-2026/204344;WS/MP18246/2025-2026/204348;WS/MP18246/2025-2026/204352;WS/MP18246/2025-2026/204374;WS/MP18246/2025-2026/204382;WS/MP18246/2025-2026/204385;WS/MP18246/2025-2026/204388;WS/MP18246/2025-2026/204871;WS/MP18246/2025-2026/204875;WS/MP18246/2025-2026/204878
CLUST-00245,10,0,WS/MP18309/2025-2026/155342;WS/MP18309/2025-2026/155343;WS/MP18309/2025-2026/155344;WS/MP18309/2025-2026/155345;WS/MP18309/2025-2026/155346;WS/MP18309/2025-2026/155347;WS/MP18309/2025-2026/155348;WS/MP18309/2025-2026/155349;WS/MP18309/2025-2026/155350;WS/MP18309/2025-2026/155351
CLUST-00246,10,0,WS/MP18314/2025-2026/230891;WS/MP18314/2025-2026/230892;WS/MP18314/2025-2026/230893;WS/MP18314/2025-2026/230894;WS/MP18314/2025-2026/230895;WS/MP18314/2025-2026/230896;WS/MP18314/2025-2026/230897;WS/MP18314/2025-2026/230898;WS/MP18314/2025-2026/230899;WS/MP18314/2025-2026/230900
CLUST-00247,10,0,WS/MP18350/2025-2026/179089;WS/MP18350/2025-2026/179092;WS/MP18350/2025-2026/179093;WS/MP18350/2025-2026/179104;WS/MP18350/2025-2026/179109;WS/MP18350/2025-2026/179113;WS/MP18350/2025-2026/179114;WS/MP18350/2025-2026/179115;WS/MP18350/2025-2026/179116;WS/MP18350/2025-2026/179117
CLUST-00248,10,0,WS/MP18353/2025-2026/227033;WS/MP18353/2025-2026/227034;WS/MP18353/2025-2026/227035;WS/MP18353/2025-2026/227036;WS/MP18353/2025-2026/227037;WS/MP18353/2025-2026/227038;WS/MP18353/2025-2026/227039;WS/MP18353/2025-2026/227040;WS/MP18353/2025-2026/227041;WS/MP18353/2025-2026/227042
CLUST-00249,10,0,WS/MP18404/2024-2025/176486;WS/MP18404/2024-2025/176491;WS/MP18404/2024-2025/176493;WS/MP18404/2024-2025/176487;WS/MP18404/2024-2025/176488;WS/MP18404/2024-2025/176494;WS/MP18404/2024-2025/176489;WS/MP18404/2024-2025/176490;WS/MP18404/2024-2025/176492;WS/MP18404/2024-2025/176495
CLUST-00250,10,0,WS/MP18404/2025-2026/187396;WS/MP18404/2025-2026/187397;WS/MP18404/2025-2026/187398;WS/MP18404/2025-2026/187399;WS/MP18404/2025-2026/187400;WS/MP18404/2025-2026/187401;WS/MP18404/2025-2026/187402;WS/MP18404/2025-2026/187403;WS/MP18404/2025-2026/187404;WS/MP18404/2025-2026/187405
CLUST-00251,10,0,WS/MP241/2025-2026/204503;WS/MP241/2025-2026/204504;WS/MP241/2025-2026/211433;WS/MP241/2025-2026/211438;WS/MP241/2025-2026/211442;WS/MP241/2025-2026/211444;WS/MP241/2025-2026/229703;WS/MP241/2025-2026/229708;WS/MP241/2025-2026/229709;WS/MP241/2025-2026/229710
CLUST-00252,10,0,WS/MP241/2025-2026/255067;WS/MP241/2025-2026/255068;WS/MP241/2025-2026/255069;WS/MP241/2025-2026/255070;WS/MP241/2025-2026/255071;WS/MP241/2025-2026/255072;WS/MP241/2025-2026/255075;WS/MP241/2025-2026/255078;WS/MP241/2025-2026/255079;WS/MP241/2025-2026/255080
CLUST-00253,10,0,WS/MP249/2024-2025/166961;WS/MP249/2024-2025/166962;WS/MP249/2024-2025/166963;WS/MP249/2024-2025/166964;WS/MP249/2024-2025/166967;WS/MP249/2024-2025/166968;WS/MP249/2024-2025/166969;WS/MP249/2024-2025/166970;WS/MP249/2024-2025/166971;WS/MP249/2024-2025/166972
CLUST-00254,10,0,WS/MP356/2024-2025/137822;WS/MP356/2024-2025/137823;WS/MP356/2024-2025/137824;WS/MP356/2024-2025/137825;WS/MP356/2024-2025/137826;WS/MP356/2024-2025/137827;WS/MP356/2024-2025/137860;WS/MP356/2024-2025/137861;WS/MP356/2024-2025/137862;WS/MP356/2024-2025/137863
CLUST-00255,10,0,WS/MP380/2025-2026/193120;WS/MP380/2025-2026/193122;WS/MP380/2025-2026/199115;WS/MP380/2025-2026/200807;WS/MP380/2025-2026/200978;WS/MP380/2025-2026/209155;WS/MP380/2025-2026/209157;WS/MP380/2025-2026/209160;WS/MP380/2025-2026/209162;WS/MP380/2025-2026/209180
CLUST-00256,10,0,WS/MP416/2024-2025/156626;WS/MP416/2024-2025/156628;WS/MP416/2024-2025/156629;WS/MP416/2024-2025/156630;WS/MP416/2024-2025/156631;WS/MP416/2024-2025/156632;WS/MP416/2024-2025/156633;WS/MP416/2024-2025/156634;WS/MP416/2024-2025/156876;WS/MP416/2024-2025/156878
CLUST-00257,10,0,WS/MP443/2025-2026/179894;WS/MP443/2025-2026/179895;WS/MP443/2025-2026/179896;WS/MP443/2025-2026/179897;WS/MP443/2025-2026/179898;WS/MP443/2025-2026/179899;WS/MP443/2025-2026/179900;WS/MP443/2025-2026/179901;WS/MP443/2025-2026/179902;WS/MP443/2025-2026/179903
CLUST-00258,10,0,WS/MP457/2024-2025/154478;WS/MP457/2024-2025/154479;WS/MP457/2024-2025/154485;WS/MP457/2024-2025/154480;WS/MP457/2024-2025/154481;WS/MP457/2024-2025/154482;WS/MP457/2024-2025/154483;WS/MP457/2024-2025/154484;WS/MP457/2024-2025/154486;WS/MP457/2024-2025/154487
CLUST-00259,10,0,WS/MP459/2025-2026/185073;WS/MP459/2025-2026/185074;WS/MP459/2025-2026/185075;WS/MP459/2025-2026/185076;WS/MP459/2025-2026/185077;WS/MP459/2025-2026/185078;WS/MP459/2025-2026/185079;WS/MP459/2025-2026/185080;WS/MP459/2025-2026/185081;WS/MP459/2025-2026/185082
CLUST-00260,10,0,WS/MP481/2025-2026/204514;WS/MP481/2025-2026/204515;WS/MP481/2025-2026/204516;WS/MP481/2025-2026/204517;WS/MP481/2025-2026/204518;WS/MP481/2025-2026/204519;WS/MP481/2025-2026/204520;WS/MP481/2025-2026/204521;WS/MP481/2025-2026/204522;WS/MP481/2025-2026/204523
CLUST-00261,10,0,WS/MP481/2026-2027/251345;WS/MP481/2026-2027/251346;WS/MP481/2026-2027/251347;WS/MP481/2026-2027/251348;WS/MP481/2026-2027/251349;WS/MP481/2026-2027/251350;WS/MP481/2026-2027/251351;WS/MP481/2026-2027/251352;WS/MP481/2026-2027/251353;WS/MP481/2026-2027/251354
CLUST-00262,10,0,WS/MP582/2026-2027/274496;WS/MP582/2026-2027/274497;WS/MP582/2026-2027/274498;WS/MP582/2026-2027/274499;WS/MP582/2026-2027/274505;WS/MP582/2026-2027/274506;WS/MP582/2026-2027/274507;WS/MP582/2026-2027/274508;WS/MP582/2026-2027/274509;WS/MP582/2026-2027/274510
CLUST-00263,10,0,WS/MP640/2026-2027/271070;WS/MP640/2026-2027/271071;WS/MP640/2026-2027/271073;WS/MP640/2026-2027/271075;WS/MP640/2026-2027/271078;WS/MP640/2026-2027/271079;WS/MP640/2026-2027/271080;WS/MP640/2026-2027/271093;WS/MP640/2026-2027/271081;WS/MP640/2026-2027/271087
CLUST-00264,10,0,WS/MP641/2024-2025/147807;WS/MP641/2024-2025/147808;WS/MP641/2024-2025/147809;WS/MP641/2024-2025/147810;WS/MP641/2024-2025/147811;WS/MP641/2024-2025/147812;WS/MP641/2024-2025/147813;WS/MP641/2024-2025/147814;WS/MP641/2024-2025/147815;WS/MP641/2024-2025/147816
CLUST-00265,10,0,WS/MP643/2024-2025/135995;WS/MP643/2024-2025/135996;WS/MP643/2024-2025/135997;WS/MP643/2024-2025/135998;WS/MP643/2024-2025/135999;WS/MP643/2024-2025/136000;WS/MP643/2024-2025/136001;WS/MP643/2024-2025/136002;WS/MP643/2024-2025/136003;WS/MP643/2024-2025/136004
CLUST-00266,10,0,WS/MP643/2024-2025/139577;WS/MP643/2024-2025/139578;WS/MP643/2024-2025/139579;WS/MP643/2024-2025/139580;WS/MP643/2024-2025/139581;WS/MP643/2024-2025/139582;WS/MP643/2024-2025/139583;WS/MP643/2024-2025/139584;WS/MP643/2024-2025/139585;WS/MP643/2024-2025/139586
CLUST-00267,10,0,WS/MP655/2025-2026/208524;WS/MP655/2025-2026/208525;WS/MP655/2025-2026/208526;WS/MP655/2025-2026/208527;WS/MP655/2025-2026/208528;WS/MP655/2025-2026/208529;WS/MP655/2025-2026/208530;WS/MP655/2025-2026/208531;WS/MP655/2025-2026/208532;WS/MP655/2025-2026/208533
CLUST-00268,10,0,WS/MP743/2025-2026/161742;WS/MP743/2025-2026/161743;WS/MP743/2025-2026/161744;WS/MP743/2025-2026/161756;WS/MP743/2025-2026/161757;WS/MP743/2025-2026/161758;WS/MP743/2025-2026/161764;WS/MP743/2025-2026/161765;WS/MP743/2025-2026/161759;WS/MP743/2025-2026/161760
CLUST-00269,10,0,WS/MP858/2024-2025/148879;WS/MP858/2024-2025/148880;WS/MP858/2024-2025/148887;WS/MP858/2024-2025/148881;WS/MP858/2024-2025/148882;WS/MP858/2024-2025/148883;WS/MP858/2024-2025/148888;WS/MP858/2024-2025/148889;WS/MP858/2024-2025/148891;WS/MP858/2024-2025/148892
CLUST-00270,9,0,WS/MP18031/2025-2026/143456;WS/MP18031/2025-2026/143457;WS/MP18031/2025-2026/143458;WS/MP18031/2025-2026/143459;WS/MP18031/2025-2026/143460;WS/MP18031/2025-2026/143461;WS/MP18031/2025-2026/143462;WS/MP18031/2025-2026/143463;WS/MP18031/2025-2026/143464
CLUST-00271,9,0,WS/MP18039/2024-2025/150038;WS/MP18039/2024-2025/150040;WS/MP18039/2024-2025/150041;WS/MP18039/2024-2025/150042;WS/MP18039/2024-2025/152029;WS/MP18039/2024-2025/152030;WS/MP18039/2024-2025/152031;WS/MP18039/2024-2025/152032;WS/MP18039/2024-2025/152033
CLUST-00272,9,0,WS/MP18045/2025-2026/198074;WS/MP18045/2025-2026/198075;WS/MP18045/2025-2026/198076;WS/MP18045/2025-2026/198077;WS/MP18045/2025-2026/198078;WS/MP18045/2025-2026/198079;WS/MP18045/2025-2026/198080;WS/MP18045/2025-2026/198081;WS/MP18045/2025-2026/198082
CLUST-00273,9,0,WS/MP18045/2025-2026/202702;WS/MP18045/2025-2026/202703;WS/MP18045/2025-2026/202704;WS/MP18045/2025-2026/202705;WS/MP18045/2025-2026/202706;WS/MP18045/2025-2026/202707;WS/MP18045/2025-2026/202708;WS/MP18045/2025-2026/202709;WS/MP18045/2025-2026/202710
CLUST-00274,9,0,WS/MP18066/2025-2026/263119;WS/MP18066/2025-2026/263124;WS/MP18066/2025-2026/267629;WS/MP18066/2026-2027/274870;WS/MP18066/2026-2027/275516;WS/MP18066/2026-2027/276828;WS/MP18066/2026-2027/279549;WS/MP18066/2026-2027/246464;WS/MP18066/2026-2027/293478
CLUST-00275,9,0,WS/MP18074/2026-2027/235238;WS/MP18074/2026-2027/235239;WS/MP18074/2026-2027/235240;WS/MP18074/2026-2027/235241;WS/MP18074/2026-2027/235242;WS/MP18074/2026-2027/235243;WS/MP18074/2026-2027/235244;WS/MP18074/2026-2027/235245;WS/MP18074/2026-2027/235246
CLUST-00276,9,0,WS/MP18097/2025-2026/180784;WS/MP18097/2025-2026/180786;WS/MP18097/2025-2026/180788;WS/MP18097/2025-2026/180789;WS/MP18097/2025-2026/180790;WS/MP18097/2025-2026/180791;WS/MP18097/2025-2026/180792;WS/MP18097/2025-2026/180793;WS/MP18097/2025-2026/180794
CLUST-00277,9,0,WS/MP18101/2025-2026/229621;WS/MP18101/2025-2026/229630;WS/MP18101/2025-2026/229631;WS/MP18101/2025-2026/229632;WS/MP18101/2025-2026/229633;WS/MP18101/2025-2026/229634;WS/MP18101/2025-2026/229635;WS/MP18101/2025-2026/229636;WS/MP18101/2025-2026/229637
CLUST-00278,9,0,WS/MP18101/2025-2026/229664;WS/MP18101/2025-2026/229665;WS/MP18101/2025-2026/229666;WS/MP18101/2025-2026/229667;WS/MP18101/2025-2026/229671;WS/MP18101/2025-2026/229672;WS/MP18101/2025-2026/229673;WS/MP18101/2025-2026/229674;WS/MP18101/2025-2026/229675
CLUST-00279,9,0,WS/MP18105/2025-2026/213659;WS/MP18105/2025-2026/213660;WS/MP18105/2025-2026/213661;WS/MP18105/2025-2026/213662;WS/MP18105/2025-2026/213663;WS/MP18105/2025-2026/213664;WS/MP18105/2025-2026/213665;WS/MP18105/2025-2026/213666;WS/MP18105/2025-2026/213667
CLUST-00280,9,0,WS/MP18124/2025-2026/165749;WS/MP18124/2025-2026/165767;WS/MP18124/2025-2026/165771;WS/MP18124/2025-2026/165777;WS/MP18124/2025-2026/165779;WS/MP18124/2025-2026/165781;WS/MP18124/2025-2026/165785;WS/MP18124/2025-2026/165789;WS/MP18124/2025-2026/165816
CLUST-00281,9,0,WS/MP18144/2024-2025/135750;WS/MP18144/2024-2025/135751;WS/MP18144/2024-2025/135752;WS/MP18144/2024-2025/135753;WS/MP18144/2024-2025/135754;WS/MP18144/2024-2025/135755;WS/MP18144/2024-2025/135756;WS/MP18144/2024-2025/135757;WS/MP18144/2024-2025/135758
CLUST-00282,9,0,WS/MP18144/2026-2027/275587;WS/MP18144/2026-2027/275589;WS/MP18144/2026-2027/275594;WS/MP18144/2026-2027/275595;WS/MP18144/2026-2027/275599;WS/MP18144/2026-2027/275725;WS/MP18144/2026-2027/275726;WS/MP18144/2026-2027/275769;WS/MP18144/2026-2027/275770
CLUST-00283,9,0,WS/MP18152/2024-2025/133692;WS/MP18152/2024-2025/137641;WS/MP18152/2024-2025/137631;WS/MP18152/2024-2025/137637;WS/MP18152/2024-2025/137640;WS/MP18152/2024-2025/141219;WS/MP18152/2024-2025/141220;WS/MP18152/2024-2025/141221;WS/MP18152/2024-2025/141188
CLUST-00284,9,0,WS/MP18152/2024-2025/133696;WS/MP18152/2024-2025/133703;WS/MP18152/2024-2025/137632;WS/MP18152/2024-2025/137636;WS/MP18152/2024-2025/137638;WS/MP18152/2024-2025/137639;WS/MP18152/2024-2025/133699;WS/MP18152/2024-2025/133701;WS/MP18152/2024-2025/137634
CLUST-00285,9,0,WS/MP18153/2024-2025/170735;WS/MP18153/2024-2025/170736;WS/MP18153/2024-2025/170738;WS/MP18153/2024-2025/170742;WS/MP18153/2024-2025/170743;WS/MP18153/2024-2025/170747;WS/MP18153/2024-2025/170756;WS/MP18153/2024-2025/170761;WS/MP18153/2024-2025/170762
CLUST-00286,9,0,WS/MP18153/2025-2026/229106;WS/MP18153/2025-2026/229110;WS/MP18153/2025-2026/229111;WS/MP18153/2025-2026/229113;WS/MP18153/2025-2026/229107;WS/MP18153/2025-2026/229108;WS/MP18153/2025-2026/229109;WS/MP18153/2025-2026/229112;WS/MP18153/2025-2026/229114
CLUST-00287,9,0,WS/MP18175/2025-2026/221210;WS/MP18175/2025-2026/221212;WS/MP18175/2025-2026/221214;WS/MP18175/2025-2026/221216;WS/MP18175/2025-2026/221217;WS/MP18175/2025-2026/221219;WS/MP18175/2025-2026/221215;WS/MP18175/2025-2026/221213;WS/MP18175/2025-2026/221218
CLUST-00288,9,0,WS/MP18212/2024-2025/158813;WS/MP18212/2024-2025/158814;WS/MP18212/2024-2025/158815;WS/MP18212/2024-2025/158816;WS/MP18212/2024-2025/158817;WS/MP18212/2024-2025/158818;WS/MP18212/2024-2025/158819;WS/MP18212/2024-2025/158820;WS/MP18212/2024-2025/158821
CLUST-00289,9,0,WS/MP18240/2026-2027/276727;WS/MP18240/2026-2027/276769;WS/MP18240/2026-2027/276775;WS/MP18240/2026-2027/276811;WS/MP18240/2026-2027/276970;WS/MP18240/2026-2027/276971;WS/MP18240/2026-2027/276820;WS/MP18240/2026-2027/276938;WS/MP18240/2026-2027/276781
CLUST-00290,9,0,WS/MP18246/2025-2026/228281;WS/MP18246/2025-2026/228282;WS/MP18246/2025-2026/228283;WS/MP18246/2025-2026/228284;WS/MP18246/2025-2026/228285;WS/MP18246/2025-2026/228286;WS/MP18246/2025-2026/228287;WS/MP18246/2026-2027/228278;WS/MP18246/2026-2027/228280
CLUST-00291,9,0,WS/MP18309/2025-2026/157953;WS/MP18309/2025-2026/157954;WS/MP18309/2025-2026/157955;WS/MP18309/2025-2026/157956;WS/MP18309/2025-2026/157957;WS/MP18309/2025-2026/157958;WS/MP18309/2025-2026/157959;WS/MP18309/2025-2026/157960;WS/MP18309/2025-2026/157961
CLUST-00292,9,0,WS/MP18335/2025-2026/204363;WS/MP18335/2025-2026/204364;WS/MP18335/2025-2026/204365;WS/MP18335/2025-2026/204366;WS/MP18335/2025-2026/204367;WS/MP18335/2025-2026/204368;WS/MP18335/2025-2026/204369;WS/MP18335/2025-2026/204370;WS/MP18335/2025-2026/204371
CLUST-00293,9,0,WS/MP241/2026-2027/273610;WS/MP241/2026-2027/273611;WS/MP241/2026-2027/273612;WS/MP241/2026-2027/273613;WS/MP241/2026-2027/273614;WS/MP241/2026-2027/273615;WS/MP241/2026-2027/291736;WS/MP241/2026-2027/291737;WS/MP241/2026-2027/291739
CLUST-00294,9,0,WS/MP249/2025-2026/166893;WS/MP249/2025-2026/166894;WS/MP249/2025-2026/166897;WS/MP249/2025-2026/166899;WS/MP249/2025-2026/166900;WS/MP249/2025-2026/166901;WS/MP249/2025-2026/166903;WS/MP249/2025-2026/166904;WS/MP249/2025-2026/166905
CLUST-00295,9,0,WS/MP324/2025-2026/184162;WS/MP324/2025-2026/184163;WS/MP324/2025-2026/184164;WS/MP324/2025-2026/184166;WS/MP324/2025-2026/184167;WS/MP324/2025-2026/184168;WS/MP324/2025-2026/184169;WS/MP324/2025-2026/184170;WS/MP324/2025-2026/184171
CLUST-00296,9,0,WS/MP413/2025-2026/169385;WS/MP413/2025-2026/169386;WS/MP413/2025-2026/169389;WS/MP413/2025-2026/169395;WS/MP413/2025-2026/169396;WS/MP413/2025-2026/169397;WS/MP413/2025-2026/169398;WS/MP413/2025-2026/169399;WS/MP413/2025-2026/169400
CLUST-00297,9,0,WS/MP444/2025-2026/199892;WS/MP444/2025-2026/199893;WS/MP444/2025-2026/199894;WS/MP444/2025-2026/199895;WS/MP444/2025-2026/199896;WS/MP444/2025-2026/199897;WS/MP444/2025-2026/199898;WS/MP444/2025-2026/199899;WS/MP444/2025-2026/199900
CLUST-00298,9,0,WS/MP444/2025-2026/199983;WS/MP444/2025-2026/199984;WS/MP444/2025-2026/199985;WS/MP444/2025-2026/199986;WS/MP444/2025-2026/199987;WS/MP444/2025-2026/199988;WS/MP444/2025-2026/199989;WS/MP444/2025-2026/199990;WS/MP444/2025-2026/199991
CLUST-00299,9,0,WS/MP558/2025-2026/191029;WS/MP558/2025-2026/191034;WS/MP558/2025-2026/191033;WS/MP558/2025-2026/191035;WS/MP558/2025-2026/191036;WS/MP558/2025-2026/191030;WS/MP558/2025-2026/191039;WS/MP558/2025-2026/191044;WS/MP558/2025-2026/191061
CLUST-00300,9,0,WS/MP642/2025-2026/195926;WS/MP642/2025-2026/195927;WS/MP642/2025-2026/195928;WS/MP642/2025-2026/195929;WS/MP642/2025-2026/195930;WS/MP642/2025-2026/195931;WS/MP642/2025-2026/195932;WS/MP642/2025-2026/195933;WS/MP642/2025-2026/195934
CLUST-00301,9,0,WS/MP642/2025-2026/196570;WS/MP642/2025-2026/196574;WS/MP642/2025-2026/196575;WS/MP642/2025-2026/199813;WS/MP642/2025-2026/196571;WS/MP642/2025-2026/198156;WS/MP642/2025-2026/198154;WS/MP642/2025-2026/198155;WS/MP642/2025-2026/198158
CLUST-00302,9,0,WS/MP643/2025-2026/208543;WS/MP643/2025-2026/208544;WS/MP643/2025-2026/208545;WS/MP643/2025-2026/208546;WS/MP643/2025-2026/208547;WS/MP643/2025-2026/208548;WS/MP643/2025-2026/208549;WS/MP643/2025-2026/208550;WS/MP643/2025-2026/208551
CLUST-00303,9,0,WS/MP643/2025-2026/208614;WS/MP643/2025-2026/208615;WS/MP643/2025-2026/208616;WS/MP643/2025-2026/208617;WS/MP643/2025-2026/208618;WS/MP643/2025-2026/208619;WS/MP643/2025-2026/208620;WS/MP643/2025-2026/208621;WS/MP643/2025-2026/208622
CLUST-00304,9,0,WS/MP654/2025-2026/178969;WS/MP654/2025-2026/178970;WS/MP654/2025-2026/178971;WS/MP654/2025-2026/178972;WS/MP654/2025-2026/178973;WS/MP654/2025-2026/178974;WS/MP654/2025-2026/178975;WS/MP654/2025-2026/178976;WS/MP654/2025-2026/197471
CLUST-00305,9,0,WS/MP716/2024-2025/141808;WS/MP716/2024-2025/141809;WS/MP716/2024-2025/141810;WS/MP716/2024-2025/141811;WS/MP716/2024-2025/141812;WS/MP716/2024-2025/141813;WS/MP716/2024-2025/141819;WS/MP716/2024-2025/141820;WS/MP716/2024-2025/141822
CLUST-00306,9,0,WS/MP743/2025-2026/230518;WS/MP743/2025-2026/230519;WS/MP743/2025-2026/230520;WS/MP743/2025-2026/230522;WS/MP743/2025-2026/230523;WS/MP743/2025-2026/230524;WS/MP743/2025-2026/230525;WS/MP743/2025-2026/230527;WS/MP743/2025-2026/230526
CLUST-00307,9,0,WS/MP755/2025-2026/196022;WS/MP755/2025-2026/196023;WS/MP755/2025-2026/196024;WS/MP755/2025-2026/196025;WS/MP755/2025-2026/196026;WS/MP755/2025-2026/196027;WS/MP755/2025-2026/196028;WS/MP755/2025-2026/196029;WS/MP755/2025-2026/196030
CLUST-00308,9,0,WS/MP756/2025-2026/202458;WS/MP756/2025-2026/202480;WS/MP756/2025-2026/202462;WS/MP756/2025-2026/202479;WS/MP756/2025-2026/202495;WS/MP756/2025-2026/202497;WS/MP756/2025-2026/202494;WS/MP756/2025-2026/202486;WS/MP756/2025-2026/202466
CLUST-00309,9,0,WS/MP758/2025-2026/201549;WS/MP758/2025-2026/201550;WS/MP758/2025-2026/201585;WS/MP758/2025-2026/201551;WS/MP758/2025-2026/201553;WS/MP758/2025-2026/201581;WS/MP758/2025-2026/201583;WS/MP758/2025-2026/201584;WS/MP758/2025-2026/201552
CLUST-00310,8,0,WS/MP18036/2025-2026/193791;WS/MP18036/2025-2026/193792;WS/MP18036/2025-2026/193793;WS/MP18036/2025-2026/193808;WS/MP18036/2025-2026/193809;WS/MP18036/2025-2026/198350;WS/MP18036/2025-2026/205834;WS/MP18036/2025-2026/205835
CLUST-00311,8,0,WS/MP18036/2025-2026/206669;WS/MP18036/2025-2026/206670;WS/MP18036/2025-2026/206671;WS/MP18036/2025-2026/206672;WS/MP18036/2025-2026/206673;WS/MP18036/2025-2026/206688;WS/MP18036/2025-2026/206689;WS/MP18036/2025-2026/206690
CLUST-00312,8,0,WS/MP18038/2025-2026/160182;WS/MP18038/2025-2026/160184;WS/MP18038/2025-2026/160200;WS/MP18038/2025-2026/160202;WS/MP18038/2025-2026/160210;WS/MP18038/2025-2026/160217;WS/MP18038/2025-2026/160219;WS/MP18038/2025-2026/160220
CLUST-00313,8,0,WS/MP18048/2025-2026/234815;WS/MP18048/2025-2026/234816;WS/MP18048/2025-2026/234818;WS/MP18048/2025-2026/234820;WS/MP18048/2025-2026/234821;WS/MP18048/2025-2026/234828;WS/MP18048/2025-2026/234829;WS/MP18048/2025-2026/234830
CLUST-00314,8,0,WS/MP18056/2025-2026/263033;WS/MP18056/2025-2026/263034;WS/MP18056/2025-2026/263035;WS/MP18056/2025-2026/263036;WS/MP18056/2025-2026/263037;WS/MP18056/2025-2026/263038;WS/MP18056/2025-2026/263039;WS/MP18056/2025-2026/263040
CLUST-00315,8,0,WS/MP18073/2026-2027/267457;WS/MP18073/2026-2027/267460;WS/MP18073/2026-2027/267461;WS/MP18073/2026-2027/267462;WS/MP18073/2026-2027/267463;WS/MP18073/2026-2027/267464;WS/MP18073/2026-2027/267465;WS/MP18073/2026-2027/267467
CLUST-00316,8,0,WS/MP18089/2026-2027/218190;WS/MP18089/2026-2027/218193;WS/MP18089/2026-2027/218196;WS/MP18089/2026-2027/218197;WS/MP18089/2026-2027/233375;WS/MP18089/2026-2027/233381;WS/MP18089/2026-2027/261802;WS/MP18089/2026-2027/261807
CLUST-00317,8,0,WS/MP18101/2025-2026/185857;WS/MP18101/2025-2026/185861;WS/MP18101/2025-2026/185865;WS/MP18101/2025-2026/185878;WS/MP18101/2025-2026/185873;WS/MP18101/2025-2026/185868;WS/MP18101/2025-2026/185877;WS/MP18101/2025-2026/185874
CLUST-00318,8,0,WS/MP18142/2025-2026/231796;WS/MP18142/2025-2026/231797;WS/MP18142/2025-2026/231798;WS/MP18142/2025-2026/231799;WS/MP18142/2025-2026/231800;WS/MP18142/2025-2026/231801;WS/MP18142/2025-2026/231802;WS/MP18142/2025-2026/231803
CLUST-00319,8,0,WS/MP18152/2024-2025/141163;WS/MP18152/2024-2025/163183;WS/MP18152/2024-2025/163185;WS/MP18152/2024-2025/163186;WS/MP18152/2024-2025/163187;WS/MP18152/2025-2026/141160;WS/MP18152/2025-2026/163157;WS/MP18152/2025-2026/163159
CLUST-00320,8,0,WS/MP18152/2025-2026/241144;WS/MP18152/2025-2026/250150;WS/MP18152/2025-2026/250151;WS/MP18152/2025-2026/258321;WS/MP18152/2025-2026/258322;WS/MP18152/2025-2026/258333;WS/MP18152/2025-2026/258381;WS/MP18152/2026-2027/239771
CLUST-00321,8,0,WS/MP18153/2024-2025/177964;WS/MP18153/2024-2025/177965;WS/MP18153/2024-2025/177967;WS/MP18153/2024-2025/177970;WS/MP18153/2024-2025/177971;WS/MP18153/2024-2025/177966;WS/MP18153/2024-2025/177973;WS/MP18153/2024-2025/177972
CLUST-00322,8,0,WS/MP18154/2025-2026/166552;WS/MP18154/2025-2026/166553;WS/MP18154/2025-2026/166554;WS/MP18154/2025-2026/166555;WS/MP18154/2025-2026/166556;WS/MP18154/2025-2026/166557;WS/MP18154/2025-2026/166558;WS/MP18154/2025-2026/166559
CLUST-00323,8,0,WS/MP18178/2025-2026/202125;WS/MP18178/2025-2026/202126;WS/MP18178/2025-2026/202127;WS/MP18178/2025-2026/202133;WS/MP18178/2025-2026/202159;WS/MP18178/2025-2026/202154;WS/MP18178/2025-2026/202152;WS/MP18178/2025-2026/202147
CLUST-00324,8,0,WS/MP18178/2025-2026/218065;WS/MP18178/2025-2026/218066;WS/MP18178/2025-2026/218074;WS/MP18178/2025-2026/218076;WS/MP18178/2025-2026/218107;WS/MP18178/2025-2026/218108;WS/MP18178/2025-2026/218113;WS/MP18178/2025-2026/218122
CLUST-00325,8,0,WS/MP18180/2025-2026/149576;WS/MP18180/2025-2026/149580;WS/MP18180/2025-2026/149584;WS/MP18180/2025-2026/149585;WS/MP18180/2025-2026/149577;WS/MP18180/2025-2026/149579;WS/MP18180/2025-2026/149581;WS/MP18180/2025-2026/149582
CLUST-00326,8,0,WS/MP18188/2025-2026/257138;WS/MP18188/2025-2026/257143;WS/MP18188/2025-2026/257144;WS/MP18188/2025-2026/257146;WS/MP18188/2025-2026/257139;WS/MP18188/2025-2026/257142;WS/MP18188/2025-2026/257140;WS/MP18188/2025-2026/257145
CLUST-00327,8,0,WS/MP18190/2025-2026/222499;WS/MP18190/2025-2026/222501;WS/MP18190/2025-2026/222505;WS/MP18190/2025-2026/222507;WS/MP18190/2025-2026/222509;WS/MP18190/2025-2026/222511;WS/MP18190/2025-2026/222512;WS/MP18190/2025-2026/222514
CLUST-00328,8,0,WS/MP18192/2025-2026/220285;WS/MP18192/2025-2026/220288;WS/MP18192/2025-2026/220290;WS/MP18192/2025-2026/220292;WS/MP18192/2025-2026/220293;WS/MP18192/2025-2026/220295;WS/MP18192/2025-2026/220297;WS/MP18192/2025-2026/220298
CLUST-00329,8,0,WS/MP18206/2025-2026/158471;WS/MP18206/2025-2026/158484;WS/MP18206/2025-2026/158490;WS/MP18206/2025-2026/158501;WS/MP18206/2025-2026/158474;WS/MP18206/2025-2026/158489;WS/MP18206/2025-2026/158512;WS/MP18206/2025-2026/158529
CLUST-00330,8,0,WS/MP18208/2025-2026/266662;WS/MP18208/2025-2026/266664;WS/MP18208/2025-2026/266665;WS/MP18208/2025-2026/266667;WS/MP18208/2025-2026/266668;WS/MP18208/2025-2026/266670;WS/MP18208/2025-2026/266672;WS/MP18208/2025-2026/266671
CLUST-00331,8,0,WS/MP18212/2024-2025/158827;WS/MP18212/2024-2025/158828;WS/MP18212/2024-2025/158829;WS/MP18212/2024-2025/158830;WS/MP18212/2024-2025/158831;WS/MP18212/2024-2025/158832;WS/MP18212/2024-2025/158833;WS/MP18212/2024-2025/158834
CLUST-00332,8,0,WS/MP18226/2024-2025/168964;WS/MP18226/2024-2025/168994;WS/MP18226/2024-2025/169276;WS/MP18226/2024-2025/168995;WS/MP18226/2024-2025/169883;WS/MP18226/2024-2025/169884;WS/MP18226/2024-2025/169887;WS/MP18226/2024-2025/168965
CLUST-00333,8,0,WS/MP18226/2024-2025/169281;WS/MP18226/2024-2025/169282;WS/MP18226/2024-2025/169283;WS/MP18226/2024-2025/169284;WS/MP18226/2024-2025/169312;WS/MP18226/2024-2025/169330;WS/MP18226/2024-2025/169338;WS/MP18226/2024-2025/169339
CLUST-00334,8,0,WS/MP18235/2026-2027/282446;WS/MP18235/2026-2027/282458;WS/MP18235/2026-2027/282459;WS/MP18235/2026-2027/282462;WS/MP18235/2026-2027/282466;WS/MP18235/2026-2027/282467;WS/MP18235/2026-2027/282455;WS/MP18235/2026-2027/282449
CLUST-00335,8,0,WS/MP18264/2025-2026/220157;WS/MP18264/2025-2026/220160;WS/MP18264/2025-2026/220259;WS/MP18264/2025-2026/220162;WS/MP18264/2025-2026/220215;WS/MP18264/2025-2026/220228;WS/MP18264/2025-2026/220257;WS/MP18264/2025-2026/220229
CLUST-00336,8,0,WS/MP18276/2025-2026/193685;WS/MP18276/2025-2026/193686;WS/MP18276/2025-2026/193687;WS/MP18276/2025-2026/193688;WS/MP18276/2025-2026/193689;WS/MP18276/2025-2026/193690;WS/MP18276/2025-2026/193691;WS/MP18276/2025-2026/193692
CLUST-00337,8,0,WS/MP18357/2025-2026/193426;WS/MP18357/2025-2026/199882;WS/MP18357/2025-2026/199884;WS/MP18357/2025-2026/199885;WS/MP18357/2025-2026/199886;WS/MP18357/2025-2026/199887;WS/MP18357/2025-2026/199888;WS/MP18357/2025-2026/199889
CLUST-00338,8,0,WS/MP18404/2025-2026/268200;WS/MP18404/2025-2026/268206;WS/MP18404/2025-2026/268207;WS/MP18404/2025-2026/268393;WS/MP18404/2025-2026/268397;WS/MP18404/2025-2026/268404;WS/MP18404/2025-2026/268411;WS/MP18404/2025-2026/268410
CLUST-00339,8,0,WS/MP356/2024-2025/137831;WS/MP356/2024-2025/137832;WS/MP356/2024-2025/137833;WS/MP356/2024-2025/137834;WS/MP356/2024-2025/137835;WS/MP356/2024-2025/137844;WS/MP356/2024-2025/137845;WS/MP356/2024-2025/137846
CLUST-00340,8,0,WS/MP380/2025-2026/219271;WS/MP380/2025-2026/219272;WS/MP380/2025-2026/219273;WS/MP380/2025-2026/219274;WS/MP380/2025-2026/219275;WS/MP380/2025-2026/219276;WS/MP380/2025-2026/219277;WS/MP380/2025-2026/219278
CLUST-00341,8,0,WS/MP423/2024-2025/133940;WS/MP423/2024-2025/133944;WS/MP423/2024-2025/133945;WS/MP423/2024-2025/133946;WS/MP423/2024-2025/133949;WS/MP423/2024-2025/133964;WS/MP423/2024-2025/133941;WS/MP423/2024-2025/133955
CLUST-00342,8,0,WS/MP423/2026-2027/280968;WS/MP423/2026-2027/280969;WS/MP423/2026-2027/280971;WS/MP423/2026-2027/280972;WS/MP423/2026-2027/280983;WS/MP423/2026-2027/280984;WS/MP423/2026-2027/280985;WS/MP423/2026-2027/280986
CLUST-00343,8,0,WS/MP575/2024-2025/164245;WS/MP575/2024-2025/164810;WS/MP575/2024-2025/164246;WS/MP575/2024-2025/164807;WS/MP575/2024-2025/164811;WS/MP575/2024-2025/164812;WS/MP575/2024-2025/164815;WS/MP575/2024-2025/164258
CLUST-00344,8,0,WS/MP638/2025-2026/236607;WS/MP638/2025-2026/236610;WS/MP638/2025-2026/236612;WS/MP638/2025-2026/236613;WS/MP638/2025-2026/236614;WS/MP638/2025-2026/236616;WS/MP638/2025-2026/236620;WS/MP638/2025-2026/236621
CLUST-00345,8,0,WS/MP643/2024-2025/135908;WS/MP643/2024-2025/135909;WS/MP643/2024-2025/135911;WS/MP643/2024-2025/135912;WS/MP643/2024-2025/135914;WS/MP643/2024-2025/135915;WS/MP643/2024-2025/135916;WS/MP643/2024-2025/135917
CLUST-00346,8,0,WS/MP650/2024-2025/179349;WS/MP650/2024-2025/179351;WS/MP650/2024-2025/179352;WS/MP650/2024-2025/179356;WS/MP650/2024-2025/179378;WS/MP650/2024-2025/179380;WS/MP650/2024-2025/179382;WS/MP650/2024-2025/179383
CLUST-00347,8,0,WS/MP654/2024-2025/172125;WS/MP654/2024-2025/172126;WS/MP654/2024-2025/172127;WS/MP654/2024-2025/172128;WS/MP654/2024-2025/172129;WS/MP654/2024-2025/172130;WS/MP654/2024-2025/172131;WS/MP654/2024-2025/172132
CLUST-00348,8,0,WS/MP743/2025-2026/195570;WS/MP743/2025-2026/195578;WS/MP743/2025-2026/195572;WS/MP743/2025-2026/195575;WS/MP743/2025-2026/195576;WS/MP743/2025-2026/195603;WS/MP743/2025-2026/195574;WS/MP743/2025-2026/195577
CLUST-00349,7,0,WS/MP18035/2025-2026/238673;WS/MP18035/2025-2026/238674;WS/MP18035/2025-2026/238675;WS/MP18035/2025-2026/238676;WS/MP18035/2025-2026/238677;WS/MP18035/2025-2026/238678;WS/MP18035/2025-2026/238679
CLUST-00350,7,0,WS/MP18036/2025-2026/198339;WS/MP18036/2025-2026/198340;WS/MP18036/2025-2026/198344;WS/MP18036/2025-2026/198349;WS/MP18036/2025-2026/205830;WS/MP18036/2025-2026/205831;WS/MP18036/2025-2026/205833
CLUST-00351,7,0,WS/MP18036/2025-2026/262922;WS/MP18036/2025-2026/262923;WS/MP18036/2025-2026/262924;WS/MP18036/2025-2026/262925;WS/MP18036/2025-2026/262926;WS/MP18036/2025-2026/262978;WS/MP18036/2025-2026/262987
CLUST-00352,7,0,WS/MP18037/2024-2025/169126;WS/MP18037/2024-2025/169127;WS/MP18037/2024-2025/169128;WS/MP18037/2024-2025/169129;WS/MP18037/2024-2025/169130;WS/MP18037/2024-2025/169131;WS/MP18037/2024-2025/169132
CLUST-00353,7,0,WS/MP18044/2025-2026/187408;WS/MP18044/2025-2026/187409;WS/MP18044/2025-2026/187410;WS/MP18044/2025-2026/187411;WS/MP18044/2025-2026/187412;WS/MP18044/2025-2026/187413;WS/MP18044/2025-2026/187414
CLUST-00354,7,0,WS/MP18059/2025-2026/248185;WS/MP18059/2025-2026/248217;WS/MP18059/2025-2026/248219;WS/MP18059/2025-2026/248221;WS/MP18059/2025-2026/248218;WS/MP18059/2025-2026/252582;WS/MP18059/2025-2026/248222
CLUST-00355,7,0,WS/MP18074/2026-2027/233983;WS/MP18074/2026-2027/233984;WS/MP18074/2026-2027/233985;WS/MP18074/2026-2027/233986;WS/MP18074/2026-2027/233987;WS/MP18074/2026-2027/233988;WS/MP18074/2026-2027/233989
CLUST-00356,7,0,WS/MP18098/2025-2026/180418;WS/MP18098/2025-2026/180419;WS/MP18098/2025-2026/180420;WS/MP18098/2025-2026/180421;WS/MP18098/2025-2026/180422;WS/MP18098/2025-2026/180423;WS/MP18098/2025-2026/180424
CLUST-00357,7,0,WS/MP18101/2025-2026/229646;WS/MP18101/2025-2026/229647;WS/MP18101/2025-2026/229648;WS/MP18101/2025-2026/229649;WS/MP18101/2025-2026/229650;WS/MP18101/2025-2026/229651;WS/MP18101/2025-2026/229652
CLUST-00358,7,0,WS/MP18107/2025-2026/175275;WS/MP18107/2025-2026/175276;WS/MP18107/2025-2026/175277;WS/MP18107/2025-2026/175281;WS/MP18107/2025-2026/175279;WS/MP18107/2025-2026/175280;WS/MP18107/2025-2026/175282
CLUST-00359,7,0,WS/MP18107/2025-2026/258169;WS/MP18107/2025-2026/258173;WS/MP18107/2025-2026/258175;WS/MP18107/2025-2026/258176;WS/MP18107/2025-2026/258177;WS/MP18107/2025-2026/258195;WS/MP18107/2025-2026/258174
CLUST-00360,7,0,WS/MP18120/2025-2026/225800;WS/MP18120/2025-2026/225802;WS/MP18120/2025-2026/225806;WS/MP18120/2025-2026/225809;WS/MP18120/2025-2026/225811;WS/MP18120/2025-2026/225812;WS/MP18120/2025-2026/225810
CLUST-00361,7,0,WS/MP18145/2024-2025/160337;WS/MP18145/2025-2026/160336;WS/MP18145/2025-2026/160338;WS/MP18145/2025-2026/160346;WS/MP18145/2025-2026/160348;WS/MP18145/2025-2026/160351;WS/MP18145/2025-2026/160355
CLUST-00362,7,0,WS/MP18152/2024-2025/157844;WS/MP18152/2024-2025/157845;WS/MP18152/2024-2025/157848;WS/MP18152/2024-2025/157850;WS/MP18152/2024-2025/157857;WS/MP18152/2024-2025/176307;WS/MP18152/2024-2025/176311
CLUST-00363,7,0,WS/MP18152/2025-2026/140024;WS/MP18152/2025-2026/140027;WS/MP18152/2025-2026/140031;WS/MP18152/2025-2026/140032;WS/MP18152/2025-2026/150605;WS/MP18152/2025-2026/157879;WS/MP18152/2025-2026/158091
CLUST-00364,7,0,WS/MP18152/2025-2026/239720;WS/MP18152/2025-2026/239721;WS/MP18152/2025-2026/239722;WS/MP18152/2025-2026/239723;WS/MP18152/2025-2026/239724;WS/MP18152/2025-2026/239725;WS/MP18152/2025-2026/239726
CLUST-00365,7,0,WS/MP18152/2025-2026/274097;WS/MP18152/2025-2026/274098;WS/MP18152/2025-2026/274100;WS/MP18152/2025-2026/274101;WS/MP18152/2025-2026/274144;WS/MP18152/2025-2026/274145;WS/MP18152/2025-2026/274148
CLUST-00366,7,0,WS/MP18152/2026-2027/293493;WS/MP18152/2026-2027/293500;WS/MP18152/2026-2027/293505;WS/MP18152/2026-2027/294689;WS/MP18152/2026-2027/294712;WS/MP18152/2026-2027/294921;WS/MP18152/2026-2027/293562
CLUST-00367,7,0,WS/MP18153/2026-2027/308153;WS/MP18153/2026-2027/308177;WS/MP18153/2026-2027/308182;WS/MP18153/2026-2027/308185;WS/MP18153/2026-2027/309063;WS/MP18153/2026-2027/308183;WS/MP18153/2026-2027/308184
CLUST-00368,7,0,WS/MP18158/2025-2026/230305;WS/MP18158/2025-2026/238986;WS/MP18158/2025-2026/238990;WS/MP18158/2025-2026/238991;WS/MP18158/2025-2026/238988;WS/MP18158/2025-2026/238993;WS/MP18158/2025-2026/238994
CLUST-00369,7,0,WS/MP18212/2024-2025/161050;WS/MP18212/2024-2025/161051;WS/MP18212/2024-2025/161052;WS/MP18212/2024-2025/161053;WS/MP18212/2024-2025/161054;WS/MP18212/2024-2025/161055;WS/MP18212/2024-2025/161056
CLUST-00370,7,0,WS/MP18251/2025-2026/195310;WS/MP18251/2025-2026/195328;WS/MP18251/2025-2026/195311;WS/MP18251/2025-2026/195312;WS/MP18251/2025-2026/195329;WS/MP18251/2025-2026/195330;WS/MP18251/2025-2026/195370
CLUST-00371,7,0,WS/MP18278/2025-2026/224847;WS/MP18278/2025-2026/224848;WS/MP18278/2025-2026/224849;WS/MP18278/2025-2026/224850;WS/MP18278/2025-2026/224851;WS/MP18278/2025-2026/224852;WS/MP18278/2025-2026/224853
CLUST-00372,7,0,WS/MP18278/2025-2026/224871;WS/MP18278/2025-2026/224872;WS/MP18278/2025-2026/224873;WS/MP18278/2025-2026/224874;WS/MP18278/2025-2026/224875;WS/MP18278/2025-2026/224876;WS/MP18278/2025-2026/224877
CLUST-00373,7,0,WS/MP18335/2025-2026/207558;WS/MP18335/2025-2026/207572;WS/MP18335/2025-2026/207573;WS/MP18335/2025-2026/207576;WS/MP18335/2025-2026/207577;WS/MP18335/2025-2026/207579;WS/MP18335/2025-2026/207582
CLUST-00374,7,0,WS/MP18392/2025-2026/255714;WS/MP18392/2025-2026/255715;WS/MP18392/2025-2026/255716;WS/MP18392/2025-2026/255717;WS/MP18392/2025-2026/255718;WS/MP18392/2025-2026/255719;WS/MP18392/2025-2026/255720
CLUST-00375,7,0,WS/MP18396/2025-2026/251088;WS/MP18396/2025-2026/251093;WS/MP18396/2025-2026/251117;WS/MP18396/2025-2026/251118;WS/MP18396/2025-2026/251119;WS/MP18396/2025-2026/251127;WS/MP18396/2025-2026/251130
CLUST-00376,7,0,WS/MP18404/2024-2025/176451;WS/MP18404/2024-2025/176452;WS/MP18404/2024-2025/176455;WS/MP18404/2024-2025/176456;WS/MP18404/2024-2025/176457;WS/MP18404/2024-2025/176512;WS/MP18404/2024-2025/176515
CLUST-00377,7,0,WS/MP18404/2024-2025/176523;WS/MP18404/2024-2025/176524;WS/MP18404/2024-2025/176525;WS/MP18404/2024-2025/176526;WS/MP18404/2024-2025/176528;WS/MP18404/2024-2025/176529;WS/MP18404/2024-2025/176530
CLUST-00378,7,0,WS/MP334/2024-2025/139932;WS/MP334/2024-2025/139933;WS/MP334/2024-2025/139935;WS/MP334/2024-2025/139934;WS/MP334/2024-2025/139938;WS/MP334/2024-2025/139937;WS/MP334/2024-2025/139936
CLUST-00379,7,0,WS/MP353/2024-2025/144173;WS/MP353/2024-2025/144175;WS/MP353/2024-2025/144180;WS/MP353/2024-2025/144181;WS/MP353/2024-2025/144182;WS/MP353/2024-2025/144183;WS/MP353/2024-2025/144179
CLUST-00380,7,0,WS/MP360/2025-2026/255823;WS/MP360/2025-2026/255824;WS/MP360/2025-2026/255829;WS/MP360/2025-2026/255830;WS/MP360/2025-2026/255832;WS/MP360/2025-2026/255833;WS/MP360/2025-2026/255826
CLUST-00381,7,0,WS/MP418/2025-2026/195023;WS/MP418/2025-2026/195024;WS/MP418/2025-2026/195025;WS/MP418/2025-2026/206436;WS/MP418/2025-2026/195026;WS/MP418/2025-2026/227492;WS/MP418/2025-2026/227493
CLUST-00382,7,0,WS/MP418/2025-2026/206435;WS/MP418/2025-2026/206438;WS/MP418/2025-2026/206439;WS/MP418/2025-2026/206440;WS/MP418/2025-2026/206441;WS/MP418/2025-2026/227490;WS/MP418/2025-2026/227491
CLUST-00383,7,0,WS/MP478/2025-2026/192761;WS/MP478/2025-2026/192764;WS/MP478/2025-2026/192770;WS/MP478/2025-2026/192762;WS/MP478/2025-2026/192769;WS/MP478/2025-2026/192771;WS/MP478/2025-2026/192772
CLUST-00384,7,0,WS/MP478/2025-2026/243748;WS/MP478/2025-2026/243749;WS/MP478/2025-2026/243751;WS/MP478/2025-2026/243752;WS/MP478/2025-2026/243755;WS/MP478/2025-2026/243756;WS/MP478/2025-2026/243758
CLUST-00385,7,0,WS/MP481/2025-2026/204015;WS/MP481/2025-2026/204016;WS/MP481/2025-2026/204017;WS/MP481/2025-2026/204018;WS/MP481/2025-2026/204019;WS/MP481/2025-2026/204020;WS/MP481/2025-2026/204021
CLUST-00386,7,0,WS/MP528/2025-2026/244030;WS/MP528/2025-2026/244032;WS/MP528/2025-2026/244035;WS/MP528/2025-2026/244036;WS/MP528/2025-2026/244053;WS/MP528/2025-2026/244054;WS/MP528/2025-2026/244034
CLUST-00387,7,0,WS/MP544/2026-2027/283867;WS/MP544/2026-2027/283928;WS/MP544/2026-2027/283927;WS/MP544/2026-2027/283952;WS/MP544/2026-2027/283951;WS/MP544/2026-2027/283954;WS/MP544/2026-2027/283955
CLUST-00388,7,0,WS/MP582/2026-2027/274545;WS/MP582/2026-2027/274546;WS/MP582/2026-2027/274547;WS/MP582/2026-2027/274548;WS/MP582/2026-2027/274549;WS/MP582/2026-2027/274550;WS/MP582/2026-2027/274551
CLUST-00389,7,0,WS/MP638/2025-2026/237084;WS/MP638/2025-2026/237089;WS/MP638/2025-2026/237090;WS/MP638/2025-2026/237093;WS/MP638/2025-2026/237096;WS/MP638/2025-2026/237105;WS/MP638/2025-2026/237398
CLUST-00390,7,0,WS/MP643/2025-2026/208555;WS/MP643/2025-2026/208556;WS/MP643/2025-2026/208557;WS/MP643/2025-2026/208558;WS/MP643/2025-2026/208690;WS/MP643/2025-2026/208691;WS/MP643/2025-2026/208692
CLUST-00391,7,0,WS/MP743/2024-2025/143063;WS/MP743/2024-2025/143064;WS/MP743/2024-2025/143069;WS/MP743/2024-2025/143065;WS/MP743/2024-2025/143067;WS/MP743/2024-2025/143068;WS/MP743/2024-2025/143071
CLUST-00392,7,0,WS/MP743/2024-2025/143106;WS/MP743/2024-2025/143107;WS/MP743/2024-2025/143108;WS/MP743/2024-2025/143109;WS/MP743/2024-2025/143110;WS/MP743/2024-2025/143112;WS/MP743/2024-2025/143111
CLUST-00393,7,0,WS/MP825/2025-2026/231470;WS/MP825/2025-2026/231472;WS/MP825/2025-2026/231478;WS/MP825/2025-2026/231471;WS/MP825/2025-2026/231473;WS/MP825/2025-2026/231474;WS/MP825/2025-2026/231477
CLUST-00394,7,0,WS/MP852/2026-2027/231298;WS/MP852/2026-2027/231311;WS/MP852/2026-2027/231314;WS/MP852/2026-2027/231302;WS/MP852/2026-2027/231312;WS/MP852/2026-2027/231315;WS/MP852/2026-2027/231303
CLUST-00395,6,0,WS/MP18033/2025-2026/168720;WS/MP18033/2025-2026/168844;WS/MP18033/2025-2026/168722;WS/MP18033/2025-2026/168847;WS/MP18033/2025-2026/168721;WS/MP18033/2025-2026/168723
CLUST-00396,6,0,WS/MP18036/2025-2026/252290;WS/MP18036/2025-2026/252291;WS/MP18036/2025-2026/252292;WS/MP18036/2025-2026/252299;WS/MP18036/2025-2026/252300;WS/MP18036/2025-2026/252301
CLUST-00397,6,0,WS/MP18044/2025-2026/186485;WS/MP18044/2025-2026/186489;WS/MP18044/2025-2026/186490;WS/MP18044/2025-2026/186491;WS/MP18044/2025-2026/186497;WS/MP18044/2025-2026/186498
CLUST-00398,6,0,WS/MP18044/2025-2026/186622;WS/MP18044/2025-2026/186623;WS/MP18044/2025-2026/186624;WS/MP18044/2025-2026/186625;WS/MP18044/2025-2026/186626;WS/MP18044/2025-2026/186627
CLUST-00399,6,0,WS/MP18045/2024-2025/151525;WS/MP18045/2024-2025/151526;WS/MP18045/2024-2025/151528;WS/MP18045/2024-2025/151529;WS/MP18045/2024-2025/151530;WS/MP18045/2024-2025/151531
CLUST-00400,6,0,WS/MP18051/2025-2026/261838;WS/MP18051/2025-2026/261839;WS/MP18051/2025-2026/261840;WS/MP18051/2025-2026/261841;WS/MP18051/2025-2026/261842;WS/MP18051/2025-2026/261843
CLUST-00401,6,0,WS/MP18051/2026-2027/282651;WS/MP18051/2026-2027/282652;WS/MP18051/2026-2027/290185;WS/MP18051/2026-2027/290188;WS/MP18051/2026-2027/290190;WS/MP18051/2026-2027/295512
CLUST-00402,6,0,WS/MP18056/2025-2026/263042;WS/MP18056/2025-2026/263043;WS/MP18056/2025-2026/263044;WS/MP18056/2025-2026/263045;WS/MP18056/2025-2026/263046;WS/MP18056/2025-2026/263047
CLUST-00403,6,0,WS/MP18059/2024-2025/167379;WS/MP18059/2024-2025/167413;WS/MP18059/2024-2025/167415;WS/MP18059/2024-2025/167392;WS/MP18059/2024-2025/167398;WS/MP18059/2024-2025/167400
CLUST-00404,6,0,WS/MP18059/2024-2025/168603;WS/MP18059/2024-2025/168604;WS/MP18059/2024-2025/168605;WS/MP18059/2024-2025/168607;WS/MP18059/2024-2025/168608;WS/MP18059/2024-2025/168610
CLUST-00405,6,0,WS/MP18059/2025-2026/204825;WS/MP18059/2025-2026/204930;WS/MP18059/2025-2026/204918;WS/MP18059/2025-2026/204928;WS/MP18059/2025-2026/204929;WS/MP18059/2025-2026/204932
CLUST-00406,6,0,WS/MP18062/2025-2026/202460;WS/MP18062/2025-2026/202461;WS/MP18062/2025-2026/202465;WS/MP18062/2025-2026/202467;WS/MP18062/2025-2026/202472;WS/MP18062/2025-2026/203347
CLUST-00407,6,0,WS/MP18066/2026-2027/234837;WS/MP18066/2026-2027/234838;WS/MP18066/2026-2027/234839;WS/MP18066/2026-2027/234840;WS/MP18066/2026-2027/234842;WS/MP18066/2026-2027/234843
CLUST-00408,6,0,WS/MP18067/2026-2027/285464;WS/MP18067/2026-2027/286924;WS/MP18067/2026-2027/285466;WS/MP18067/2026-2027/285467;WS/MP18067/2026-2027/286922;WS/MP18067/2026-2027/286925
CLUST-00409,6,0,WS/MP18097/2025-2026/188512;WS/MP18097/2025-2026/188513;WS/MP18097/2025-2026/188515;WS/MP18097/2025-2026/198696;WS/MP18097/2025-2026/198701;WS/MP18097/2025-2026/198706
CLUST-00410,6,0,WS/MP18098/2025-2026/180361;WS/MP18098/2025-2026/180370;WS/MP18098/2025-2026/180372;WS/MP18098/2025-2026/180384;WS/MP18098/2025-2026/180375;WS/MP18098/2025-2026/180376
CLUST-00411,6,0,WS/MP18098/2025-2026/185499;WS/MP18098/2025-2026/185500;WS/MP18098/2025-2026/185506;WS/MP18098/2025-2026/185507;WS/MP18098/2025-2026/185508;WS/MP18098/2025-2026/185509
CLUST-00412,6,0,WS/MP18101/2025-2026/229600;WS/MP18101/2025-2026/229601;WS/MP18101/2025-2026/229604;WS/MP18101/2025-2026/229605;WS/MP18101/2025-2026/229606;WS/MP18101/2025-2026/229607
CLUST-00413,6,0,WS/MP18102/2025-2026/210317;WS/MP18102/2025-2026/210318;WS/MP18102/2025-2026/210322;WS/MP18102/2025-2026/210390;WS/MP18102/2025-2026/210396;WS/MP18102/2025-2026/210397
CLUST-00414,6,0,WS/MP18102/2026-2027/294836;WS/MP18102/2026-2027/294839;WS/MP18102/2026-2027/294841;WS/MP18102/2026-2027/294843;WS/MP18102/2026-2027/294845;WS/MP18102/2026-2027/294846
CLUST-00415,6,0,WS/MP18107/2024-2025/163608;WS/MP18107/2024-2025/163611;WS/MP18107/2024-2025/163613;WS/MP18107/2024-2025/163614;WS/MP18107/2024-2025/163615;WS/MP18107/2024-2025/163612
CLUST-00416,6,0,WS/MP18115/2025-2026/186458;WS/MP18115/2025-2026/186488;WS/MP18115/2026-2027/186414;WS/MP18115/2026-2027/186720;WS/MP18115/2026-2027/186434;WS/MP18115/2026-2027/186437
CLUST-00417,6,0,WS/MP18149/2025-2026/182859;WS/MP18149/2025-2026/182860;WS/MP18149/2025-2026/182861;WS/MP18149/2025-2026/182862;WS/MP18149/2025-2026/182863;WS/MP18149/2025-2026/182864
CLUST-00418,6,0,WS/MP18152/2024-2025/133687;WS/MP18152/2024-2025/133689;WS/MP18152/2024-2025/133690;WS/MP18152/2024-2025/133693;WS/MP18152/2024-2025/133694;WS/MP18152/2024-2025/133688
CLUST-00419,6,0,WS/MP18152/2024-2025/157853;WS/MP18152/2024-2025/157854;WS/MP18152/2024-2025/157860;WS/MP18152/2024-2025/163190;WS/MP18152/2024-2025/176304;WS/MP18152/2025-2026/176300
CLUST-00420,6,0,WS/MP18152/2025-2026/218956;WS/MP18152/2025-2026/218957;WS/MP18152/2025-2026/218966;WS/MP18152/2025-2026/218967;WS/MP18152/2025-2026/220394;WS/MP18152/2025-2026/239666
CLUST-00421,6,0,WS/MP18152/2025-2026/218970;WS/MP18152/2025-2026/218975;WS/MP18152/2025-2026/218976;WS/MP18152/2025-2026/220396;WS/MP18152/2025-2026/220399;WS/MP18152/2025-2026/239692
CLUST-00422,6,0,WS/MP18152/2025-2026/239745;WS/MP18152/2025-2026/239748;WS/MP18152/2025-2026/239749;WS/MP18152/2025-2026/239764;WS/MP18152/2025-2026/239766;WS/MP18152/2025-2026/239767
CLUST-00423,6,0,WS/MP18152/2025-2026/258379;WS/MP18152/2025-2026/258380;WS/MP18152/2025-2026/258383;WS/MP18152/2025-2026/274085;WS/MP18152/2025-2026/274086;WS/MP18152/2025-2026/274088
CLUST-00424,6,0,WS/MP18152/2026-2027/293487;WS/MP18152/2026-2027/293494;WS/MP18152/2026-2027/293543;WS/MP18152/2026-2027/293544;WS/MP18152/2026-2027/293547;WS/MP18152/2026-2027/293563
CLUST-00425,6,0,WS/MP18153/2024-2025/135255;WS/MP18153/2024-2025/135257;WS/MP18153/2024-2025/135258;WS/MP18153/2024-2025/135259;WS/MP18153/2024-2025/135260;WS/MP18153/2024-2025/135256
CLUST-00426,6,0,WS/MP18155/2025-2026/247626;WS/MP18155/2025-2026/247627;WS/MP18155/2025-2026/247629;WS/MP18155/2025-2026/247630;WS/MP18155/2025-2026/247634;WS/MP18155/2025-2026/247635
CLUST-00427,6,0,WS/MP18160/2025-2026/191340;WS/MP18160/2025-2026/191342;WS/MP18160/2025-2026/191343;WS/MP18160/2025-2026/191344;WS/MP18160/2025-2026/191350;WS/MP18160/2025-2026/192380
CLUST-00428,6,0,WS/MP18166/2025-2026/237469;WS/MP18166/2025-2026/237472;WS/MP18166/2025-2026/237473;WS/MP18166/2025-2026/237474;WS/MP18166/2025-2026/237479;WS/MP18166/2025-2026/237481
CLUST-00429,6,0,WS/MP18173/2025-2026/196671;WS/MP18173/2025-2026/196672;WS/MP18173/2025-2026/196674;WS/MP18173/2025-2026/196675;WS/MP18173/2025-2026/196676;WS/MP18173/2025-2026/196679
CLUST-00430,6,0,WS/MP18175/2025-2026/199000;WS/MP18175/2025-2026/199001;WS/MP18175/2025-2026/199002;WS/MP18175/2025-2026/199003;WS/MP18175/2025-2026/199004;WS/MP18175/2025-2026/199005
CLUST-00431,6,0,WS/MP18175/2025-2026/271271;WS/MP18175/2025-2026/271272;WS/MP18175/2025-2026/271273;WS/MP18175/2025-2026/271274;WS/MP18175/2025-2026/271275;WS/MP18175/2025-2026/271276
CLUST-00432,6,0,WS/MP18178/2025-2026/201631;WS/MP18178/2025-2026/201632;WS/MP18178/2025-2026/201637;WS/MP18178/2025-2026/201660;WS/MP18178/2025-2026/201636;WS/MP18178/2025-2026/201656
CLUST-00433,6,0,WS/MP18182/2026-2027/267312;WS/MP18182/2026-2027/267313;WS/MP18182/2026-2027/267314;WS/MP18182/2026-2027/267315;WS/MP18182/2026-2027/267318;WS/MP18182/2026-2027/267320
CLUST-00434,6,0,WS/MP18193/2025-2026/252676;WS/MP18193/2025-2026/252677;WS/MP18193/2025-2026/252679;WS/MP18193/2025-2026/252680;WS/MP18193/2025-2026/252681;WS/MP18193/2025-2026/252678
CLUST-00435,6,0,WS/MP18205/2024-2025/148720;WS/MP18205/2024-2025/148721;WS/MP18205/2024-2025/148722;WS/MP18205/2024-2025/148723;WS/MP18205/2024-2025/148724;WS/MP18205/2024-2025/148725
CLUST-00436,6,0,WS/MP18205/2026-2027/212048;WS/MP18205/2026-2027/212058;WS/MP18205/2026-2027/212091;WS/MP18205/2026-2027/212095;WS/MP18205/2026-2027/212068;WS/MP18205/2026-2027/212262
CLUST-00437,6,0,WS/MP18208/2025-2026/249693;WS/MP18208/2025-2026/249694;WS/MP18208/2025-2026/249702;WS/MP18208/2025-2026/249703;WS/MP18208/2025-2026/249704;WS/MP18208/2025-2026/249705
CLUST-00438,6,0,WS/MP18212/2024-2025/161093;WS/MP18212/2024-2025/161102;WS/MP18212/2024-2025/161104;WS/MP18212/2024-2025/161109;WS/MP18212/2024-2025/161095;WS/MP18212/2024-2025/161111
CLUST-00439,6,0,WS/MP18231/2025-2026/224246;WS/MP18231/2025-2026/224248;WS/MP18231/2025-2026/224264;WS/MP18231/2025-2026/224278;WS/MP18231/2025-2026/226577;WS/MP18231/2025-2026/224275
CLUST-00440,6,0,WS/MP18235/2024-2025/152260;WS/MP18235/2024-2025/152261;WS/MP18235/2024-2025/152263;WS/MP18235/2024-2025/152268;WS/MP18235/2024-2025/152265;WS/MP18235/2024-2025/152267
CLUST-00441,6,0,WS/MP18244/2025-2026/210024;WS/MP18244/2025-2026/210026;WS/MP18244/2025-2026/210027;WS/MP18244/2025-2026/210028;WS/MP18244/2025-2026/210029;WS/MP18244/2025-2026/210030
CLUST-00442,6,0,WS/MP18246/2026-2027/203091;WS/MP18246/2026-2027/203092;WS/MP18246/2026-2027/203093;WS/MP18246/2026-2027/203094;WS/MP18246/2026-2027/203095;WS/MP18246/2026-2027/203099
CLUST-00443,6,0,WS/MP18252/2025-2026/157250;WS/MP18252/2025-2026/157254;WS/MP18252/2025-2026/157256;WS/MP18252/2025-2026/157257;WS/MP18252/2025-2026/157260;WS/MP18252/2025-2026/157255
CLUST-00444,6,0,WS/MP18276/2025-2026/225119;WS/MP18276/2025-2026/225120;WS/MP18276/2025-2026/225122;WS/MP18276/2025-2026/225139;WS/MP18276/2025-2026/225140;WS/MP18276/2025-2026/242189
CLUST-00445,6,0,WS/MP18276/2026-2027/280707;WS/MP18276/2026-2027/280708;WS/MP18276/2026-2027/280709;WS/MP18276/2026-2027/280710;WS/MP18276/2026-2027/280711;WS/MP18276/2026-2027/280712
CLUST-00446,6,0,WS/MP18278/2025-2026/224854;WS/MP18278/2025-2026/224855;WS/MP18278/2025-2026/224856;WS/MP18278/2025-2026/224857;WS/MP18278/2025-2026/224858;WS/MP18278/2025-2026/224859
CLUST-00447,6,0,WS/MP18278/2025-2026/224881;WS/MP18278/2025-2026/224882;WS/MP18278/2025-2026/224883;WS/MP18278/2025-2026/224884;WS/MP18278/2025-2026/224885;WS/MP18278/2025-2026/224886
CLUST-00448,6,0,WS/MP18321/2025-2026/187979;WS/MP18321/2025-2026/187980;WS/MP18321/2025-2026/187981;WS/MP18321/2025-2026/187982;WS/MP18321/2025-2026/187983;WS/MP18321/2025-2026/187997
CLUST-00449,6,0,WS/MP18335/2024-2025/150939;WS/MP18335/2024-2025/150940;WS/MP18335/2024-2025/150941;WS/MP18335/2024-2025/150942;WS/MP18335/2024-2025/150943;WS/MP18335/2024-2025/150944
CLUST-00450,6,0,WS/MP18344/2025-2026/198288;WS/MP18344/2025-2026/198295;WS/MP18344/2025-2026/198298;WS/MP18344/2025-2026/198302;WS/MP18344/2025-2026/198303;WS/MP18344/2025-2026/198297
CLUST-00451,6,0,WS/MP18350/2025-2026/179091;WS/MP18350/2025-2026/179096;WS/MP18350/2025-2026/179110;WS/MP18350/2025-2026/179121;WS/MP18350/2025-2026/179098;WS/MP18350/2025-2026/179102
CLUST-00452,6,0,WS/MP18351/2025-2026/216148;WS/MP18351/2025-2026/216710;WS/MP18351/2025-2026/216712;WS/MP18351/2025-2026/216714;WS/MP18351/2025-2026/216730;WS/MP18351/2025-2026/216711
CLUST-00453,6,0,WS/MP18354/2026-2027/272347;WS/MP18354/2026-2027/272361;WS/MP18354/2026-2027/272367;WS/MP18354/2026-2027/272350;WS/MP18354/2026-2027/272356;WS/MP18354/2026-2027/272368
CLUST-00454,6,0,WS/MP18396/2025-2026/204486;WS/MP18396/2025-2026/204487;WS/MP18396/2025-2026/204488;WS/MP18396/2025-2026/204492;WS/MP18396/2025-2026/204494;WS/MP18396/2025-2026/204495
CLUST-00455,6,0,WS/MP18399/2025-2026/235093;WS/MP18399/2025-2026/235097;WS/MP18399/2025-2026/235094;WS/MP18399/2025-2026/235095;WS/MP18399/2025-2026/235099;WS/MP18399/2025-2026/235101
CLUST-00456,6,0,WS/MP300/2024-2025/160851;WS/MP300/2024-2025/160856;WS/MP300/2024-2025/160858;WS/MP300/2024-2025/160852;WS/MP300/2024-2025/160853;WS/MP300/2024-2025/160857
CLUST-00457,6,0,WS/MP316/2024-2025/172408;WS/MP316/2024-2025/172409;WS/MP316/2024-2025/172410;WS/MP316/2024-2025/172411;WS/MP316/2024-2025/172412;WS/MP316/2024-2025/172413
CLUST-00458,6,0,WS/MP334/2024-2025/139479;WS/MP334/2024-2025/139481;WS/MP334/2024-2025/139482;WS/MP334/2024-2025/139484;WS/MP334/2024-2025/139483;WS/MP334/2024-2025/139485
CLUST-00459,6,0,WS/MP360/2025-2026/167129;WS/MP360/2025-2026/167130;WS/MP360/2025-2026/167131;WS/MP360/2025-2026/167132;WS/MP360/2025-2026/167133;WS/MP360/2025-2026/167134
CLUST-00460,6,0,WS/MP360/2025-2026/256169;WS/MP360/2025-2026/256170;WS/MP360/2025-2026/256171;WS/MP360/2025-2026/256174;WS/MP360/2025-2026/256173;WS/MP360/2025-2026/256172
CLUST-00461,6,0,WS/MP372/2026-2027/291271;WS/MP372/2026-2027/291272;WS/MP372/2026-2027/291286;WS/MP372/2026-2027/291289;WS/MP372/2026-2027/291298;WS/MP372/2026-2027/291299
CLUST-00462,6,0,WS/MP443/2026-2027/273706;WS/MP443/2026-2027/273707;WS/MP443/2026-2027/273708;WS/MP443/2026-2027/273709;WS/MP443/2026-2027/273710;WS/MP443/2026-2027/273711
CLUST-00463,6,0,WS/MP443/2026-2027/287317;WS/MP443/2026-2027/287318;WS/MP443/2026-2027/287319;WS/MP443/2026-2027/287320;WS/MP443/2026-2027/287321;WS/MP443/2026-2027/287322
CLUST-00464,6,0,WS/MP444/2025-2026/199965;WS/MP444/2025-2026/199967;WS/MP444/2025-2026/199968;WS/MP444/2025-2026/199969;WS/MP444/2025-2026/199970;WS/MP444/2025-2026/199971
CLUST-00465,6,0,WS/MP444/2026-2027/290772;WS/MP444/2026-2027/290775;WS/MP444/2026-2027/290776;WS/MP444/2026-2027/290777;WS/MP444/2026-2027/290778;WS/MP444/2026-2027/290779
CLUST-00466,6,0,WS/MP457/2024-2025/156727;WS/MP457/2024-2025/156728;WS/MP457/2024-2025/156729;WS/MP457/2024-2025/156730;WS/MP457/2024-2025/156731;WS/MP457/2024-2025/156732
CLUST-00467,6,0,WS/MP457/2024-2025/178775;WS/MP457/2024-2025/178777;WS/MP457/2024-2025/178787;WS/MP457/2024-2025/178788;WS/MP457/2024-2025/178776;WS/MP457/2024-2025/178778
CLUST-00468,6,0,WS/MP457/2025-2026/253537;WS/MP457/2025-2026/253538;WS/MP457/2025-2026/253543;WS/MP457/2025-2026/253540;WS/MP457/2025-2026/253541;WS/MP457/2025-2026/253542
CLUST-00469,6,0,WS/MP478/2025-2026/243919;WS/MP478/2025-2026/243920;WS/MP478/2025-2026/243921;WS/MP478/2025-2026/243922;WS/MP478/2025-2026/243967;WS/MP478/2025-2026/243968
CLUST-00470,6,0,WS/MP549/2025-2026/214109;WS/MP549/2025-2026/214110;WS/MP549/2025-2026/214111;WS/MP549/2025-2026/214112;WS/MP549/2025-2026/214113;WS/MP549/2025-2026/214114
CLUST-00471,6,0,WS/MP552/2024-2025/178265;WS/MP552/2024-2025/178266;WS/MP552/2024-2025/178267;WS/MP552/2024-2025/178268;WS/MP552/2024-2025/178269;WS/MP552/2024-2025/178270
CLUST-00472,6,0,WS/MP577/2026-2027/224917;WS/MP577/2026-2027/224931;WS/MP577/2026-2027/225005;WS/MP577/2026-2027/225004;WS/MP577/2026-2027/225012;WS/MP577/2026-2027/225023
CLUST-00473,6,0,WS/MP582/2025-2026/265768;WS/MP582/2025-2026/265769;WS/MP582/2025-2026/265770;WS/MP582/2025-2026/265771;WS/MP582/2025-2026/265772;WS/MP582/2025-2026/265773
CLUST-00474,6,0,WS/MP642/2025-2026/195712;WS/MP642/2025-2026/195713;WS/MP642/2025-2026/195714;WS/MP642/2025-2026/195715;WS/MP642/2025-2026/195716;WS/MP642/2025-2026/195717
CLUST-00475,6,0,WS/MP642/2025-2026/195942;WS/MP642/2025-2026/195943;WS/MP642/2025-2026/195944;WS/MP642/2025-2026/195945;WS/MP642/2025-2026/195946;WS/MP642/2025-2026/195947
CLUST-00476,6,0,WS/MP643/2025-2026/163513;WS/MP643/2025-2026/163514;WS/MP643/2025-2026/163515;WS/MP643/2025-2026/163516;WS/MP643/2025-2026/163517;WS/MP643/2025-2026/163518
CLUST-00477,6,0,WS/MP650/2024-2025/179065;WS/MP650/2024-2025/179066;WS/MP650/2024-2025/179176;WS/MP650/2024-2025/179177;WS/MP650/2024-2025/179179;WS/MP650/2024-2025/179180
CLUST-00478,6,0,WS/MP654/2025-2026/172133;WS/MP654/2025-2026/172134;WS/MP654/2025-2026/172135;WS/MP654/2025-2026/172136;WS/MP654/2025-2026/172137;WS/MP654/2025-2026/172138
CLUST-00479,6,0,WS/MP743/2024-2025/143072;WS/MP743/2024-2025/143073;WS/MP743/2024-2025/143074;WS/MP743/2024-2025/143097;WS/MP743/2024-2025/143098;WS/MP743/2024-2025/143099
CLUST-00480,6,0,WS/MP755/2025-2026/197520;WS/MP755/2025-2026/197522;WS/MP755/2025-2026/208406;WS/MP755/2025-2026/208407;WS/MP755/2025-2026/208408;WS/MP755/2025-2026/208409
CLUST-00481,6,0,WS/MP814/2026-2027/290036;WS/MP814/2026-2027/290529;WS/MP814/2026-2027/290993;WS/MP814/2026-2027/291124;WS/MP814/2026-2027/291149;WS/MP814/2026-2027/291078
CLUST-00482,6,0,WS/MP825/2025-2026/242540;WS/MP825/2025-2026/242541;WS/MP825/2025-2026/242542;WS/MP825/2025-2026/265914;WS/MP825/2025-2026/265923;WS/MP825/2025-2026/265922
CLUST-00483,6,0,WS/MP858/2024-2025/143987;WS/MP858/2024-2025/143989;WS/MP858/2024-2025/144000;WS/MP858/2024-2025/144003;WS/MP858/2024-2025/144008;WS/MP858/2024-2025/144030
CLUST-00484,6,0,WS/MP858/2025-2026/137761;WS/MP858/2025-2026/137762;WS/MP858/2025-2026/137763;WS/MP858/2025-2026/137764;WS/MP858/2025-2026/137765;WS/MP858/2025-2026/137766
CLUST-00485,5,0,WS/MP18002/2026-2027/284094;WS/MP18002/2026-2027/284095;WS/MP18002/2026-2027/284097;WS/MP18002/2026-2027/284098;WS/MP18002/2026-2027/295054
CLUST-00486,5,0,WS/MP18002/2026-2027/295045;WS/MP18002/2026-2027/295046;WS/MP18002/2026-2027/295048;WS/MP18002/2026-2027/295050;WS/MP18002/2026-2027/295047
CLUST-00487,5,0,WS/MP18006/2025-2026/226511;WS/MP18006/2025-2026/226512;WS/MP18006/2025-2026/226513;WS/MP18006/2025-2026/226514;WS/MP18006/2025-2026/226515
CLUST-00488,5,0,WS/MP18007/2025-2026/246568;WS/MP18007/2025-2026/246569;WS/MP18007/2025-2026/246570;WS/MP18007/2025-2026/246573;WS/MP18007/2025-2026/246575
CLUST-00489,5,0,WS/MP18033/2025-2026/168609;WS/MP18033/2025-2026/168611;WS/MP18033/2025-2026/168612;WS/MP18033/2025-2026/168614;WS/MP18033/2025-2026/168617
CLUST-00490,5,0,WS/MP18035/2025-2026/228704;WS/MP18035/2025-2026/228706;WS/MP18035/2025-2026/228716;WS/MP18035/2025-2026/228717;WS/MP18035/2025-2026/228718
CLUST-00491,5,0,WS/MP18036/2025-2026/160895;WS/MP18036/2025-2026/160896;WS/MP18036/2025-2026/160897;WS/MP18036/2025-2026/160898;WS/MP18036/2025-2026/160899
CLUST-00492,5,0,WS/MP18036/2025-2026/160900;WS/MP18036/2025-2026/160901;WS/MP18036/2025-2026/160902;WS/MP18036/2025-2026/160903;WS/MP18036/2025-2026/160904
CLUST-00493,5,0,WS/MP18036/2025-2026/252418;WS/MP18036/2025-2026/252419;WS/MP18036/2025-2026/252420;WS/MP18036/2025-2026/252454;WS/MP18036/2025-2026/252456
CLUST-00494,5,0,WS/MP18036/2025-2026/252531;WS/MP18036/2025-2026/252532;WS/MP18036/2025-2026/252533;WS/MP18036/2025-2026/252534;WS/MP18036/2025-2026/252535
CLUST-00495,5,0,WS/MP18037/2025-2026/169134;WS/MP18037/2025-2026/169135;WS/MP18037/2025-2026/169136;WS/MP18037/2025-2026/169137;WS/MP18037/2025-2026/169138
CLUST-00496,5,0,WS/MP18038/2025-2026/152297;WS/MP18038/2025-2026/152919;WS/MP18038/2025-2026/152922;WS/MP18038/2025-2026/152923;WS/MP18038/2025-2026/152930
CLUST-00497,5,0,WS/MP18038/2025-2026/152935;WS/MP18038/2025-2026/152938;WS/MP18038/2025-2026/152940;WS/MP18038/2025-2026/152942;WS/MP18038/2025-2026/152947
CLUST-00498,5,0,WS/MP18038/2025-2026/219001;WS/MP18038/2025-2026/219002;WS/MP18038/2025-2026/219003;WS/MP18038/2025-2026/219131;WS/MP18038/2025-2026/219132
CLUST-00499,5,0,WS/MP18039/2025-2026/168636;WS/MP18039/2025-2026/168637;WS/MP18039/2025-2026/168638;WS/MP18039/2025-2026/168639;WS/MP18039/2025-2026/168640
CLUST-00500,5,0,WS/MP18040/2025-2026/213842;WS/MP18040/2025-2026/213843;WS/MP18040/2025-2026/213847;WS/MP18040/2025-2026/213848;WS/MP18040/2025-2026/213854
CLUST-00501,5,0,WS/MP18040/2026-2027/308795;WS/MP18040/2026-2027/308877;WS/MP18040/2026-2027/309668;WS/MP18040/2026-2027/308984;WS/MP18040/2026-2027/308999
CLUST-00502,5,0,WS/MP18041/2026-2027/287034;WS/MP18041/2026-2027/287035;WS/MP18041/2026-2027/287036;WS/MP18041/2026-2027/287037;WS/MP18041/2026-2027/287038
CLUST-00503,5,0,WS/MP18045/2025-2026/198068;WS/MP18045/2025-2026/198069;WS/MP18045/2025-2026/198070;WS/MP18045/2025-2026/198071;WS/MP18045/2025-2026/198072
CLUST-00504,5,0,WS/MP18051/2025-2026/218606;WS/MP18051/2025-2026/218657;WS/MP18051/2025-2026/218664;WS/MP18051/2025-2026/218676;WS/MP18051/2025-2026/218682
CLUST-00505,5,0,WS/MP18055/2026-2027/266021;WS/MP18055/2026-2027/266600;WS/MP18055/2026-2027/266618;WS/MP18055/2026-2027/266022;WS/MP18055/2026-2027/266596
CLUST-00506,5,0,WS/MP18058/2025-2026/219065;WS/MP18058/2025-2026/219399;WS/MP18058/2025-2026/221486;WS/MP18058/2025-2026/221487;WS/MP18058/2025-2026/221488
CLUST-00507,5,0,WS/MP18060/2025-2026/209141;WS/MP18060/2026-2027/278019;WS/MP18152/2025-2026/239765;WS/MP18152/2026-2027/274127;WS/MP18152/2026-2027/293564
CLUST-00508,5,0,WS/MP18062/2025-2026/195874;WS/MP18062/2025-2026/195875;WS/MP18062/2025-2026/195877;WS/MP18062/2025-2026/195879;WS/MP18062/2025-2026/195880
CLUST-00509,5,0,WS/MP18074/2026-2027/235212;WS/MP18074/2026-2027/235586;WS/MP18074/2026-2027/235584;WS/MP18074/2026-2027/235588;WS/MP18074/2026-2027/235589
CLUST-00510,5,0,WS/MP18074/2026-2027/235598;WS/MP18074/2026-2027/235599;WS/MP18074/2026-2027/235600;WS/MP18074/2026-2027/235601;WS/MP18074/2026-2027/235602
CLUST-00511,5,0,WS/MP18075/2025-2026/253307;WS/MP18075/2025-2026/253325;WS/MP18075/2025-2026/253326;WS/MP18075/2025-2026/253327;WS/MP18075/2025-2026/253328
CLUST-00512,5,0,WS/MP18079/2025-2026/210148;WS/MP18079/2025-2026/210149;WS/MP18079/2025-2026/210159;WS/MP18079/2025-2026/210160;WS/MP18079/2025-2026/210161
CLUST-00513,5,0,WS/MP18089/2025-2026/233376;WS/MP18089/2025-2026/233378;WS/MP18089/2025-2026/233379;WS/MP18089/2025-2026/233383;WS/MP18089/2025-2026/233384
CLUST-00514,5,0,WS/MP18090/2025-2026/204446;WS/MP18090/2025-2026/204459;WS/MP18090/2025-2026/204732;WS/MP18090/2025-2026/205714;WS/MP18090/2025-2026/205851
CLUST-00515,5,0,WS/MP18097/2025-2026/180795;WS/MP18097/2025-2026/180796;WS/MP18097/2025-2026/180797;WS/MP18097/2025-2026/180798;WS/MP18097/2025-2026/180799
CLUST-00516,5,0,WS/MP18097/2025-2026/188431;WS/MP18097/2025-2026/188434;WS/MP18097/2025-2026/188435;WS/MP18097/2025-2026/188436;WS/MP18097/2025-2026/188438
CLUST-00517,5,0,WS/MP18099/2025-2026/175735;WS/MP18099/2025-2026/175737;WS/MP18099/2025-2026/175739;WS/MP18099/2025-2026/175740;WS/MP18099/2025-2026/175741
CLUST-00518,5,0,WS/MP18101/2025-2026/258030;WS/MP18101/2025-2026/258031;WS/MP18101/2025-2026/258032;WS/MP18101/2025-2026/258033;WS/MP18101/2025-2026/258035
CLUST-00519,5,0,WS/MP18105/2025-2026/185752;WS/MP18105/2025-2026/185753;WS/MP18105/2025-2026/185756;WS/MP18105/2025-2026/185767;WS/MP18105/2025-2026/185757
CLUST-00520,5,0,WS/MP18107/2025-2026/258171;WS/MP18107/2025-2026/258178;WS/MP18107/2025-2026/258179;WS/MP18107/2025-2026/258180;WS/MP18107/2025-2026/258181
CLUST-00521,5,0,WS/MP18108/2025-2026/195805;WS/MP18108/2025-2026/197482;WS/MP18108/2025-2026/203466;WS/MP18108/2025-2026/203467;WS/MP18108/2025-2026/205872
CLUST-00522,5,0,WS/MP18149/2025-2026/182777;WS/MP18149/2025-2026/182824;WS/MP18149/2025-2026/182808;WS/MP18149/2025-2026/182809;WS/MP18149/2025-2026/182811
CLUST-00523,5,0,WS/MP18149/2025-2026/182818;WS/MP18149/2025-2026/184444;WS/MP18149/2025-2026/184445;WS/MP18149/2025-2026/184446;WS/MP18149/2025-2026/184447
CLUST-00524,5,0,WS/MP18149/2025-2026/184656;WS/MP18149/2025-2026/184657;WS/MP18149/2025-2026/184658;WS/MP18149/2025-2026/184659;WS/MP18149/2025-2026/184660
CLUST-00525,5,0,WS/MP18152/2024-2025/157823;WS/MP18152/2024-2025/157824;WS/MP18152/2024-2025/157825;WS/MP18152/2024-2025/157826;WS/MP18152/2024-2025/157830
CLUST-00526,5,0,WS/MP18152/2025-2026/258315;WS/MP18152/2025-2026/258324;WS/MP18152/2025-2026/258327;WS/MP18152/2025-2026/258334;WS/MP18152/2025-2026/258339
CLUST-00527,5,0,WS/MP18152/2025-2026/258323;WS/MP18152/2025-2026/258328;WS/MP18152/2025-2026/258336;WS/MP18152/2025-2026/258341;WS/MP18152/2025-2026/258344
CLUST-00528,5,0,WS/MP18153/2024-2025/183050;WS/MP18153/2024-2025/183051;WS/MP18153/2024-2025/183060;WS/MP18153/2024-2025/183108;WS/MP18153/2024-2025/183061
CLUST-00529,5,0,WS/MP18153/2025-2026/212859;WS/MP18153/2025-2026/212867;WS/MP18153/2025-2026/212863;WS/MP18153/2025-2026/212866;WS/MP18153/2025-2026/212870
CLUST-00530,5,0,WS/MP18155/2025-2026/238466;WS/MP18155/2025-2026/238467;WS/MP18155/2025-2026/238468;WS/MP18155/2025-2026/238469;WS/MP18155/2025-2026/238578
CLUST-00531,5,0,WS/MP18173/2025-2026/232604;WS/MP18173/2025-2026/232608;WS/MP18173/2025-2026/232609;WS/MP18173/2025-2026/232610;WS/MP18173/2025-2026/232613
CLUST-00532,5,0,WS/MP18173/2026-2027/290482;WS/MP18173/2026-2027/292367;WS/MP18173/2026-2027/290507;WS/MP18173/2026-2027/290511;WS/MP18173/2026-2027/290513
CLUST-00533,5,0,WS/MP18177/2025-2026/207724;WS/MP18177/2025-2026/207725;WS/MP18177/2025-2026/207726;WS/MP18177/2025-2026/207727;WS/MP18177/2025-2026/207728
CLUST-00534,5,0,WS/MP18178/2025-2026/178108;WS/MP18178/2025-2026/178109;WS/MP18178/2025-2026/178111;WS/MP18178/2025-2026/178114;WS/MP18178/2025-2026/178113
CLUST-00535,5,0,WS/MP18182/2025-2026/202642;WS/MP18182/2025-2026/202643;WS/MP18182/2025-2026/202644;WS/MP18182/2025-2026/202645;WS/MP18182/2025-2026/202646
CLUST-00536,5,0,WS/MP18184/2025-2026/169907;WS/MP18184/2025-2026/171252;WS/MP18184/2025-2026/171253;WS/MP18184/2025-2026/171660;WS/MP18184/2025-2026/171661
CLUST-00537,5,0,WS/MP18187/2026-2027/189624;WS/MP18187/2026-2027/189651;WS/MP18187/2026-2027/189711;WS/MP18187/2026-2027/189749;WS/MP18187/2026-2027/189759
CLUST-00538,5,0,WS/MP18188/2026-2027/282979;WS/MP18188/2026-2027/289175;WS/MP18188/2026-2027/289176;WS/MP18188/2026-2027/289177;WS/MP18188/2026-2027/289178
CLUST-00539,5,0,WS/MP18191/2024-2025/168740;WS/MP18191/2024-2025/168750;WS/MP18191/2024-2025/168751;WS/MP18191/2025-2026/168798;WS/MP18191/2025-2026/168793
CLUST-00540,5,0,WS/MP18191/2025-2026/262211;WS/MP18191/2026-2027/255846;WS/MP18191/2026-2027/262239;WS/MP18191/2026-2027/291111;WS/MP18191/2026-2027/291092
CLUST-00541,5,0,WS/MP18192/2025-2026/220329;WS/MP18192/2025-2026/220331;WS/MP18192/2025-2026/220332;WS/MP18192/2025-2026/220337;WS/MP18192/2025-2026/220334
CLUST-00542,5,0,WS/MP18193/2025-2026/250161;WS/MP18193/2025-2026/250162;WS/MP18193/2025-2026/250163;WS/MP18193/2025-2026/250164;WS/MP18193/2025-2026/250165
CLUST-00543,5,0,WS/MP18206/2024-2025/158559;WS/MP18206/2025-2026/158533;WS/MP18206/2025-2026/158532;WS/MP18206/2025-2026/158548;WS/MP18206/2025-2026/158531
CLUST-00544,5,0,WS/MP18222/2025-2026/170008;WS/MP18222/2025-2026/170032;WS/MP18222/2025-2026/171735;WS/MP18222/2025-2026/182256;WS/MP18222/2025-2026/187588
CLUST-00545,5,0,WS/MP18222/2025-2026/171707;WS/MP18222/2025-2026/171732;WS/MP18222/2025-2026/184031;WS/MP18222/2025-2026/184316;WS/MP18222/2025-2026/184470
CLUST-00546,5,0,WS/MP18226/2024-2025/168942;WS/MP18226/2024-2025/168948;WS/MP18226/2024-2025/168946;WS/MP18226/2024-2025/168963;WS/MP18226/2024-2025/168945
CLUST-00547,5,0,WS/MP18230/2024-2025/147316;WS/MP18230/2024-2025/147322;WS/MP18230/2024-2025/148653;WS/MP18230/2024-2025/148662;WS/MP18230/2024-2025/148666
CLUST-00548,5,0,WS/MP18231/2024-2025/165099;WS/MP18231/2024-2025/165102;WS/MP18231/2024-2025/165957;WS/MP18231/2024-2025/165109;WS/MP18231/2024-2025/165956
CLUST-00549,5,0,WS/MP18231/2026-2027/272486;WS/MP18231/2026-2027/272488;WS/MP18231/2026-2027/272515;WS/MP18231/2026-2027/272487;WS/MP18231/2026-2027/272503
CLUST-00550,5,0,WS/MP18236/2025-2026/206745;WS/MP18236/2025-2026/206747;WS/MP18236/2025-2026/206749;WS/MP18236/2025-2026/206754;WS/MP18236/2025-2026/206755
CLUST-00551,5,0,WS/MP18244/2025-2026/185190;WS/MP18244/2025-2026/185201;WS/MP18244/2025-2026/185207;WS/MP18244/2025-2026/185205;WS/MP18244/2025-2026/185206
CLUST-00552,5,0,WS/MP18251/2025-2026/195326;WS/MP18251/2025-2026/195371;WS/MP18251/2025-2026/197752;WS/MP18251/2025-2026/197749;WS/MP18251/2025-2026/197757
CLUST-00553,5,0,WS/MP18252/2025-2026/151042;WS/MP18252/2025-2026/157213;WS/MP18252/2025-2026/157217;WS/MP18252/2025-2026/157229;WS/MP18252/2025-2026/157233
CLUST-00554,5,0,WS/MP18273/2025-2026/215419;WS/MP18273/2025-2026/215422;WS/MP18273/2025-2026/215423;WS/MP18273/2025-2026/215425;WS/MP18273/2025-2026/215427
CLUST-00555,5,0,WS/MP18276/2025-2026/225266;WS/MP18276/2025-2026/225267;WS/MP18276/2025-2026/225268;WS/MP18276/2025-2026/225269;WS/MP18276/2025-2026/225270
CLUST-00556,5,0,WS/MP18310/2025-2026/240195;WS/MP18310/2025-2026/240196;WS/MP18310/2025-2026/240261;WS/MP18310/2025-2026/243194;WS/MP18310/2025-2026/240259
CLUST-00557,5,0,WS/MP18311/2025-2026/156512;WS/MP18311/2025-2026/156681;WS/MP18311/2025-2026/198827;WS/MP18311/2025-2026/198828;WS/MP18311/2025-2026/194232
CLUST-00558,5,0,WS/MP18320/2025-2026/234724;WS/MP18320/2025-2026/234726;WS/MP18320/2025-2026/234727;WS/MP18320/2025-2026/234728;WS/MP18320/2025-2026/234729
CLUST-00559,5,0,WS/MP18321/2025-2026/187971;WS/MP18321/2025-2026/187972;WS/MP18321/2025-2026/187975;WS/MP18321/2025-2026/187977;WS/MP18321/2025-2026/187978
CLUST-00560,5,0,WS/MP18321/2025-2026/187998;WS/MP18321/2025-2026/187999;WS/MP18321/2025-2026/188000;WS/MP18321/2025-2026/188001;WS/MP18321/2025-2026/188002
CLUST-00561,5,0,WS/MP18321/2025-2026/188003;WS/MP18321/2025-2026/188004;WS/MP18321/2025-2026/188005;WS/MP18321/2025-2026/188006;WS/MP18321/2025-2026/188007
CLUST-00562,5,0,WS/MP18338/2025-2026/207125;WS/MP18338/2025-2026/207126;WS/MP18338/2025-2026/207132;WS/MP18338/2025-2026/207169;WS/MP18338/2025-2026/207182
CLUST-00563,5,0,WS/MP18344/2025-2026/198261;WS/MP18344/2025-2026/198280;WS/MP18344/2025-2026/198281;WS/MP18344/2025-2026/198263;WS/MP18344/2025-2026/198286
CLUST-00564,5,0,WS/MP18353/2025-2026/242164;WS/MP18353/2025-2026/242165;WS/MP18353/2025-2026/242166;WS/MP18353/2025-2026/242167;WS/MP18353/2025-2026/242168
CLUST-00565,5,0,WS/MP18354/2024-2025/138745;WS/MP18354/2024-2025/138746;WS/MP18354/2024-2025/138747;WS/MP18354/2024-2025/138748;WS/MP18354/2024-2025/138749
CLUST-00566,5,0,WS/MP18355/2026-2027/278470;WS/MP18355/2026-2027/278473;WS/MP18355/2026-2027/279082;WS/MP18355/2026-2027/279084;WS/MP18355/2026-2027/279080
CLUST-00567,5,0,WS/MP18358/2025-2026/249529;WS/MP18358/2025-2026/249530;WS/MP18358/2025-2026/249531;WS/MP18358/2026-2027/249501;WS/MP18358/2026-2027/249502
CLUST-00568,5,0,WS/MP18389/2025-2026/208786;WS/MP18389/2025-2026/208787;WS/MP18389/2025-2026/208788;WS/MP18389/2025-2026/208789;WS/MP18389/2025-2026/208790
CLUST-00569,5,0,WS/MP18396/2025-2026/222215;WS/MP18396/2025-2026/222216;WS/MP18396/2025-2026/222251;WS/MP18396/2025-2026/222252;WS/MP18396/2025-2026/222253
CLUST-00570,5,0,WS/MP18400/2025-2026/222158;WS/MP18400/2025-2026/222159;WS/MP18400/2025-2026/222160;WS/MP18400/2025-2026/222161;WS/MP18400/2025-2026/222162
CLUST-00571,5,0,WS/MP18404/2025-2026/251761;WS/MP18404/2025-2026/251763;WS/MP18404/2025-2026/251764;WS/MP18404/2025-2026/251768;WS/MP18404/2025-2026/251770
CLUST-00572,5,0,WS/MP18404/2025-2026/267953;WS/MP18404/2025-2026/267955;WS/MP18404/2025-2026/267956;WS/MP18404/2025-2026/267958;WS/MP18404/2025-2026/267954
CLUST-00573,5,0,WS/MP324/2026-2027/227793;WS/MP324/2026-2027/227794;WS/MP324/2026-2027/227795;WS/MP324/2026-2027/227797;WS/MP324/2026-2027/227807
CLUST-00574,5,0,WS/MP324/2026-2027/279864;WS/MP324/2026-2027/279866;WS/MP324/2026-2027/279868;WS/MP324/2026-2027/279870;WS/MP324/2026-2027/279865
CLUST-00575,5,0,WS/MP334/2024-2025/136618;WS/MP334/2024-2025/136619;WS/MP334/2024-2025/136640;WS/MP334/2024-2025/136641;WS/MP334/2024-2025/136626
CLUST-00576,5,0,WS/MP334/2024-2025/139888;WS/MP334/2024-2025/139889;WS/MP334/2024-2025/139896;WS/MP334/2024-2025/139890;WS/MP334/2024-2025/139892
CLUST-00577,5,0,WS/MP360/2025-2026/185314;WS/MP360/2025-2026/185315;WS/MP360/2025-2026/185316;WS/MP360/2025-2026/185317;WS/MP360/2025-2026/185319
CLUST-00578,5,0,WS/MP370/2025-2026/184903;WS/MP370/2025-2026/184904;WS/MP370/2025-2026/184906;WS/MP370/2025-2026/184907;WS/MP370/2025-2026/184908
CLUST-00579,5,0,WS/MP381/2025-2026/184632;WS/MP381/2025-2026/184640;WS/MP381/2025-2026/184697;WS/MP381/2025-2026/184698;WS/MP381/2025-2026/184699
CLUST-00580,5,0,WS/MP381/2025-2026/208847;WS/MP381/2025-2026/208848;WS/MP381/2025-2026/208849;WS/MP381/2025-2026/208850;WS/MP381/2025-2026/208851
CLUST-00581,5,0,WS/MP381/2025-2026/226995;WS/MP381/2025-2026/228054;WS/MP381/2025-2026/228086;WS/MP381/2025-2026/228105;WS/MP381/2025-2026/228107
CLUST-00582,5,0,WS/MP381/2026-2027/296945;WS/MP381/2026-2027/296947;WS/MP381/2026-2027/297014;WS/MP381/2026-2027/297016;WS/MP381/2026-2027/300739
CLUST-00583,5,0,WS/MP403/2025-2026/207888;WS/MP403/2025-2026/207890;WS/MP403/2025-2026/207891;WS/MP403/2025-2026/207893;WS/MP403/2025-2026/207894
CLUST-00584,5,0,WS/MP413/2026-2027/150424;WS/MP413/2026-2027/150425;WS/MP413/2026-2027/150427;WS/MP413/2026-2027/277872;WS/MP413/2026-2027/277873
CLUST-00585,5,0,WS/MP422/2024-2025/139574;WS/MP422/2024-2025/139576;WS/MP422/2024-2025/139608;WS/MP422/2024-2025/150410;WS/MP422/2024-2025/165926
CLUST-00586,5,0,WS/MP423/2024-2025/133973;WS/MP423/2024-2025/136937;WS/MP423/2024-2025/140570;WS/MP423/2024-2025/140571;WS/MP423/2024-2025/140572
CLUST-00587,5,0,WS/MP429/2025-2026/205629;WS/MP429/2025-2026/205630;WS/MP429/2025-2026/205631;WS/MP429/2025-2026/205632;WS/MP429/2025-2026/205633
CLUST-00588,5,0,WS/MP429/2025-2026/208956;WS/MP429/2025-2026/208957;WS/MP429/2025-2026/208958;WS/MP429/2025-2026/208959;WS/MP429/2025-2026/208960
CLUST-00589,5,0,WS/MP429/2025-2026/235970;WS/MP429/2025-2026/235971;WS/MP429/2025-2026/235972;WS/MP429/2025-2026/235973;WS/MP429/2025-2026/235974
CLUST-00590,5,0,WS/MP435/2024-2025/146444;WS/MP435/2024-2025/146445;WS/MP435/2024-2025/146446;WS/MP435/2024-2025/146448;WS/MP435/2024-2025/146447
CLUST-00591,5,0,WS/MP443/2025-2026/227355;WS/MP443/2025-2026/227356;WS/MP443/2025-2026/227357;WS/MP443/2025-2026/227358;WS/MP443/2025-2026/227359
CLUST-00592,5,0,WS/MP443/2025-2026/227630;WS/MP443/2025-2026/227631;WS/MP443/2025-2026/227632;WS/MP443/2025-2026/227633;WS/MP443/2025-2026/227634
CLUST-00593,5,0,WS/MP443/2025-2026/255682;WS/MP443/2025-2026/255683;WS/MP443/2025-2026/255684;WS/MP443/2025-2026/255685;WS/MP443/2025-2026/255686
CLUST-00594,5,0,WS/MP443/2026-2027/287311;WS/MP443/2026-2027/287312;WS/MP443/2026-2027/287313;WS/MP443/2026-2027/287314;WS/MP443/2026-2027/287315
CLUST-00595,5,0,WS/MP457/2025-2026/201103;WS/MP457/2025-2026/201105;WS/MP457/2025-2026/201107;WS/MP457/2025-2026/201104;WS/MP457/2025-2026/201106
CLUST-00596,5,0,WS/MP457/2026-2027/306219;WS/MP457/2026-2027/306220;WS/MP457/2026-2027/306224;WS/MP457/2026-2027/306225;WS/MP457/2026-2027/306226
CLUST-00597,5,0,WS/MP468/2024-2025/186252;WS/MP468/2024-2025/186255;WS/MP468/2024-2025/186253;WS/MP468/2024-2025/186254;WS/MP468/2024-2025/186256
CLUST-00598,5,0,WS/MP477/2026-2027/269863;WS/MP477/2026-2027/269915;WS/MP477/2026-2027/269917;WS/MP477/2026-2027/269921;WS/MP477/2026-2027/269922
CLUST-00599,5,0,WS/MP478/2025-2026/210228;WS/MP478/2025-2026/210229;WS/MP478/2025-2026/210230;WS/MP478/2025-2026/210232;WS/MP478/2025-2026/210233
CLUST-00600,5,0,WS/MP498/2025-2026/264215;WS/MP498/2025-2026/264216;WS/MP498/2025-2026/264217;WS/MP498/2025-2026/264218;WS/MP498/2025-2026/264219
CLUST-00601,5,0,WS/MP529/2024-2025/161690;WS/MP529/2024-2025/161696;WS/MP529/2024-2025/161701;WS/MP529/2024-2025/161702;WS/MP529/2024-2025/161699
CLUST-00602,5,0,WS/MP529/2025-2026/208612;WS/MP529/2025-2026/208630;WS/MP529/2025-2026/208631;WS/MP529/2025-2026/208634;WS/MP529/2025-2026/208636
CLUST-00603,5,0,WS/MP544/2026-2027/158290;WS/MP544/2026-2027/158291;WS/MP544/2026-2027/283971;WS/MP544/2026-2027/158292;WS/MP544/2026-2027/283973
CLUST-00604,5,0,WS/MP558/2025-2026/191045;WS/MP558/2025-2026/191046;WS/MP558/2025-2026/191047;WS/MP558/2025-2026/191048;WS/MP558/2025-2026/191049
CLUST-00605,5,0,WS/MP582/2025-2026/259554;WS/MP582/2026-2027/259553;WS/MP582/2026-2027/259508;WS/MP582/2026-2027/259540;WS/MP582/2026-2027/259550
CLUST-00606,5,0,WS/MP582/2026-2027/274518;WS/MP582/2026-2027/274519;WS/MP582/2026-2027/274520;WS/MP582/2026-2027/274521;WS/MP582/2026-2027/274522
CLUST-00607,5,0,WS/MP582/2026-2027/274523;WS/MP582/2026-2027/274524;WS/MP582/2026-2027/274525;WS/MP582/2026-2027/274526;WS/MP582/2026-2027/274527
CLUST-00608,5,0,WS/MP582/2026-2027/274556;WS/MP582/2026-2027/274557;WS/MP582/2026-2027/274558;WS/MP582/2026-2027/274559;WS/MP582/2026-2027/274560
CLUST-00609,5,0,WS/MP582/2026-2027/285334;WS/MP582/2026-2027/285335;WS/MP582/2026-2027/285336;WS/MP582/2026-2027/285338;WS/MP582/2026-2027/285337
CLUST-00610,5,0,WS/MP641/2024-2025/147801;WS/MP641/2024-2025/147802;WS/MP641/2024-2025/147803;WS/MP641/2024-2025/147804;WS/MP641/2024-2025/147805
CLUST-00611,5,0,WS/MP641/2025-2026/256097;WS/MP641/2025-2026/256098;WS/MP641/2025-2026/256099;WS/MP641/2025-2026/256100;WS/MP641/2025-2026/256106
CLUST-00612,5,0,WS/MP643/2024-2025/139591;WS/MP643/2024-2025/139592;WS/MP643/2024-2025/139593;WS/MP643/2024-2025/139594;WS/MP643/2024-2025/139595
CLUST-00613,5,0,WS/MP643/2025-2026/168473;WS/MP643/2025-2026/168474;WS/MP643/2025-2026/168475;WS/MP643/2025-2026/168476;WS/MP643/2025-2026/168477
CLUST-00614,5,0,WS/MP643/2025-2026/208592;WS/MP643/2025-2026/208593;WS/MP643/2025-2026/208594;WS/MP643/2025-2026/208595;WS/MP643/2025-2026/208596
CLUST-00615,5,0,WS/MP643/2025-2026/208623;WS/MP643/2025-2026/208624;WS/MP643/2025-2026/208625;WS/MP643/2025-2026/208626;WS/MP643/2025-2026/208627
CLUST-00616,5,0,WS/MP650/2024-2025/179046;WS/MP650/2024-2025/179047;WS/MP650/2024-2025/179048;WS/MP650/2024-2025/179049;WS/MP650/2024-2025/179050
CLUST-00617,5,0,WS/MP716/2025-2026/202167;WS/MP716/2025-2026/202168;WS/MP716/2025-2026/202169;WS/MP716/2025-2026/202170;WS/MP716/2025-2026/202174
CLUST-00618,5,0,WS/MP740/2025-2026/204001;WS/MP740/2025-2026/204002;WS/MP740/2025-2026/204003;WS/MP740/2025-2026/204006;WS/MP740/2025-2026/204007
CLUST-00619,5,0,WS/MP743/2025-2026/230502;WS/MP743/2025-2026/230503;WS/MP743/2025-2026/230504;WS/MP743/2025-2026/230507;WS/MP743/2025-2026/230509
CLUST-00620,5,0,WS/MP825/2025-2026/252618;WS/MP825/2025-2026/252625;WS/MP825/2025-2026/252621;WS/MP825/2025-2026/252624;WS/MP825/2025-2026/252626
CLUST-00621,4,0,WS/MP013/2024-2025/151021;WS/MP013/2024-2025/151022;WS/MP013/2024-2025/151023;WS/MP013/2024-2025/151024
CLUST-00622,4,0,WS/MP017/2026-2027/280240;WS/MP017/2026-2027/280253;WS/MP017/2026-2027/280288;WS/MP017/2026-2027/280289
CLUST-00623,4,0,WS/MP021/2025-2026/188595;WS/MP021/2025-2026/188596;WS/MP021/2025-2026/188598;WS/MP021/2025-2026/188600
CLUST-00624,4,0,WS/MP021/2025-2026/201578;WS/MP021/2025-2026/201591;WS/MP021/2025-2026/201593;WS/MP021/2025-2026/201597
CLUST-00625,4,0,WS/MP021/2026-2027/298330;WS/MP021/2026-2027/298332;WS/MP021/2026-2027/298335;WS/MP021/2026-2027/298337
CLUST-00626,4,0,WS/MP18002/2025-2026/256730;WS/MP18002/2025-2026/256731;WS/MP18002/2025-2026/256732;WS/MP18002/2025-2026/256733
CLUST-00627,4,0,WS/MP18003/2024-2025/157517;WS/MP18003/2024-2025/157518;WS/MP18003/2024-2025/157519;WS/MP18003/2024-2025/157520
CLUST-00628,4,0,WS/MP18004/2026-2027/277107;WS/MP18004/2026-2027/277109;WS/MP18004/2026-2027/277111;WS/MP18004/2026-2027/277113
CLUST-00629,4,0,WS/MP18006/2025-2026/243924;WS/MP18006/2025-2026/243926;WS/MP18006/2025-2026/243927;WS/MP18006/2025-2026/243928
CLUST-00630,4,0,WS/MP18007/2026-2027/246567;WS/MP18007/2026-2027/246572;WS/MP18007/2026-2027/246574;WS/MP18007/2026-2027/246576
CLUST-00631,4,0,WS/MP18008/2025-2026/169810;WS/MP18008/2025-2026/169811;WS/MP18008/2025-2026/169813;WS/MP18008/2025-2026/169812
CLUST-00632,4,0,WS/MP18008/2026-2027/254616;WS/MP18008/2026-2027/254617;WS/MP18008/2026-2027/254618;WS/MP18008/2026-2027/254619
CLUST-00633,4,0,WS/MP18011/2024-2025/173458;WS/MP18011/2024-2025/173466;WS/MP18011/2024-2025/173467;WS/MP18011/2024-2025/173474
CLUST-00634,4,0,WS/MP18011/2025-2026/207013;WS/MP18011/2025-2026/207052;WS/MP18011/2025-2026/207053;WS/MP18011/2025-2026/207054
CLUST-00635,4,0,WS/MP18014/2024-2025/167416;WS/MP18014/2024-2025/167417;WS/MP18014/2024-2025/167418;WS/MP18014/2024-2025/167430
CLUST-00636,4,0,WS/MP18014/2025-2026/240974;WS/MP18014/2025-2026/240977;WS/MP18014/2025-2026/240980;WS/MP18014/2025-2026/240985
CLUST-00637,4,0,WS/MP18021/2024-2025/169117;WS/MP18021/2024-2025/169118;WS/MP18021/2024-2025/169121;WS/MP18021/2024-2025/169119
CLUST-00638,4,0,WS/MP18032/2025-2026/192957;WS/MP18032/2025-2026/192959;WS/MP18032/2025-2026/192960;WS/MP18032/2025-2026/192961
CLUST-00639,4,0,WS/MP18033/2025-2026/169419;WS/MP18033/2025-2026/169421;WS/MP18033/2025-2026/169422;WS/MP18033/2025-2026/169423
CLUST-00640,4,0,WS/MP18035/2025-2026/228663;WS/MP18035/2025-2026/228664;WS/MP18035/2025-2026/228665;WS/MP18035/2025-2026/228666
CLUST-00641,4,0,WS/MP18038/2025-2026/219133;WS/MP18038/2025-2026/219135;WS/MP18038/2025-2026/219136;WS/MP18038/2025-2026/219137
CLUST-00642,4,0,WS/MP18041/2025-2026/235225;WS/MP18041/2025-2026/235227;WS/MP18041/2025-2026/235232;WS/MP18041/2025-2026/235230
CLUST-00643,4,0,WS/MP18043/2025-2026/203622;WS/MP18043/2025-2026/203625;WS/MP18043/2025-2026/203623;WS/MP18043/2025-2026/203624
CLUST-00644,4,0,WS/MP18047/2024-2025/165136;WS/MP18047/2024-2025/175989;WS/MP18047/2024-2025/175990;WS/MP18047/2024-2025/175987
CLUST-00645,4,0,WS/MP18048/2025-2026/195663;WS/MP18048/2025-2026/195664;WS/MP18048/2025-2026/195665;WS/MP18048/2025-2026/195666
CLUST-00646,4,0,WS/MP18050/2026-2027/282767;WS/MP18050/2026-2027/282768;WS/MP18050/2026-2027/282769;WS/MP18050/2026-2027/282770
CLUST-00647,4,0,WS/MP18051/2024-2025/149139;WS/MP18051/2024-2025/149156;WS/MP18051/2024-2025/149159;WS/MP18051/2024-2025/149445
CLUST-00648,4,0,WS/MP18051/2024-2025/151027;WS/MP18051/2024-2025/151088;WS/MP18051/2024-2025/151090;WS/MP18051/2024-2025/151091
CLUST-00649,4,0,WS/MP18051/2024-2025/155920;WS/MP18051/2024-2025/155941;WS/MP18051/2024-2025/155945;WS/MP18051/2024-2025/155951
CLUST-00650,4,0,WS/MP18051/2025-2026/195241;WS/MP18051/2025-2026/195243;WS/MP18051/2025-2026/195251;WS/MP18051/2025-2026/205883
CLUST-00651,4,0,WS/MP18056/2026-2027/301825;WS/MP18056/2026-2027/301827;WS/MP18056/2026-2027/301829;WS/MP18056/2026-2027/301831
CLUST-00652,4,0,WS/MP18058/2025-2026/221483;WS/MP18058/2025-2026/221485;WS/MP18058/2025-2026/221489;WS/MP18058/2025-2026/221491
CLUST-00653,4,0,WS/MP18060/2025-2026/215434;WS/MP18060/2025-2026/215436;WS/MP18060/2025-2026/216806;WS/MP18060/2025-2026/218205
CLUST-00654,4,0,WS/MP18064/2025-2026/186135;WS/MP18064/2025-2026/186141;WS/MP18064/2025-2026/186142;WS/MP18064/2025-2026/186143
CLUST-00655,4,0,WS/MP18069/2024-2025/175890;WS/MP18069/2025-2026/175887;WS/MP18069/2025-2026/175888;WS/MP18069/2025-2026/178028
CLUST-00656,4,0,WS/MP18074/2026-2027/235574;WS/MP18074/2026-2027/235578;WS/MP18074/2026-2027/235580;WS/MP18074/2026-2027/235583
CLUST-00657,4,0,WS/MP18074/2026-2027/235603;WS/MP18074/2026-2027/235605;WS/MP18074/2026-2027/235606;WS/MP18074/2026-2027/235607
CLUST-00658,4,0,WS/MP18075/2025-2026/253311;WS/MP18075/2025-2026/253312;WS/MP18075/2025-2026/253313;WS/MP18075/2025-2026/253314
CLUST-00659,4,0,WS/MP18077/2026-2027/256261;WS/MP18077/2026-2027/256273;WS/MP18077/2026-2027/259173;WS/MP18077/2026-2027/259183
CLUST-00660,4,0,WS/MP18079/2025-2026/182443;WS/MP18079/2025-2026/182445;WS/MP18079/2025-2026/182447;WS/MP18079/2025-2026/182448
CLUST-00661,4,0,WS/MP18086/2025-2026/190600;WS/MP18086/2025-2026/191317;WS/MP18086/2025-2026/191335;WS/MP18086/2025-2026/191338
CLUST-00662,4,0,WS/MP18086/2025-2026/191387;WS/MP18086/2025-2026/191394;WS/MP18086/2025-2026/191393;WS/MP18086/2025-2026/191397
CLUST-00663,4,0,WS/MP18089/2025-2026/178341;WS/MP18089/2025-2026/178346;WS/MP18089/2025-2026/178351;WS/MP18089/2025-2026/178355
CLUST-00664,4,0,WS/MP18089/2025-2026/244552;WS/MP18089/2025-2026/244556;WS/MP18089/2025-2026/244558;WS/MP18089/2025-2026/244559
CLUST-00665,4,0,WS/MP18097/2025-2026/181084;WS/MP18097/2025-2026/181085;WS/MP18097/2025-2026/181086;WS/MP18097/2025-2026/181088
CLUST-00666,4,0,WS/MP18098/2025-2026/169259;WS/MP18098/2025-2026/169264;WS/MP18098/2025-2026/169267;WS/MP18098/2025-2026/169268
CLUST-00667,4,0,WS/MP18098/2025-2026/180365;WS/MP18098/2025-2026/180366;WS/MP18098/2025-2026/180367;WS/MP18098/2025-2026/180369
CLUST-00668,4,0,WS/MP18101/2025-2026/229653;WS/MP18101/2025-2026/229654;WS/MP18101/2025-2026/229655;WS/MP18101/2025-2026/229656
CLUST-00669,4,0,WS/MP18102/2025-2026/210475;WS/MP18102/2025-2026/210476;WS/MP18102/2025-2026/210478;WS/MP18102/2025-2026/210479
CLUST-00670,4,0,WS/MP18102/2025-2026/254754;WS/MP18102/2025-2026/254755;WS/MP18102/2025-2026/254756;WS/MP18102/2025-2026/254758
CLUST-00671,4,0,WS/MP18106/2024-2025/178292;WS/MP18106/2024-2025/178293;WS/MP18106/2024-2025/178295;WS/MP18106/2024-2025/178303
CLUST-00672,4,0,WS/MP18107/2025-2026/256742;WS/MP18107/2025-2026/256749;WS/MP18107/2025-2026/256756;WS/MP18107/2025-2026/256745
CLUST-00673,4,0,WS/MP18114/2025-2026/157545;WS/MP18114/2025-2026/157606;WS/MP18114/2025-2026/157610;WS/MP18114/2025-2026/157616
CLUST-00674,4,0,WS/MP18114/2025-2026/157634;WS/MP18114/2026-2027/157647;WS/MP18114/2026-2027/157648;WS/MP18114/2026-2027/157654
CLUST-00675,4,0,WS/MP18115/2026-2027/186428;WS/MP18115/2026-2027/186433;WS/MP18115/2026-2027/186439;WS/MP18115/2026-2027/186442
CLUST-00676,4,0,WS/MP18142/2025-2026/251383;WS/MP18142/2025-2026/251384;WS/MP18142/2025-2026/251386;WS/MP18142/2025-2026/251389
CLUST-00677,4,0,WS/MP18148/2025-2026/186567;WS/MP18148/2025-2026/204533;WS/MP18148/2025-2026/204607;WS/MP18148/2025-2026/204611
CLUST-00678,4,0,WS/MP18149/2025-2026/183528;WS/MP18149/2025-2026/183529;WS/MP18149/2025-2026/183530;WS/MP18149/2025-2026/183925
CLUST-00679,4,0,WS/MP18149/2025-2026/183541;WS/MP18149/2025-2026/183542;WS/MP18149/2025-2026/183543;WS/MP18149/2025-2026/183544
CLUST-00680,4,0,WS/MP18149/2025-2026/183559;WS/MP18149/2025-2026/183560;WS/MP18149/2025-2026/183709;WS/MP18149/2025-2026/183561
CLUST-00681,4,0,WS/MP18149/2025-2026/183714;WS/MP18149/2025-2026/183715;WS/MP18149/2025-2026/183716;WS/MP18149/2025-2026/183717
CLUST-00682,4,0,WS/MP18149/2025-2026/184393;WS/MP18149/2025-2026/184394;WS/MP18149/2025-2026/184395;WS/MP18149/2025-2026/184396
CLUST-00683,4,0,WS/MP18149/2025-2026/184439;WS/MP18149/2025-2026/184440;WS/MP18149/2025-2026/184441;WS/MP18149/2025-2026/184442
CLUST-00684,4,0,WS/MP18149/2025-2026/268618;WS/MP18149/2025-2026/268619;WS/MP18149/2025-2026/268620;WS/MP18149/2025-2026/268621
CLUST-00685,4,0,WS/MP18152/2024-2025/141195;WS/MP18152/2024-2025/141197;WS/MP18152/2024-2025/141217;WS/MP18152/2024-2025/141224
CLUST-00686,4,0,WS/MP18152/2025-2026/239754;WS/MP18152/2025-2026/239755;WS/MP18152/2025-2026/239757;WS/MP18152/2025-2026/239758
CLUST-00687,4,0,WS/MP18152/2025-2026/258375;WS/MP18152/2025-2026/258377;WS/MP18152/2025-2026/258384;WS/MP18152/2025-2026/258385
CLUST-00688,4,0,WS/MP18152/2026-2027/295241;WS/MP18152/2026-2027/295242;WS/MP18152/2026-2027/295244;WS/MP18152/2026-2027/295252
CLUST-00689,4,0,WS/MP18153/2024-2025/177956;WS/MP18153/2024-2025/177957;WS/MP18153/2024-2025/177958;WS/MP18153/2024-2025/177974
CLUST-00690,4,0,WS/MP18153/2024-2025/183020;WS/MP18153/2024-2025/183028;WS/MP18153/2024-2025/183027;WS/MP18153/2024-2025/183025
CLUST-00691,4,0,WS/MP18153/2024-2025/183021;WS/MP18153/2024-2025/183022;WS/MP18153/2024-2025/183039;WS/MP18153/2024-2025/183048
CLUST-00692,4,0,WS/MP18153/2025-2026/205309;WS/MP18153/2025-2026/205310;WS/MP18153/2025-2026/205311;WS/MP18153/2025-2026/205312
CLUST-00693,4,0,WS/MP18153/2025-2026/212818;WS/MP18153/2025-2026/212819;WS/MP18153/2025-2026/212822;WS/MP18153/2025-2026/212826
CLUST-00694,4,0,WS/MP18153/2025-2026/212880;WS/MP18153/2025-2026/212881;WS/MP18153/2025-2026/212882;WS/MP18153/2025-2026/212883
CLUST-00695,4,0,WS/MP18153/2025-2026/229095;WS/MP18153/2025-2026/229096;WS/MP18153/2025-2026/229097;WS/MP18153/2025-2026/229098
CLUST-00696,4,0,WS/MP18154/2025-2026/199714;WS/MP18154/2025-2026/199722;WS/MP18154/2025-2026/199727;WS/MP18154/2025-2026/199729
CLUST-00697,4,0,WS/MP18155/2025-2026/198433;WS/MP380/2025-2026/192889;WS/MP380/2025-2026/192890;WS/MP380/2025-2026/200805
CLUST-00698,4,0,WS/MP18155/2025-2026/243422;WS/MP18155/2025-2026/249578;WS/MP18155/2025-2026/249975;WS/MP18155/2025-2026/260963
CLUST-00699,4,0,WS/MP18156/2025-2026/219696;WS/MP18156/2025-2026/219705;WS/MP18156/2025-2026/219724;WS/MP18156/2025-2026/219789
CLUST-00700,4,0,WS/MP18160/2025-2026/201203;WS/MP18160/2025-2026/204801;WS/MP18160/2025-2026/204804;WS/MP18160/2025-2026/204864
CLUST-00701,4,0,WS/MP18162/2025-2026/201379;WS/MP18162/2025-2026/201382;WS/MP18162/2025-2026/201403;WS/MP18162/2025-2026/202029
CLUST-00702,4,0,WS/MP18166/2025-2026/237461;WS/MP18166/2025-2026/237462;WS/MP18166/2025-2026/237464;WS/MP18166/2025-2026/237465
CLUST-00703,4,0,WS/MP18172/2026-2027/268697;WS/MP18172/2026-2027/268698;WS/MP18172/2026-2027/268699;WS/MP18172/2026-2027/268700
CLUST-00704,4,0,WS/MP18174/2026-2027/270379;WS/MP18174/2026-2027/270381;WS/MP18174/2026-2027/270380;WS/MP18174/2026-2027/270385
CLUST-00705,4,0,WS/MP18174/2026-2027/270382;WS/MP18174/2026-2027/270383;WS/MP18174/2026-2027/270384;WS/MP18174/2026-2027/270386
CLUST-00706,4,0,WS/MP18174/2026-2027/270389;WS/MP18174/2026-2027/270390;WS/MP18174/2026-2027/270391;WS/MP18174/2026-2027/270394
CLUST-00707,4,0,WS/MP18174/2026-2027/270392;WS/MP18174/2026-2027/270393;WS/MP18174/2026-2027/270395;WS/MP18174/2026-2027/270396
CLUST-00708,4,0,WS/MP18175/2025-2026/263174;WS/MP18175/2025-2026/263176;WS/MP18175/2025-2026/263177;WS/MP18175/2025-2026/263175
CLUST-00709,4,0,WS/MP18177/2025-2026/207637;WS/MP18177/2025-2026/207679;WS/MP18177/2025-2026/207680;WS/MP18177/2025-2026/207682
CLUST-00710,4,0,WS/MP18177/2025-2026/207690;WS/MP18177/2025-2026/207699;WS/MP18177/2025-2026/207708;WS/MP18177/2025-2026/207712
CLUST-00711,4,0,WS/MP18182/2025-2026/229291;WS/MP18182/2025-2026/229292;WS/MP18182/2025-2026/229293;WS/MP18182/2025-2026/229294
CLUST-00712,4,0,WS/MP18187/2025-2026/222645;WS/MP18187/2025-2026/222646;WS/MP18187/2025-2026/222654;WS/MP18187/2025-2026/222655
CLUST-00713,4,0,WS/MP18187/2026-2027/295518;WS/MP18187/2026-2027/295525;WS/MP18187/2026-2027/295529;WS/MP18187/2026-2027/295533
CLUST-00714,4,0,WS/MP18188/2026-2027/284785;WS/MP18188/2026-2027/284786;WS/MP18188/2026-2027/284787;WS/MP18188/2026-2027/284788
CLUST-00715,4,0,WS/MP18188/2026-2027/285086;WS/MP18188/2026-2027/285090;WS/MP18188/2026-2027/285088;WS/MP18188/2026-2027/285087
CLUST-00716,4,0,WS/MP18188/2026-2027/289137;WS/MP18188/2026-2027/289138;WS/MP18188/2026-2027/289140;WS/MP18188/2026-2027/289139
CLUST-00717,4,0,WS/MP18188/2026-2027/290491;WS/MP18188/2026-2027/290492;WS/MP18188/2026-2027/290493;WS/MP18188/2026-2027/290494
CLUST-00718,4,0,WS/MP18190/2025-2026/171372;WS/MP18190/2025-2026/171380;WS/MP18190/2025-2026/239013;WS/MP18190/2025-2026/239265
CLUST-00719,4,0,WS/MP18190/2026-2027/212781;WS/MP18190/2026-2027/212840;WS/MP18190/2026-2027/212839;WS/MP18190/2026-2027/212841
CLUST-00720,4,0,WS/MP18191/2025-2026/248708;WS/MP18191/2025-2026/248713;WS/MP18191/2025-2026/248725;WS/MP18191/2025-2026/248726
CLUST-00721,4,0,WS/MP18193/2026-2027/255089;WS/MP18193/2026-2027/255090;WS/MP18193/2026-2027/255091;WS/MP18193/2026-2027/255092
CLUST-00722,4,0,WS/MP18194/2026-2027/261538;WS/MP18194/2026-2027/261539;WS/MP18194/2026-2027/261540;WS/MP18194/2026-2027/261570
CLUST-00723,4,0,WS/MP18205/2024-2025/148331;WS/MP18205/2024-2025/148334;WS/MP18205/2024-2025/148335;WS/MP18205/2024-2025/148336
CLUST-00724,4,0,WS/MP18205/2025-2026/148488;WS/MP18205/2025-2026/148491;WS/MP18205/2025-2026/148494;WS/MP18205/2025-2026/148492
CLUST-00725,4,0,WS/MP18222/2025-2026/170009;WS/MP18222/2025-2026/170470;WS/MP18222/2025-2026/171665;WS/MP18222/2025-2026/171677
CLUST-00726,4,0,WS/MP18222/2025-2026/170052;WS/MP18222/2025-2026/170464;WS/MP18222/2025-2026/170467;WS/MP18222/2025-2026/184237
CLUST-00727,4,0,WS/MP18222/2025-2026/171515;WS/MP18222/2025-2026/171602;WS/MP18222/2025-2026/184456;WS/MP18222/2025-2026/184462
CLUST-00728,4,0,WS/MP18226/2024-2025/168979;WS/MP18226/2024-2025/169002;WS/MP18226/2024-2025/169019;WS/MP18226/2024-2025/169021
CLUST-00729,4,0,WS/MP18226/2024-2025/169227;WS/MP18226/2024-2025/169228;WS/MP18226/2024-2025/169229;WS/MP18226/2024-2025/169242
CLUST-00730,4,0,WS/MP18226/2024-2025/169345;WS/MP18226/2024-2025/169346;WS/MP18226/2024-2025/169348;WS/MP18226/2024-2025/169349
CLUST-00731,4,0,WS/MP18226/2025-2026/252506;WS/MP18226/2025-2026/252508;WS/MP18226/2025-2026/252562;WS/MP18226/2025-2026/252515
CLUST-00732,4,0,WS/MP18231/2024-2025/165951;WS/MP18231/2024-2025/165955;WS/MP18231/2024-2025/165961;WS/MP18231/2024-2025/165969
CLUST-00733,4,0,WS/MP18231/2025-2026/224250;WS/MP18231/2025-2026/224253;WS/MP18231/2025-2026/224255;WS/MP18231/2025-2026/224263
CLUST-00734,4,0,WS/MP18231/2025-2026/224251;WS/MP18231/2025-2026/224252;WS/MP18231/2025-2026/224259;WS/MP18231/2025-2026/224262
CLUST-00735,4,0,WS/MP18231/2026-2027/272481;WS/MP18231/2026-2027/272482;WS/MP18231/2026-2027/272483;WS/MP18231/2026-2027/272484
CLUST-00736,4,0,WS/MP18235/2024-2025/152269;WS/MP18235/2024-2025/152270;WS/MP18235/2024-2025/152279;WS/MP18235/2024-2025/152370
CLUST-00737,4,0,WS/MP18235/2025-2026/254329;WS/MP18235/2025-2026/254330;WS/MP18235/2025-2026/254331;WS/MP18235/2025-2026/254332
CLUST-00738,4,0,WS/MP18235/2026-2027/281798;WS/MP18235/2026-2027/281799;WS/MP18235/2026-2027/281800;WS/MP18235/2026-2027/281807
CLUST-00739,4,0,WS/MP18236/2024-2025/139093;WS/MP18236/2024-2025/139094;WS/MP18236/2024-2025/139095;WS/MP18236/2024-2025/139098
CLUST-00740,4,0,WS/MP18236/2024-2025/139354;WS/MP18236/2024-2025/139355;WS/MP18236/2024-2025/139356;WS/MP18236/2024-2025/139357
CLUST-00741,4,0,WS/MP18236/2024-2025/139419;WS/MP18236/2024-2025/139420;WS/MP18236/2024-2025/139447;WS/MP18236/2024-2025/139448
CLUST-00742,4,0,WS/MP18239/2025-2026/224401;WS/MP18239/2025-2026/224404;WS/MP18239/2025-2026/224405;WS/MP18239/2025-2026/224406
CLUST-00743,4,0,WS/MP18239/2025-2026/233463;WS/MP18239/2025-2026/233464;WS/MP18239/2025-2026/233465;WS/MP18239/2025-2026/233466
CLUST-00744,4,0,WS/MP18240/2025-2026/246456;WS/MP18240/2025-2026/246463;WS/MP18240/2025-2026/246470;WS/MP18240/2025-2026/246506
CLUST-00745,4,0,WS/MP18240/2026-2027/274928;WS/MP18240/2026-2027/274933;WS/MP18240/2026-2027/274941;WS/MP18240/2026-2027/275049
CLUST-00746,4,0,WS/MP18240/2026-2027/274989;WS/MP18240/2026-2027/276779;WS/MP18240/2026-2027/276930;WS/MP18240/2026-2027/276943
CLUST-00747,4,0,WS/MP18251/2024-2025/155506;WS/MP18251/2024-2025/155507;WS/MP18251/2024-2025/155512;WS/MP18251/2024-2025/155513
CLUST-00748,4,0,WS/MP18252/2026-2027/262550;WS/MP18252/2026-2027/262644;WS/MP18252/2026-2027/262675;WS/MP18252/2026-2027/262742
CLUST-00749,4,0,WS/MP18276/2025-2026/184964;WS/MP18276/2025-2026/184965;WS/MP18276/2025-2026/184966;WS/MP18276/2025-2026/184967
CLUST-00750,4,0,WS/MP18276/2025-2026/225271;WS/MP18276/2025-2026/225272;WS/MP18276/2025-2026/225273;WS/MP18276/2025-2026/225274
CLUST-00751,4,0,WS/MP18276/2025-2026/242192;WS/MP18276/2025-2026/242193;WS/MP18276/2025-2026/242194;WS/MP18276/2025-2026/242195
CLUST-00752,4,0,WS/MP18276/2025-2026/256812;WS/MP18276/2025-2026/256814;WS/MP18276/2025-2026/256815;WS/MP18276/2025-2026/256816
CLUST-00753,4,0,WS/MP18278/2025-2026/224862;WS/MP18278/2025-2026/224863;WS/MP18278/2025-2026/224864;WS/MP18278/2025-2026/224865
CLUST-00754,4,0,WS/MP18278/2025-2026/224866;WS/MP18278/2025-2026/224867;WS/MP18278/2025-2026/224868;WS/MP18278/2025-2026/224869
CLUST-00755,4,0,WS/MP18278/2026-2027/282169;WS/MP18278/2026-2027/282170;WS/MP18278/2026-2027/282183;WS/MP18278/2026-2027/282185
CLUST-00756,4,0,WS/MP18311/2025-2026/176447;WS/MP18311/2025-2026/193261;WS/MP18311/2025-2026/194231;WS/MP18311/2025-2026/193272
CLUST-00757,4,0,WS/MP18314/2025-2026/190957;WS/MP18314/2025-2026/190959;WS/MP18314/2025-2026/190960;WS/MP18314/2025-2026/190961
CLUST-00758,4,0,WS/MP18314/2025-2026/219315;WS/MP18314/2025-2026/219316;WS/MP18314/2025-2026/219317;WS/MP18314/2025-2026/219318
CLUST-00759,4,0,WS/MP18314/2025-2026/242900;WS/MP18314/2025-2026/242901;WS/MP18314/2025-2026/242902;WS/MP18314/2025-2026/242903
CLUST-00760,4,0,WS/MP18321/2025-2026/187967;WS/MP18321/2025-2026/187968;WS/MP18321/2025-2026/187969;WS/MP18321/2025-2026/187970
CLUST-00761,4,0,WS/MP18322/2025-2026/193318;WS/MP18322/2025-2026/193319;WS/MP18322/2025-2026/193320;WS/MP18322/2025-2026/193321
CLUST-00762,4,0,WS/MP18338/2025-2026/207144;WS/MP18338/2025-2026/207155;WS/MP18338/2025-2026/207179;WS/MP18338/2025-2026/207148
CLUST-00763,4,0,WS/MP18350/2025-2026/273488;WS/MP18350/2025-2026/273515;WS/MP18350/2025-2026/273489;WS/MP18350/2025-2026/273491
CLUST-00764,4,0,WS/MP18351/2024-2025/158085;WS/MP18351/2024-2025/158086;WS/MP18351/2024-2025/158087;WS/MP18351/2024-2025/158088
CLUST-00765,4,0,WS/MP18351/2026-2027/300883;WS/MP18351/2026-2027/300886;WS/MP18351/2026-2027/300889;WS/MP18351/2026-2027/300885
CLUST-00766,4,0,WS/MP18354/2024-2025/138486;WS/MP18354/2024-2025/138487;WS/MP18354/2024-2025/138490;WS/MP18354/2024-2025/138488
CLUST-00767,4,0,WS/MP18357/2024-2025/160268;WS/MP18357/2024-2025/161988;WS/MP18357/2024-2025/161990;WS/MP18357/2024-2025/161989
CLUST-00768,4,0,WS/MP18367/2026-2027/273873;WS/MP18367/2026-2027/273874;WS/MP18367/2026-2027/273875;WS/MP18367/2026-2027/273877
CLUST-00769,4,0,WS/MP18375/2025-2026/187728;WS/MP18375/2025-2026/187730;WS/MP18375/2025-2026/187731;WS/MP18375/2025-2026/187732
CLUST-00770,4,0,WS/MP18377/2024-2025/152271;WS/MP18377/2024-2025/152274;WS/MP18377/2024-2025/152275;WS/MP18377/2024-2025/152277
CLUST-00771,4,0,WS/MP18377/2024-2025/152280;WS/MP18377/2024-2025/152281;WS/MP18377/2024-2025/152282;WS/MP18377/2024-2025/152283
CLUST-00772,4,0,WS/MP18377/2025-2026/212921;WS/MP18377/2025-2026/212922;WS/MP18377/2025-2026/212923;WS/MP18377/2025-2026/212924
CLUST-00773,4,0,WS/MP18389/2025-2026/260393;WS/MP18389/2025-2026/260394;WS/MP18389/2025-2026/260395;WS/MP18389/2025-2026/260396
CLUST-00774,4,0,WS/MP18392/2026-2027/294150;WS/MP18392/2026-2027/294151;WS/MP18392/2026-2027/294153;WS/MP18392/2026-2027/294152
CLUST-00775,4,0,WS/MP18396/2025-2026/197537;WS/MP18396/2025-2026/197538;WS/MP18396/2025-2026/197539;WS/MP18396/2025-2026/197553
CLUST-00776,4,0,WS/MP18396/2025-2026/197540;WS/MP18396/2025-2026/197541;WS/MP18396/2025-2026/197546;WS/MP18396/2025-2026/197547
CLUST-00777,4,0,WS/MP18396/2025-2026/200875;WS/MP18396/2025-2026/200876;WS/MP18396/2025-2026/200877;WS/MP18396/2025-2026/200878
CLUST-00778,4,0,WS/MP18396/2025-2026/203725;WS/MP18396/2025-2026/203728;WS/MP18396/2025-2026/203732;WS/MP18396/2025-2026/203734
CLUST-00779,4,0,WS/MP18396/2025-2026/250475;WS/MP18396/2025-2026/250476;WS/MP18396/2025-2026/250477;WS/MP18396/2025-2026/254610
CLUST-00780,4,0,WS/MP18400/2025-2026/257727;WS/MP18400/2025-2026/257728;WS/MP18400/2025-2026/257729;WS/MP18400/2025-2026/257730
CLUST-00781,4,0,WS/MP18404/2025-2026/268185;WS/MP18404/2025-2026/268191;WS/MP18404/2025-2026/268210;WS/MP18404/2025-2026/268192
CLUST-00782,4,0,WS/MP243/2025-2026/217212;WS/MP243/2025-2026/217213;WS/MP243/2025-2026/217214;WS/MP243/2025-2026/217215
CLUST-00783,4,0,WS/MP249/2024-2025/173393;WS/MP249/2024-2025/173394;WS/MP249/2024-2025/173395;WS/MP249/2024-2025/173396
CLUST-00784,4,0,WS/MP249/2025-2026/166908;WS/MP249/2025-2026/166909;WS/MP249/2025-2026/166910;WS/MP249/2025-2026/166911
CLUST-00785,4,0,WS/MP249/2025-2026/166916;WS/MP249/2025-2026/166917;WS/MP249/2025-2026/166920;WS/MP249/2025-2026/166922
CLUST-00786,4,0,WS/MP249/2025-2026/207859;WS/MP249/2025-2026/207873;WS/MP249/2025-2026/207875;WS/MP249/2025-2026/207860
CLUST-00787,4,0,WS/MP317/2026-2027/296967;WS/MP317/2026-2027/296968;WS/MP317/2026-2027/296969;WS/MP317/2026-2027/296970
CLUST-00788,4,0,WS/MP319/2025-2026/211624;WS/MP319/2025-2026/211628;WS/MP319/2025-2026/211644;WS/MP319/2025-2026/211646
CLUST-00789,4,0,WS/MP324/2026-2027/279260;WS/MP324/2026-2027/279261;WS/MP324/2026-2027/279262;WS/MP324/2026-2027/279263
CLUST-00790,4,0,WS/MP329/2025-2026/243531;WS/MP329/2025-2026/250901;WS/MP329/2025-2026/250902;WS/MP329/2025-2026/262168
CLUST-00791,4,0,WS/MP329/2025-2026/253593;WS/MP329/2025-2026/253594;WS/MP329/2025-2026/253597;WS/MP329/2025-2026/262166
CLUST-00792,4,0,WS/MP329/2026-2027/280642;WS/MP329/2026-2027/280643;WS/MP329/2026-2027/281579;WS/MP329/2026-2027/281580
CLUST-00793,4,0,WS/MP334/2024-2025/139110;WS/MP334/2024-2025/139127;WS/MP334/2024-2025/139128;WS/MP334/2024-2025/139129
CLUST-00794,4,0,WS/MP334/2024-2025/139133;WS/MP334/2024-2025/139134;WS/MP334/2024-2025/139137;WS/MP334/2024-2025/139138
CLUST-00795,4,0,WS/MP334/2024-2025/139204;WS/MP334/2024-2025/139205;WS/MP334/2024-2025/139206;WS/MP334/2024-2025/139225
CLUST-00796,4,0,WS/MP353/2025-2026/210762;WS/MP353/2025-2026/210764;WS/MP353/2025-2026/210768;WS/MP353/2025-2026/210774
CLUST-00797,4,0,WS/MP360/2024-2025/187014;WS/MP360/2024-2025/187015;WS/MP360/2024-2025/187016;WS/MP360/2024-2025/187017
CLUST-00798,4,0,WS/MP372/2025-2026/186038;WS/MP372/2025-2026/186040;WS/MP372/2025-2026/186192;WS/MP372/2025-2026/186193
CLUST-00799,4,0,WS/MP372/2025-2026/186206;WS/MP372/2025-2026/186207;WS/MP372/2025-2026/186208;WS/MP372/2025-2026/186209
CLUST-00800,4,0,WS/MP372/2025-2026/186241;WS/MP372/2025-2026/186265;WS/MP372/2025-2026/186266;WS/MP372/2025-2026/186267
CLUST-00801,4,0,WS/MP372/2026-2027/291263;WS/MP372/2026-2027/291306;WS/MP372/2026-2027/291294;WS/MP372/2026-2027/291290
CLUST-00802,4,0,WS/MP380/2025-2026/209152;WS/MP380/2025-2026/209153;WS/MP380/2025-2026/209159;WS/MP380/2025-2026/209158
CLUST-00803,4,0,WS/MP380/2025-2026/231503;WS/MP380/2025-2026/231505;WS/MP380/2025-2026/231506;WS/MP380/2025-2026/243158
CLUST-00804,4,0,WS/MP380/2026-2027/279189;WS/MP380/2026-2027/279199;WS/MP380/2026-2027/279201;WS/MP380/2026-2027/294939
CLUST-00805,4,0,WS/MP381/2025-2026/227972;WS/MP381/2025-2026/227980;WS/MP381/2025-2026/228008;WS/MP381/2025-2026/228071
CLUST-00806,4,0,WS/MP381/2026-2027/275252;WS/MP381/2026-2027/275557;WS/MP381/2026-2027/276414;WS/MP381/2026-2027/277849
CLUST-00807,4,0,WS/MP422/2024-2025/141658;WS/MP422/2024-2025/141659;WS/MP422/2024-2025/141660;WS/MP422/2024-2025/141661
CLUST-00808,4,0,WS/MP422/2024-2025/151603;WS/MP422/2024-2025/151604;WS/MP422/2024-2025/151605;WS/MP422/2024-2025/151606
CLUST-00809,4,0,WS/MP422/2025-2026/227333;WS/MP422/2025-2026/227334;WS/MP422/2025-2026/227335;WS/MP422/2025-2026/227351
CLUST-00810,4,0,WS/MP428/2025-2026/249278;WS/MP428/2025-2026/249279;WS/MP428/2025-2026/249280;WS/MP428/2025-2026/249281
CLUST-00811,4,0,WS/MP429/2026-2027/288691;WS/MP429/2026-2027/288692;WS/MP429/2026-2027/288693;WS/MP429/2026-2027/288694
CLUST-00812,4,0,WS/MP443/2026-2027/286969;WS/MP443/2026-2027/286970;WS/MP443/2026-2027/286971;WS/MP443/2026-2027/286972
CLUST-00813,4,0,WS/MP443/2026-2027/287292;WS/MP443/2026-2027/287293;WS/MP443/2026-2027/287294;WS/MP443/2026-2027/287295
CLUST-00814,4,0,WS/MP444/2024-2025/146251;WS/MP444/2024-2025/146252;WS/MP444/2024-2025/146253;WS/MP444/2024-2025/146254
CLUST-00815,4,0,WS/MP444/2024-2025/146257;WS/MP444/2024-2025/146258;WS/MP444/2024-2025/146259;WS/MP444/2024-2025/146260
CLUST-00816,4,0,WS/MP444/2025-2026/199939;WS/MP444/2025-2026/199940;WS/MP444/2025-2026/199941;WS/MP444/2025-2026/199943
CLUST-00817,4,0,WS/MP444/2026-2027/298444;WS/MP444/2026-2027/298445;WS/MP444/2026-2027/298446;WS/MP444/2026-2027/298447
CLUST-00818,4,0,WS/MP457/2025-2026/217461;WS/MP457/2025-2026/217464;WS/MP457/2025-2026/217465;WS/MP457/2025-2026/217469
CLUST-00819,4,0,WS/MP457/2025-2026/235015;WS/MP457/2025-2026/235017;WS/MP457/2025-2026/235018;WS/MP457/2025-2026/235019
CLUST-00820,4,0,WS/MP457/2025-2026/235172;WS/MP457/2025-2026/235173;WS/MP457/2025-2026/235174;WS/MP457/2025-2026/235175
CLUST-00821,4,0,WS/MP468/2024-2025/186242;WS/MP468/2024-2025/186243;WS/MP468/2024-2025/186244;WS/MP468/2024-2025/186245
CLUST-00822,4,0,WS/MP468/2025-2026/196367;WS/MP468/2025-2026/196368;WS/MP468/2025-2026/196369;WS/MP468/2025-2026/196370
CLUST-00823,4,0,WS/MP478/2026-2027/277513;WS/MP478/2026-2027/277520;WS/MP478/2026-2027/277525;WS/MP478/2026-2027/277524
CLUST-00824,4,0,WS/MP485/2024-2025/136163;WS/MP485/2024-2025/136164;WS/MP485/2024-2025/136165;WS/MP485/2024-2025/136166
CLUST-00825,4,0,WS/MP526/2024-2025/147537;WS/MP526/2024-2025/147538;WS/MP526/2024-2025/147539;WS/MP526/2024-2025/147540
CLUST-00826,4,0,WS/MP528/2025-2026/244043;WS/MP528/2025-2026/244045;WS/MP528/2025-2026/244046;WS/MP528/2025-2026/244047
CLUST-00827,4,0,WS/MP528/2025-2026/244055;WS/MP528/2025-2026/244056;WS/MP528/2025-2026/244057;WS/MP528/2025-2026/244058
CLUST-00828,4,0,WS/MP544/2026-2027/283907;WS/MP544/2026-2027/283912;WS/MP544/2026-2027/287854;WS/MP544/2026-2027/283911
CLUST-00829,4,0,WS/MP568/2026-2027/298663;WS/MP568/2026-2027/298664;WS/MP568/2026-2027/298665;WS/MP568/2026-2027/298666
CLUST-00830,4,0,WS/MP574/2025-2026/145476;WS/MP574/2025-2026/145479;WS/MP574/2025-2026/145482;WS/MP574/2025-2026/145489
CLUST-00831,4,0,WS/MP575/2024-2025/164249;WS/MP575/2024-2025/164250;WS/MP575/2024-2025/164251;WS/MP575/2024-2025/164254
CLUST-00832,4,0,WS/MP582/2025-2026/205722;WS/MP582/2025-2026/205732;WS/MP582/2025-2026/205795;WS/MP582/2025-2026/205793
CLUST-00833,4,0,WS/MP582/2026-2027/274567;WS/MP582/2026-2027/274568;WS/MP582/2026-2027/274569;WS/MP582/2026-2027/274570
CLUST-00834,4,0,WS/MP600/2026-2027/273890;WS/MP600/2026-2027/273932;WS/MP600/2026-2027/273934;WS/MP600/2026-2027/273936
CLUST-00835,4,0,WS/MP607/2025-2026/230545;WS/MP607/2025-2026/230546;WS/MP607/2025-2026/230556;WS/MP607/2025-2026/230548
CLUST-00836,4,0,WS/MP638/2025-2026/152578;WS/MP638/2025-2026/152582;WS/MP638/2025-2026/152584;WS/MP638/2025-2026/152585
CLUST-00837,4,0,WS/MP638/2026-2027/259977;WS/MP638/2026-2027/259978;WS/MP638/2026-2027/259979;WS/MP638/2026-2027/259981
CLUST-00838,4,0,WS/MP641/2025-2026/179545;WS/MP641/2025-2026/179547;WS/MP641/2025-2026/179553;WS/MP641/2025-2026/179554
CLUST-00839,4,0,WS/MP641/2025-2026/179558;WS/MP641/2025-2026/179559;WS/MP641/2025-2026/179560;WS/MP641/2025-2026/179563
CLUST-00840,4,0,WS/MP641/2025-2026/179566;WS/MP641/2025-2026/179567;WS/MP641/2025-2026/179569;WS/MP641/2025-2026/179570
CLUST-00841,4,0,WS/MP642/2025-2026/197110;WS/MP642/2025-2026/199901;WS/MP642/2025-2026/199902;WS/MP642/2025-2026/199903
CLUST-00842,4,0,WS/MP643/2024-2025/164769;WS/MP643/2024-2025/164770;WS/MP643/2024-2025/164771;WS/MP643/2024-2025/164772
CLUST-00843,4,0,WS/MP643/2025-2026/164071;WS/MP643/2025-2026/164072;WS/MP643/2025-2026/164073;WS/MP643/2025-2026/164074
CLUST-00844,4,0,WS/MP643/2025-2026/180951;WS/MP643/2025-2026/180952;WS/MP643/2025-2026/180953;WS/MP643/2025-2026/180954
CLUST-00845,4,0,WS/MP643/2025-2026/208586;WS/MP643/2025-2026/208587;WS/MP643/2025-2026/208588;WS/MP643/2025-2026/208589
CLUST-00846,4,0,WS/MP644/2025-2026/249961;WS/MP644/2025-2026/249965;WS/MP644/2025-2026/249966;WS/MP644/2025-2026/249967
CLUST-00847,4,0,WS/MP650/2024-2025/179350;WS/MP650/2024-2025/179353;WS/MP650/2024-2025/179354;WS/MP650/2024-2025/179355
CLUST-00848,4,0,WS/MP743/2025-2026/190841;WS/MP743/2025-2026/190842;WS/MP743/2025-2026/190843;WS/MP743/2025-2026/190845
CLUST-00849,4,0,WS/MP743/2025-2026/202539;WS/MP743/2025-2026/202540;WS/MP743/2025-2026/202541;WS/MP743/2025-2026/202542
CLUST-00850,4,0,WS/MP743/2025-2026/202543;WS/MP743/2025-2026/202544;WS/MP743/2025-2026/202545;WS/MP743/2025-2026/202546
CLUST-00851,4,0,WS/MP743/2025-2026/230514;WS/MP743/2025-2026/230515;WS/MP743/2025-2026/230516;WS/MP743/2025-2026/230517
CLUST-00852,4,0,WS/MP743/2025-2026/230549;WS/MP743/2025-2026/230550;WS/MP743/2025-2026/230552;WS/MP743/2025-2026/230551
CLUST-00853,4,0,WS/MP755/2025-2026/208410;WS/MP755/2025-2026/208411;WS/MP755/2025-2026/208412;WS/MP755/2025-2026/208413
CLUST-00854,4,0,WS/MP758/2025-2026/201579;WS/MP758/2025-2026/201586;WS/MP758/2025-2026/201587;WS/MP758/2025-2026/201582
CLUST-00855,4,0,WS/MP770/2025-2026/214243;WS/MP770/2025-2026/214246;WS/MP770/2025-2026/233834;WS/MP770/2025-2026/233836
CLUST-00856,4,0,WS/MP814/2026-2027/290310;WS/MP814/2026-2027/290688;WS/MP814/2026-2027/290690;WS/MP814/2026-2027/290689
CLUST-00857,4,0,WS/MP825/2025-2026/242530;WS/MP825/2025-2026/242532;WS/MP825/2025-2026/265919;WS/MP825/2025-2026/265920
CLUST-00858,4,0,WS/MP825/2025-2026/266414;WS/MP825/2025-2026/266415;WS/MP825/2025-2026/266417;WS/MP825/2025-2026/266416
CLUST-00859,4,0,WS/MP852/2024-2025/154291;WS/MP852/2024-2025/154292;WS/MP852/2024-2025/154293;WS/MP852/2024-2025/154321
CLUST-00860,4,0,WS/MP852/2026-2027/231902;WS/MP852/2026-2027/231903;WS/MP852/2026-2027/231904;WS/MP852/2026-2027/231905
CLUST-00861,4,0,WS/MP863/2026-2027/295001;WS/MP863/2026-2027/295003;WS/MP863/2026-2027/295005;WS/MP863/2026-2027/295007
CLUST-00862,4,0,WS/MP863/2026-2027/295002;WS/MP863/2026-2027/295004;WS/MP863/2026-2027/295006;WS/MP863/2026-2027/295008
CLUST-00863,3,0,WS/MP013/2025-2026/252654;WS/MP013/2025-2026/252655;WS/MP013/2025-2026/252656
CLUST-00864,3,0,WS/MP013/2026-2027/209391;WS/MP013/2026-2027/209392;WS/MP013/2026-2027/209395
CLUST-00865,3,0,WS/MP017/2025-2026/169192;WS/MP017/2025-2026/169193;WS/MP017/2025-2026/169195
CLUST-00866,3,0,WS/MP021/2025-2026/174631;WS/MP021/2025-2026/174632;WS/MP021/2025-2026/174633
CLUST-00867,3,0,WS/MP021/2025-2026/208338;WS/MP021/2025-2026/208340;WS/MP021/2025-2026/208341
CLUST-00868,3,0,WS/MP18002/2026-2027/278238;WS/MP18002/2026-2027/278239;WS/MP18002/2026-2027/284102
CLUST-00869,3,0,WS/MP18002/2026-2027/284093;WS/MP18002/2026-2027/295051;WS/MP18002/2026-2027/295052
CLUST-00870,3,0,WS/MP18008/2026-2027/251378;WS/MP18008/2026-2027/251393;WS/MP18008/2026-2027/251396
CLUST-00871,3,0,WS/MP18011/2024-2025/173470;WS/MP18011/2024-2025/173473;WS/MP18011/2024-2025/173476
CLUST-00872,3,0,WS/MP18011/2025-2026/184890;WS/MP18011/2025-2026/184893;WS/MP18011/2025-2026/184894
CLUST-00873,3,0,WS/MP18011/2025-2026/206998;WS/MP18011/2025-2026/207001;WS/MP18011/2025-2026/207002
CLUST-00874,3,0,WS/MP18018/2024-2025/176287;WS/MP18018/2024-2025/176288;WS/MP18018/2024-2025/176289
CLUST-00875,3,0,WS/MP18031/2024-2025/149016;WS/MP18031/2024-2025/149017;WS/MP18031/2024-2025/149018
CLUST-00876,3,0,WS/MP18032/2025-2026/192425;WS/MP18032/2025-2026/192426;WS/MP18032/2025-2026/193059
CLUST-00877,3,0,WS/MP18033/2025-2026/168600;WS/MP18033/2025-2026/168606;WS/MP18033/2025-2026/168601
CLUST-00878,3,0,WS/MP18033/2025-2026/168848;WS/MP18033/2025-2026/168855;WS/MP18033/2025-2026/168853
CLUST-00879,3,0,WS/MP18033/2025-2026/238260;WS/MP18033/2025-2026/238278;WS/MP18033/2025-2026/238279
CLUST-00880,3,0,WS/MP18035/2025-2026/228685;WS/MP18035/2025-2026/228686;WS/MP18035/2025-2026/228687
CLUST-00881,3,0,WS/MP18035/2025-2026/237529;WS/MP18035/2025-2026/237532;WS/MP18035/2025-2026/237533
CLUST-00882,3,0,WS/MP18035/2026-2027/228738;WS/MP18035/2026-2027/228739;WS/MP18035/2026-2027/228740
CLUST-00883,3,0,WS/MP18035/2026-2027/289316;WS/MP18035/2026-2027/298794;WS/MP18035/2026-2027/298869
CLUST-00884,3,0,WS/MP18036/2025-2026/226434;WS/MP18036/2025-2026/226435;WS/MP18036/2025-2026/226436
CLUST-00885,3,0,WS/MP18038/2025-2026/219142;WS/MP18038/2025-2026/219143;WS/MP18038/2025-2026/219144
CLUST-00886,3,0,WS/MP18039/2025-2026/204479;WS/MP18039/2025-2026/204481;WS/MP18039/2025-2026/204482
CLUST-00887,3,0,WS/MP18041/2024-2025/143124;WS/MP18041/2025-2026/143149;WS/MP18041/2025-2026/143479
CLUST-00888,3,0,WS/MP18043/2026-2027/283890;WS/MP18043/2026-2027/283891;WS/MP18043/2026-2027/283895
CLUST-00889,3,0,WS/MP18044/2025-2026/186486;WS/MP18044/2025-2026/186500;WS/MP18044/2025-2026/186501
CLUST-00890,3,0,WS/MP18044/2025-2026/186870;WS/MP18044/2025-2026/186871;WS/MP18044/2025-2026/186872
CLUST-00891,3,0,WS/MP18044/2025-2026/186873;WS/MP18044/2025-2026/186875;WS/MP18044/2025-2026/186876
CLUST-00892,3,0,WS/MP18044/2025-2026/187372;WS/MP18044/2025-2026/187373;WS/MP18044/2025-2026/187374
CLUST-00893,3,0,WS/MP18044/2026-2027/236699;WS/MP18044/2026-2027/236700;WS/MP18044/2026-2027/236702
CLUST-00894,3,0,WS/MP18048/2025-2026/195645;WS/MP18048/2025-2026/195646;WS/MP18048/2025-2026/195647
CLUST-00895,3,0,WS/MP18050/2025-2026/180625;WS/MP18050/2025-2026/180626;WS/MP18050/2025-2026/180627
CLUST-00896,3,0,WS/MP18051/2025-2026/205874;WS/MP18051/2025-2026/205879;WS/MP18051/2025-2026/205894
CLUST-00897,3,0,WS/MP18051/2025-2026/218688;WS/MP18051/2025-2026/218697;WS/MP18051/2025-2026/218947
CLUST-00898,3,0,WS/MP18056/2025-2026/263030;WS/MP18056/2025-2026/263031;WS/MP18056/2025-2026/263032
CLUST-00899,3,0,WS/MP18056/2026-2027/302456;WS/MP18056/2026-2027/302458;WS/MP18056/2026-2027/302459
CLUST-00900,3,0,WS/MP18058/2024-2025/145076;WS/MP18058/2024-2025/145078;WS/MP18058/2024-2025/145083
CLUST-00901,3,0,WS/MP18059/2024-2025/167448;WS/MP18059/2024-2025/167449;WS/MP18059/2024-2025/167530
CLUST-00902,3,0,WS/MP18059/2025-2026/248164;WS/MP18059/2025-2026/248165;WS/MP18059/2025-2026/248181
CLUST-00903,3,0,WS/MP18060/2025-2026/205026;WS/MP18060/2025-2026/207460;WS/MP18060/2025-2026/209044
CLUST-00904,3,0,WS/MP18060/2025-2026/207464;WS/MP18060/2025-2026/207916;WS/MP18060/2025-2026/209349
CLUST-00905,3,0,WS/MP18062/2025-2026/202979;WS/MP18062/2025-2026/202980;WS/MP18062/2025-2026/202982
CLUST-00906,3,0,WS/MP18064/2025-2026/186145;WS/MP18064/2025-2026/186146;WS/MP18064/2025-2026/186147
CLUST-00907,3,0,WS/MP18064/2025-2026/186148;WS/MP18064/2025-2026/186149;WS/MP18064/2025-2026/186150
CLUST-00908,3,0,WS/MP18065/2024-2025/135798;WS/MP18065/2024-2025/135799;WS/MP18065/2024-2025/149667
CLUST-00909,3,0,WS/MP18066/2025-2026/234876;WS/MP18066/2025-2026/234877;WS/MP18066/2025-2026/252997
CLUST-00910,3,0,WS/MP18071/2025-2026/209125;WS/MP18071/2025-2026/209126;WS/MP18071/2025-2026/209127
CLUST-00911,3,0,WS/MP18071/2025-2026/223342;WS/MP18071/2025-2026/223343;WS/MP18071/2025-2026/223346
CLUST-00912,3,0,WS/MP18073/2026-2027/267385;WS/MP18073/2026-2027/267386;WS/MP18073/2026-2027/267388
CLUST-00913,3,0,WS/MP18074/2026-2027/233979;WS/MP18074/2026-2027/233980;WS/MP18074/2026-2027/233981
CLUST-00914,3,0,WS/MP18074/2026-2027/235187;WS/MP18074/2026-2027/235188;WS/MP18074/2026-2027/235189
CLUST-00915,3,0,WS/MP18074/2026-2027/235201;WS/MP18074/2026-2027/235202;WS/MP18074/2026-2027/235203
CLUST-00916,3,0,WS/MP18074/2026-2027/235221;WS/MP18074/2026-2027/235222;WS/MP18074/2026-2027/235237
CLUST-00917,3,0,WS/MP18074/2026-2027/235247;WS/MP18074/2026-2027/235248;WS/MP18074/2026-2027/235249
CLUST-00918,3,0,WS/MP18074/2026-2027/235593;WS/MP18074/2026-2027/235594;WS/MP18074/2026-2027/235595
CLUST-00919,3,0,WS/MP18074/2026-2027/235611;WS/MP18074/2026-2027/235612;WS/MP18074/2026-2027/235613
CLUST-00920,3,0,WS/MP18075/2025-2026/222395;WS/MP18075/2025-2026/227176;WS/MP18075/2025-2026/227177
CLUST-00921,3,0,WS/MP18075/2025-2026/238550;WS/MP18075/2025-2026/238556;WS/MP18075/2025-2026/238558
CLUST-00922,3,0,WS/MP18075/2025-2026/238553;WS/MP18075/2025-2026/238554;WS/MP18075/2025-2026/238557
CLUST-00923,3,0,WS/MP18076/2024-2025/145647;WS/MP18076/2024-2025/145651;WS/MP18076/2024-2025/145648
CLUST-00924,3,0,WS/MP18076/2024-2025/145652;WS/MP18076/2024-2025/145653;WS/MP18076/2024-2025/145671
CLUST-00925,3,0,WS/MP18078/2025-2026/187061;WS/MP18078/2025-2026/187065;WS/MP18078/2025-2026/187067
CLUST-00926,3,0,WS/MP18079/2025-2026/148397;WS/MP18079/2025-2026/148398;WS/MP18079/2025-2026/148399
CLUST-00927,3,0,WS/MP18079/2025-2026/165388;WS/MP18079/2025-2026/165389;WS/MP18079/2025-2026/165392
CLUST-00928,3,0,WS/MP18079/2025-2026/176751;WS/MP18079/2025-2026/176752;WS/MP18079/2025-2026/176759
CLUST-00929,3,0,WS/MP18081/2025-2026/239383;WS/MP18081/2025-2026/239384;WS/MP18081/2025-2026/239399
CLUST-00930,3,0,WS/MP18081/2025-2026/239405;WS/MP18081/2025-2026/239407;WS/MP18081/2025-2026/239410
CLUST-00931,3,0,WS/MP18082/2025-2026/187488;WS/MP18082/2025-2026/189752;WS/MP18082/2025-2026/198203
CLUST-00932,3,0,WS/MP18086/2025-2026/230670;WS/MP18086/2025-2026/230675;WS/MP18086/2025-2026/230678
CLUST-00933,3,0,WS/MP18086/2026-2027/212755;WS/MP18086/2026-2027/212757;WS/MP18086/2026-2027/212758
CLUST-00934,3,0,WS/MP18087/2025-2026/179221;WS/MP18087/2025-2026/189858;WS/MP18087/2025-2026/192128
CLUST-00935,3,0,WS/MP18087/2025-2026/240382;WS/MP18087/2025-2026/242007;WS/MP18087/2025-2026/242034
CLUST-00936,3,0,WS/MP18090/2025-2026/204735;WS/MP18090/2025-2026/204738;WS/MP18090/2025-2026/204739
CLUST-00937,3,0,WS/MP18091/2025-2026/183103;WS/MP18091/2025-2026/183104;WS/MP18091/2025-2026/183105
CLUST-00938,3,0,WS/MP18097/2025-2026/181087;WS/MP18097/2025-2026/181089;WS/MP18097/2025-2026/181092
CLUST-00939,3,0,WS/MP18101/2024-2025/161363;WS/MP18101/2024-2025/161365;WS/MP18101/2024-2025/161366
CLUST-00940,3,0,WS/MP18101/2025-2026/229576;WS/MP18101/2025-2026/229577;WS/MP18101/2025-2026/229578
CLUST-00941,3,0,WS/MP18101/2026-2027/258034;WS/MP18101/2026-2027/258045;WS/MP18101/2026-2027/258044
CLUST-00942,3,0,WS/MP18101/2026-2027/279024;WS/MP18101/2026-2027/279025;WS/MP18101/2026-2027/279026
CLUST-00943,3,0,WS/MP18102/2025-2026/186524;WS/MP18102/2025-2026/186525;WS/MP18102/2025-2026/186529
CLUST-00944,3,0,WS/MP18108/2025-2026/229750;WS/MP18108/2025-2026/229751;WS/MP18108/2025-2026/229752
CLUST-00945,3,0,WS/MP18112/2024-2025/136975;WS/MP18112/2024-2025/136982;WS/MP18112/2024-2025/136983
CLUST-00946,3,0,WS/MP18114/2025-2026/157438;WS/MP18114/2025-2026/157454;WS/MP18114/2025-2026/157481
CLUST-00947,3,0,WS/MP18114/2026-2027/227487;WS/MP18114/2026-2027/227497;WS/MP18114/2026-2027/227498
CLUST-00948,3,0,WS/MP18115/2026-2027/186643;WS/MP18115/2026-2027/186671;WS/MP18115/2026-2027/186677
CLUST-00949,3,0,WS/MP18116/2025-2026/220950;WS/MP18116/2025-2026/220951;WS/MP18116/2025-2026/220956
CLUST-00950,3,0,WS/MP18120/2025-2026/198957;WS/MP18120/2025-2026/198958;WS/MP18120/2025-2026/198963
CLUST-00951,3,0,WS/MP18122/2024-2025/181771;WS/MP18122/2024-2025/181774;WS/MP18122/2024-2025/181777
CLUST-00952,3,0,WS/MP18124/2025-2026/226149;WS/MP18124/2025-2026/226155;WS/MP18124/2025-2026/226159
CLUST-00953,3,0,WS/MP18142/2025-2026/252960;WS/MP18142/2025-2026/252961;WS/MP18142/2025-2026/252962
CLUST-00954,3,0,WS/MP18142/2025-2026/252980;WS/MP18142/2025-2026/252984;WS/MP18142/2025-2026/252985
CLUST-00955,3,0,WS/MP18144/2025-2026/260350;WS/MP18144/2025-2026/260351;WS/MP18144/2025-2026/260352
CLUST-00956,3,0,WS/MP18148/2025-2026/227948;WS/MP18148/2025-2026/227975;WS/MP18148/2025-2026/227973
CLUST-00957,3,0,WS/MP18149/2025-2026/182775;WS/MP18149/2025-2026/182866;WS/MP18149/2025-2026/182867
CLUST-00958,3,0,WS/MP18149/2025-2026/182815;WS/MP18149/2025-2026/182816;WS/MP18149/2025-2026/182817
CLUST-00959,3,0,WS/MP18149/2025-2026/182847;WS/MP18149/2025-2026/182848;WS/MP18149/2025-2026/182850
CLUST-00960,3,0,WS/MP18149/2025-2026/182856;WS/MP18149/2025-2026/182857;WS/MP18149/2025-2026/182858
CLUST-00961,3,0,WS/MP18149/2025-2026/183743;WS/MP18149/2025-2026/183744;WS/MP18149/2025-2026/183747
CLUST-00962,3,0,WS/MP18149/2025-2026/183918;WS/MP18149/2025-2026/183919;WS/MP18149/2025-2026/183920
CLUST-00963,3,0,WS/MP18149/2025-2026/184405;WS/MP18149/2025-2026/184406;WS/MP18149/2025-2026/184407
CLUST-00964,3,0,WS/MP18149/2025-2026/184409;WS/MP18149/2025-2026/184410;WS/MP18149/2025-2026/184411
CLUST-00965,3,0,WS/MP18149/2025-2026/184650;WS/MP18149/2025-2026/184651;WS/MP18149/2025-2026/184670
CLUST-00966,3,0,WS/MP18149/2025-2026/184666;WS/MP18149/2025-2026/184667;WS/MP18149/2025-2026/184668
CLUST-00967,3,0,WS/MP18152/2025-2026/220398;WS/MP18152/2025-2026/220400;WS/MP18152/2025-2026/220402
CLUST-00968,3,0,WS/MP18152/2025-2026/258319;WS/MP18152/2025-2026/258338;WS/MP18152/2025-2026/274087
CLUST-00969,3,0,WS/MP18152/2025-2026/274102;WS/MP18152/2025-2026/274146;WS/MP18152/2025-2026/274147
CLUST-00970,3,0,WS/MP18152/2025-2026/274134;WS/MP18152/2025-2026/274135;WS/MP18152/2025-2026/274136
CLUST-00971,3,0,WS/MP18152/2026-2027/274261;WS/MP18152/2026-2027/274262;WS/MP18152/2026-2027/274263
CLUST-00972,3,0,WS/MP18152/2026-2027/293490;WS/MP18152/2026-2027/293506;WS/MP18152/2026-2027/293507
CLUST-00973,3,0,WS/MP18152/2026-2027/293497;WS/MP18152/2026-2027/293498;WS/MP18152/2026-2027/293501
CLUST-00974,3,0,WS/MP18152/2026-2027/293502;WS/MP18152/2026-2027/293503;WS/MP18152/2026-2027/293504
CLUST-00975,3,0,WS/MP18152/2026-2027/293512;WS/MP18152/2026-2027/294691;WS/MP18152/2026-2027/294692
CLUST-00976,3,0,WS/MP18153/2024-2025/135261;WS/MP18153/2024-2025/135262;WS/MP18153/2024-2025/135266
CLUST-00977,3,0,WS/MP18153/2024-2025/183013;WS/MP18153/2024-2025/183014;WS/MP18153/2024-2025/183015
CLUST-00978,3,0,WS/MP18153/2024-2025/183034;WS/MP18153/2025-2026/190201;WS/MP18153/2025-2026/190200
CLUST-00979,3,0,WS/MP18153/2025-2026/190189;WS/MP18153/2025-2026/190190;WS/MP18153/2025-2026/190196
CLUST-00980,3,0,WS/MP18153/2025-2026/190191;WS/MP18153/2025-2026/190192;WS/MP18153/2025-2026/190193
CLUST-00981,3,0,WS/MP18153/2025-2026/190202;WS/MP18153/2025-2026/190203;WS/MP18153/2025-2026/190204
CLUST-00982,3,0,WS/MP18154/2025-2026/166570;WS/MP18154/2025-2026/166572;WS/MP18154/2025-2026/166573
CLUST-00983,3,0,WS/MP18154/2025-2026/203538;WS/MP18154/2025-2026/203539;WS/MP18154/2025-2026/203540
CLUST-00984,3,0,WS/MP18154/2025-2026/208257;WS/MP18154/2025-2026/208259;WS/MP18154/2025-2026/210989
CLUST-00985,3,0,WS/MP18154/2025-2026/208258;WS/MP18154/2025-2026/208260;WS/MP18154/2025-2026/208261
CLUST-00986,3,0,WS/MP18154/2025-2026/256978;WS/MP18154/2025-2026/256979;WS/MP18154/2025-2026/256980
CLUST-00987,3,0,WS/MP18154/2025-2026/259403;WS/MP18154/2026-2027/269407;WS/MP18154/2026-2027/269411
CLUST-00988,3,0,WS/MP18155/2024-2025/141698;WS/MP18155/2024-2025/141700;WS/MP18155/2024-2025/141703
CLUST-00989,3,0,WS/MP18155/2024-2025/141699;WS/MP18155/2024-2025/141701;WS/MP18155/2024-2025/141702
CLUST-00990,3,0,WS/MP18155/2025-2026/247623;WS/MP18155/2025-2026/247636;WS/MP18155/2025-2026/247637
CLUST-00991,3,0,WS/MP18155/2025-2026/250035;WS/MP18155/2025-2026/265010;WS/MP18155/2025-2026/255137
CLUST-00992,3,0,WS/MP18155/2025-2026/257938;WS/MP18155/2025-2026/258965;WS/MP18155/2025-2026/258971
CLUST-00993,3,0,WS/MP18156/2025-2026/219748;WS/MP18156/2025-2026/219762;WS/MP18156/2025-2026/219772
CLUST-00994,3,0,WS/MP18158/2025-2026/238976;WS/MP18158/2025-2026/238977;WS/MP18158/2025-2026/238979
CLUST-00995,3,0,WS/MP18166/2025-2026/237437;WS/MP18166/2025-2026/237438;WS/MP18166/2025-2026/237439
CLUST-00996,3,0,WS/MP18169/2026-2027/269964;WS/MP18169/2026-2027/269965;WS/MP18169/2026-2027/269976
CLUST-00997,3,0,WS/MP18170/2024-2025/161857;WS/MP18170/2024-2025/161858;WS/MP18170/2024-2025/161870
CLUST-00998,3,0,WS/MP18173/2024-2025/147832;WS/MP18173/2025-2026/151516;WS/MP18173/2025-2026/151517
CLUST-00999,3,0,WS/MP18173/2025-2026/164129;WS/MP18173/2025-2026/164137;WS/MP18173/2025-2026/164135
CLUST-01000,3,0,WS/MP18173/2025-2026/196693;WS/MP18173/2025-2026/196694;WS/MP18173/2025-2026/196695
CLUST-01001,3,0,WS/MP18175/2025-2026/208929;WS/MP18175/2025-2026/208930;WS/MP18175/2025-2026/208931
CLUST-01002,3,0,WS/MP18177/2025-2026/205341;WS/MP18177/2025-2026/205342;WS/MP18177/2025-2026/205346
CLUST-01003,3,0,WS/MP18177/2025-2026/207715;WS/MP18177/2025-2026/207716;WS/MP18177/2025-2026/207722
CLUST-01004,3,0,WS/MP18178/2024-2025/174384;WS/MP18178/2024-2025/174398;WS/MP18178/2024-2025/174397
CLUST-01005,3,0,WS/MP18178/2025-2026/178154;WS/MP18178/2025-2026/178155;WS/MP18178/2025-2026/178164
CLUST-01006,3,0,WS/MP18178/2025-2026/201650;WS/MP18178/2025-2026/201654;WS/MP18178/2025-2026/201672
CLUST-01007,3,0,WS/MP18178/2025-2026/202142;WS/MP18178/2025-2026/202143;WS/MP18178/2025-2026/202146
CLUST-01008,3,0,WS/MP18178/2025-2026/218067;WS/MP18178/2025-2026/218072;WS/MP18178/2025-2026/218073
CLUST-01009,3,0,WS/MP18184/2025-2026/161794;WS/MP18184/2025-2026/163648;WS/MP18184/2025-2026/161845
CLUST-01010,3,0,WS/MP18187/2025-2026/189888;WS/MP18187/2025-2026/189902;WS/MP18187/2025-2026/189914
CLUST-01011,3,0,WS/MP18188/2025-2026/154677;WS/MP18188/2025-2026/154695;WS/MP18188/2025-2026/154699
CLUST-01012,3,0,WS/MP18188/2025-2026/159685;WS/MP18188/2025-2026/159686;WS/MP18188/2025-2026/159687
CLUST-01013,3,0,WS/MP18188/2026-2027/279416;WS/MP18188/2026-2027/279418;WS/MP18188/2026-2027/279421
CLUST-01014,3,0,WS/MP18188/2026-2027/279428;WS/MP18188/2026-2027/279429;WS/MP18188/2026-2027/279430
CLUST-01015,3,0,WS/MP18188/2026-2027/282976;WS/MP18188/2026-2027/282977;WS/MP18188/2026-2027/282978
CLUST-01016,3,0,WS/MP18188/2026-2027/290502;WS/MP18188/2026-2027/290504;WS/MP18188/2026-2027/290503
CLUST-01017,3,0,WS/MP18190/2025-2026/222332;WS/MP18190/2025-2026/222333;WS/MP18190/2025-2026/222510
CLUST-01018,3,0,WS/MP18190/2025-2026/223045;WS/MP18190/2025-2026/223047;WS/MP18190/2025-2026/223049
CLUST-01019,3,0,WS/MP18191/2024-2025/168741;WS/MP18191/2024-2025/168742;WS/MP18191/2024-2025/168743
CLUST-01020,3,0,WS/MP18191/2024-2025/168747;WS/MP18191/2024-2025/168748;WS/MP18191/2024-2025/168749
CLUST-01021,3,0,WS/MP18192/2025-2026/218493;WS/MP18192/2025-2026/218509;WS/MP18192/2025-2026/218516
CLUST-01022,3,0,WS/MP18192/2025-2026/218495;WS/MP18192/2025-2026/218503;WS/MP18192/2025-2026/218507
CLUST-01023,3,0,WS/MP18192/2025-2026/220291;WS/MP18192/2025-2026/220294;WS/MP18192/2025-2026/220296
CLUST-01024,3,0,WS/MP18193/2025-2026/175994;WS/MP18193/2025-2026/175995;WS/MP18193/2025-2026/175996
CLUST-01025,3,0,WS/MP18194/2026-2027/223422;WS/MP18194/2026-2027/223426;WS/MP18194/2026-2027/223430
CLUST-01026,3,0,WS/MP18196/2025-2026/244259;WS/MP18196/2025-2026/244260;WS/MP18196/2025-2026/244261
CLUST-01027,3,0,WS/MP18200/2025-2026/160332;WS/MP18200/2025-2026/160333;WS/MP18200/2025-2026/160335
CLUST-01028,3,0,WS/MP18201/2025-2026/210440;WS/MP18201/2025-2026/210441;WS/MP18201/2025-2026/210446
CLUST-01029,3,0,WS/MP18201/2025-2026/210443;WS/MP18201/2025-2026/210444;WS/MP18201/2025-2026/210445
CLUST-01030,3,0,WS/MP18205/2026-2027/211566;WS/MP18205/2026-2027/211571;WS/MP18205/2026-2027/211581
CLUST-01031,3,0,WS/MP18205/2026-2027/212024;WS/MP18205/2026-2027/212089;WS/MP18205/2026-2027/212333
CLUST-01032,3,0,WS/MP18205/2026-2027/212030;WS/MP18205/2026-2027/212081;WS/MP18205/2026-2027/212379
CLUST-01033,3,0,WS/MP18206/2024-2025/158560;WS/MP18206/2025-2026/158534;WS/MP18206/2025-2026/158536
CLUST-01034,3,0,WS/MP18206/2025-2026/158475;WS/MP18206/2025-2026/158493;WS/MP18206/2025-2026/158496
CLUST-01035,3,0,WS/MP18206/2025-2026/158510;WS/MP18206/2025-2026/158514;WS/MP18206/2025-2026/158511
CLUST-01036,3,0,WS/MP18206/2026-2027/266737;WS/MP18206/2026-2027/266738;WS/MP18206/2026-2027/266740
CLUST-01037,3,0,WS/MP18206/2026-2027/266743;WS/MP18206/2026-2027/266744;WS/MP18206/2026-2027/266748
CLUST-01038,3,0,WS/MP18206/2026-2027/268905;WS/MP18206/2026-2027/268906;WS/MP18206/2026-2027/268907
CLUST-01039,3,0,WS/MP18212/2025-2026/260606;WS/MP18212/2025-2026/260607;WS/MP18212/2025-2026/260619
CLUST-01040,3,0,WS/MP18214/2025-2026/149904;WS/MP18214/2025-2026/149908;WS/MP18214/2025-2026/149911
CLUST-01041,3,0,WS/MP18219/2025-2026/137954;WS/MP18219/2025-2026/137957;WS/MP18219/2025-2026/137958
CLUST-01042,3,0,WS/MP18221/2025-2026/259991;WS/MP18221/2025-2026/259993;WS/MP18221/2025-2026/259992
CLUST-01043,3,0,WS/MP18222/2025-2026/169949;WS/MP18222/2025-2026/170166;WS/MP18222/2025-2026/184088
CLUST-01044,3,0,WS/MP18222/2025-2026/170018;WS/MP18222/2025-2026/170679;WS/MP18222/2025-2026/171733
CLUST-01045,3,0,WS/MP18222/2025-2026/170072;WS/MP18222/2025-2026/170169;WS/MP18222/2025-2026/170535
CLUST-01046,3,0,WS/MP18222/2025-2026/171378;WS/MP18222/2025-2026/184028;WS/MP18222/2025-2026/184328
CLUST-01047,3,0,WS/MP18222/2025-2026/171422;WS/MP18222/2025-2026/171467;WS/MP18222/2025-2026/171542
CLUST-01048,3,0,WS/MP18222/2025-2026/171430;WS/MP18222/2025-2026/171475;WS/MP18222/2025-2026/184363
CLUST-01049,3,0,WS/MP18222/2025-2026/171458;WS/MP18222/2025-2026/182254;WS/MP18222/2025-2026/182257
CLUST-01050,3,0,WS/MP18222/2025-2026/184342;WS/MP18222/2025-2026/184345;WS/MP18222/2025-2026/184360
CLUST-01051,3,0,WS/MP18222/2025-2026/212687;WS/MP18222/2025-2026/212784;WS/MP18222/2025-2026/212848
CLUST-01052,3,0,WS/MP18226/2024-2025/168968;WS/MP18226/2024-2025/168969;WS/MP18226/2024-2025/168970
CLUST-01053,3,0,WS/MP18226/2024-2025/169243;WS/MP18226/2024-2025/169244;WS/MP18226/2024-2025/169245
CLUST-01054,3,0,WS/MP18226/2025-2026/222415;WS/MP18226/2025-2026/222416;WS/MP18226/2025-2026/222573
CLUST-01055,3,0,WS/MP18226/2025-2026/234500;WS/MP18226/2025-2026/234501;WS/MP18226/2025-2026/234502
CLUST-01056,3,0,WS/MP18227/2026-2027/280105;WS/MP18227/2026-2027/280108;WS/MP18227/2026-2027/280110
CLUST-01057,3,0,WS/MP18228/2025-2026/155706;WS/MP18228/2025-2026/158148;WS/MP18228/2025-2026/159621
CLUST-01058,3,0,WS/MP18228/2025-2026/159789;WS/MP18228/2025-2026/159792;WS/MP18228/2025-2026/159791
CLUST-01059,3,0,WS/MP18228/2025-2026/235446;WS/MP18228/2025-2026/235448;WS/MP18228/2025-2026/235537
CLUST-01060,3,0,WS/MP18231/2025-2026/179884;WS/MP18231/2025-2026/179887;WS/MP18231/2025-2026/179888
CLUST-01061,3,0,WS/MP18231/2025-2026/224243;WS/MP18231/2025-2026/224244;WS/MP18231/2025-2026/224256
CLUST-01062,3,0,WS/MP18231/2026-2027/272500;WS/MP18231/2026-2027/272504;WS/MP18231/2026-2027/272508
CLUST-01063,3,0,WS/MP18234/2026-2027/261798;WS/MP18234/2026-2027/261800;WS/MP18234/2026-2027/261810
CLUST-01064,3,0,WS/MP18235/2024-2025/168534;WS/MP18235/2024-2025/168574;WS/MP18235/2024-2025/172681
CLUST-01065,3,0,WS/MP18235/2026-2027/282448;WS/MP18235/2026-2027/282450;WS/MP18235/2026-2027/282452
CLUST-01066,3,0,WS/MP18236/2025-2026/177465;WS/MP18236/2025-2026/177467;WS/MP18236/2025-2026/177469
CLUST-01067,3,0,WS/MP18236/2025-2026/206743;WS/MP18236/2025-2026/206746;WS/MP18236/2025-2026/206753
CLUST-01068,3,0,WS/MP18239/2026-2027/214434;WS/MP18239/2026-2027/214435;WS/MP18239/2026-2027/214436
CLUST-01069,3,0,WS/MP18239/2026-2027/272807;WS/MP18239/2026-2027/272809;WS/MP18239/2026-2027/272821
CLUST-01070,3,0,WS/MP18240/2026-2027/274950;WS/MP18240/2026-2027/274952;WS/MP18240/2026-2027/276770
CLUST-01071,3,0,WS/MP18240/2026-2027/274970;WS/MP18240/2026-2027/276835;WS/MP18240/2026-2027/276840
CLUST-01072,3,0,WS/MP18240/2026-2027/275053;WS/MP18240/2026-2027/276885;WS/MP18240/2026-2027/276886
CLUST-01073,3,0,WS/MP18240/2026-2027/276723;WS/MP18240/2026-2027/276765;WS/MP18240/2026-2027/276772
CLUST-01074,3,0,WS/MP18240/2026-2027/276817;WS/MP18240/2026-2027/276819;WS/MP18240/2026-2027/276823
CLUST-01075,3,0,WS/MP18240/2026-2027/276864;WS/MP18240/2026-2027/276868;WS/MP18240/2026-2027/276879
CLUST-01076,3,0,WS/MP18240/2026-2027/276919;WS/MP18240/2026-2027/276924;WS/MP18240/2026-2027/276926
CLUST-01077,3,0,WS/MP18240/2026-2027/276922;WS/MP18240/2026-2027/276923;WS/MP18240/2026-2027/276952
CLUST-01078,3,0,WS/MP18240/2026-2027/276929;WS/MP18240/2026-2027/276942;WS/MP18240/2026-2027/276966
CLUST-01079,3,0,WS/MP18244/2025-2026/185179;WS/MP18244/2025-2026/185181;WS/MP18244/2025-2026/185184
CLUST-01080,3,0,WS/MP18245/2024-2025/138941;WS/MP18245/2024-2025/147663;WS/MP18245/2024-2025/147666
CLUST-01081,3,0,WS/MP18245/2025-2026/165159;WS/MP18245/2025-2026/165160;WS/MP18245/2025-2026/165161
CLUST-01082,3,0,WS/MP18246/2025-2026/178912;WS/MP18246/2025-2026/178915;WS/MP18246/2025-2026/178917
CLUST-01083,3,0,WS/MP18246/2026-2027/203100;WS/MP18246/2026-2027/203101;WS/MP18246/2026-2027/203107
CLUST-01084,3,0,WS/MP18251/2024-2025/155463;WS/MP18251/2024-2025/155474;WS/MP18251/2024-2025/155475
CLUST-01085,3,0,WS/MP18251/2024-2025/155495;WS/MP18251/2024-2025/155498;WS/MP18251/2024-2025/155499
CLUST-01086,3,0,WS/MP18251/2026-2027/251534;WS/MP18251/2026-2027/251537;WS/MP18251/2026-2027/251540
CLUST-01087,3,0,WS/MP18251/2026-2027/251536;WS/MP18251/2026-2027/251541;WS/MP18251/2026-2027/251542
CLUST-01088,3,0,WS/MP18252/2024-2025/151039;WS/MP18252/2024-2025/151040;WS/MP18252/2024-2025/151041
CLUST-01089,3,0,WS/MP18252/2025-2026/173907;WS/MP18252/2025-2026/173932;WS/MP18252/2025-2026/173936
CLUST-01090,3,0,WS/MP18252/2026-2027/262490;WS/MP18252/2026-2027/262554;WS/MP18252/2026-2027/262807
CLUST-01091,3,0,WS/MP18255/2026-2027/267986;WS/MP18255/2026-2027/268022;WS/MP18255/2026-2027/268026
CLUST-01092,3,0,WS/MP18255/2026-2027/268035;WS/MP18255/2026-2027/268046;WS/MP18255/2026-2027/268082
CLUST-01093,3,0,WS/MP18271/2026-2027/234740;WS/MP18271/2026-2027/234744;WS/MP18271/2026-2027/234746
CLUST-01094,3,0,WS/MP18272/2024-2025/163362;WS/MP18272/2024-2025/163364;WS/MP18272/2024-2025/163366
CLUST-01095,3,0,WS/MP18272/2024-2025/163363;WS/MP18272/2024-2025/163365;WS/MP18272/2024-2025/163367
CLUST-01096,3,0,WS/MP18276/2025-2026/184840;WS/MP18276/2025-2026/184841;WS/MP18276/2025-2026/184842
CLUST-01097,3,0,WS/MP18276/2025-2026/184949;WS/MP18276/2025-2026/184955;WS/MP18276/2025-2026/184976
CLUST-01098,3,0,WS/MP18276/2025-2026/184951;WS/MP18276/2025-2026/184969;WS/MP18276/2025-2026/184970
CLUST-01099,3,0,WS/MP18276/2025-2026/184956;WS/MP18276/2025-2026/184957;WS/MP18276/2025-2026/184958
CLUST-01100,3,0,WS/MP18276/2025-2026/184959;WS/MP18276/2025-2026/184960;WS/MP18276/2025-2026/184961
CLUST-01101,3,0,WS/MP18276/2025-2026/224990;WS/MP18276/2025-2026/224991;WS/MP18276/2025-2026/224993
CLUST-01102,3,0,WS/MP18276/2025-2026/224994;WS/MP18276/2025-2026/224995;WS/MP18276/2025-2026/224996
CLUST-01103,3,0,WS/MP18276/2025-2026/225123;WS/MP18276/2025-2026/225141;WS/MP18276/2025-2026/225142
CLUST-01104,3,0,WS/MP18278/2024-2025/135168;WS/MP18278/2024-2025/135169;WS/MP18278/2024-2025/135170
CLUST-01105,3,0,WS/MP18278/2025-2026/246800;WS/MP18278/2025-2026/246801;WS/MP18278/2025-2026/246802
CLUST-01106,3,0,WS/MP18280/2025-2026/187602;WS/MP18280/2025-2026/187607;WS/MP18280/2025-2026/187605
CLUST-01107,3,0,WS/MP18309/2024-2025/157109;WS/MP18309/2024-2025/157112;WS/MP18309/2024-2025/157113
CLUST-01108,3,0,WS/MP18309/2025-2026/155235;WS/MP18309/2025-2026/155236;WS/MP18309/2025-2026/155238
CLUST-01109,3,0,WS/MP18311/2024-2025/143230;WS/MP18311/2024-2025/143240;WS/MP18311/2024-2025/143256
CLUST-01110,3,0,WS/MP18311/2024-2025/156689;WS/MP18311/2024-2025/156710;WS/MP18311/2024-2025/156711
CLUST-01111,3,0,WS/MP18311/2025-2026/183364;WS/MP18311/2025-2026/183387;WS/MP18311/2025-2026/183395
CLUST-01112,3,0,WS/MP18311/2025-2026/183374;WS/MP18311/2025-2026/183390;WS/MP18311/2025-2026/183398
CLUST-01113,3,0,WS/MP18311/2025-2026/183411;WS/MP18311/2025-2026/183447;WS/MP18311/2025-2026/183455
CLUST-01114,3,0,WS/MP18314/2025-2026/190996;WS/MP18314/2025-2026/190998;WS/MP18314/2025-2026/190997
CLUST-01115,3,0,WS/MP18314/2025-2026/208663;WS/MP18314/2025-2026/208665;WS/MP18314/2025-2026/218458
CLUST-01116,3,0,WS/MP18314/2025-2026/219255;WS/MP18314/2025-2026/219311;WS/MP18314/2025-2026/219313
CLUST-01117,3,0,WS/MP18314/2025-2026/219675;WS/MP18314/2025-2026/219676;WS/MP18314/2025-2026/219679
CLUST-01118,3,0,WS/MP18314/2025-2026/219690;WS/MP18314/2025-2026/219693;WS/MP18314/2025-2026/219694
CLUST-01119,3,0,WS/MP18322/2025-2026/183053;WS/MP18322/2025-2026/183054;WS/MP18322/2025-2026/183074
CLUST-01120,3,0,WS/MP18322/2025-2026/193081;WS/MP18322/2025-2026/193310;WS/MP18322/2025-2026/193315
CLUST-01121,3,0,WS/MP18322/2025-2026/193084;WS/MP18322/2025-2026/193088;WS/MP18322/2025-2026/193306
CLUST-01122,3,0,WS/MP18325/2025-2026/162931;WS/MP18325/2025-2026/162933;WS/MP18325/2025-2026/162932
CLUST-01123,3,0,WS/MP18328/2025-2026/222020;WS/MP18328/2025-2026/222409;WS/MP18328/2025-2026/222517
CLUST-01124,3,0,WS/MP18335/2024-2025/150742;WS/MP18335/2025-2026/150729;WS/MP18335/2025-2026/150734
CLUST-01125,3,0,WS/MP18335/2025-2026/150718;WS/MP18335/2025-2026/150738;WS/MP18335/2025-2026/151032
CLUST-01126,3,0,WS/MP18335/2025-2026/150721;WS/MP18335/2025-2026/150724;WS/MP18335/2025-2026/150743
CLUST-01127,3,0,WS/MP18337/2025-2026/196858;WS/MP18337/2025-2026/196865;WS/MP18337/2025-2026/196870
CLUST-01128,3,0,WS/MP18338/2024-2025/152399;WS/MP18338/2024-2025/152400;WS/MP18338/2024-2025/152401
CLUST-01129,3,0,WS/MP18338/2025-2026/207143;WS/MP18338/2025-2026/207145;WS/MP18338/2025-2026/207167
CLUST-01130,3,0,WS/MP18344/2025-2026/198296;WS/MP18344/2025-2026/198300;WS/MP18344/2025-2026/198304
CLUST-01131,3,0,WS/MP18350/2025-2026/252145;WS/MP18350/2025-2026/252146;WS/MP18350/2025-2026/252147
CLUST-01132,3,0,WS/MP18351/2024-2025/158437;WS/MP18351/2024-2025/160327;WS/MP18351/2024-2025/160331
CLUST-01133,3,0,WS/MP18353/2024-2025/138643;WS/MP18353/2024-2025/138644;WS/MP18353/2024-2025/138645
CLUST-01134,3,0,WS/MP18353/2025-2026/181782;WS/MP18353/2025-2026/181783;WS/MP18353/2025-2026/181784
CLUST-01135,3,0,WS/MP18353/2026-2027/242126;WS/MP18353/2026-2027/242127;WS/MP18353/2026-2027/242130
CLUST-01136,3,0,WS/MP18356/2025-2026/200343;WS/MP18356/2025-2026/200345;WS/MP18356/2025-2026/200346
CLUST-01137,3,0,WS/MP18357/2025-2026/177243;WS/MP18357/2025-2026/177244;WS/MP18357/2025-2026/199883
CLUST-01138,3,0,WS/MP18358/2025-2026/187822;WS/MP18358/2025-2026/187824;WS/MP18358/2025-2026/188021
CLUST-01139,3,0,WS/MP18375/2025-2026/187682;WS/MP18375/2025-2026/187684;WS/MP18375/2025-2026/187689
CLUST-01140,3,0,WS/MP18375/2025-2026/187699;WS/MP18375/2025-2026/187701;WS/MP18375/2025-2026/187702
CLUST-01141,3,0,WS/MP18377/2024-2025/152284;WS/MP18377/2024-2025/152285;WS/MP18377/2024-2025/152286
CLUST-01142,3,0,WS/MP18377/2024-2025/152292;WS/MP18377/2024-2025/152293;WS/MP18377/2024-2025/152294
CLUST-01143,3,0,WS/MP18377/2025-2026/212925;WS/MP18377/2025-2026/212926;WS/MP18377/2025-2026/212927
CLUST-01144,3,0,WS/MP18377/2026-2027/306638;WS/MP18377/2026-2027/306639;WS/MP18377/2026-2027/306640
CLUST-01145,3,0,WS/MP18388/2026-2027/280843;WS/MP18388/2026-2027/280845;WS/MP18388/2026-2027/280936
CLUST-01146,3,0,WS/MP18390/2024-2025/148845;WS/MP18390/2024-2025/148846;WS/MP18390/2024-2025/148847
CLUST-01147,3,0,WS/MP18390/2026-2027/201691;WS/MP18390/2026-2027/201693;WS/MP18390/2026-2027/201694
CLUST-01148,3,0,WS/MP18390/2026-2027/263139;WS/MP18390/2026-2027/263141;WS/MP18390/2026-2027/270527
CLUST-01149,3,0,WS/MP18390/2026-2027/265608;WS/MP18390/2026-2027/267078;WS/MP18390/2026-2027/270191
CLUST-01150,3,0,WS/MP18390/2026-2027/267087;WS/MP18390/2026-2027/267092;WS/MP18390/2026-2027/270183
CLUST-01151,3,0,WS/MP18391/2024-2025/140293;WS/MP18391/2024-2025/140301;WS/MP18391/2024-2025/140310
CLUST-01152,3,0,WS/MP18392/2025-2026/255721;WS/MP18392/2025-2026/255722;WS/MP18392/2025-2026/255723
CLUST-01153,3,0,WS/MP18396/2024-2025/145976;WS/MP18396/2024-2025/145978;WS/MP18396/2024-2025/145979
CLUST-01154,3,0,WS/MP18396/2025-2026/197554;WS/MP18396/2025-2026/197555;WS/MP18396/2025-2026/197556
CLUST-01155,3,0,WS/MP18396/2025-2026/200908;WS/MP18396/2025-2026/200909;WS/MP18396/2025-2026/200910
CLUST-01156,3,0,WS/MP18396/2025-2026/222172;WS/MP18396/2025-2026/222173;WS/MP18396/2025-2026/222214
CLUST-01157,3,0,WS/MP18396/2025-2026/250478;WS/MP18396/2025-2026/250479;WS/MP18396/2025-2026/250480
CLUST-01158,3,0,WS/MP18397/2025-2026/189807;WS/MP18397/2025-2026/189809;WS/MP18397/2025-2026/189844
CLUST-01159,3,0,WS/MP18397/2025-2026/246125;WS/MP18397/2025-2026/246188;WS/MP18397/2025-2026/246190
CLUST-01160,3,0,WS/MP18400/2025-2026/228025;WS/MP18400/2025-2026/228026;WS/MP18400/2025-2026/228027
CLUST-01161,3,0,WS/MP241/2025-2026/243858;WS/MP241/2025-2026/243859;WS/MP241/2025-2026/243860
CLUST-01162,3,0,WS/MP241/2026-2027/255073;WS/MP241/2026-2027/255074;WS/MP241/2026-2027/255076
CLUST-01163,3,0,WS/MP243/2025-2026/141151;WS/MP243/2025-2026/141152;WS/MP243/2025-2026/141153
CLUST-01164,3,0,WS/MP249/2025-2026/173404;WS/MP249/2025-2026/173405;WS/MP249/2025-2026/173406
CLUST-01165,3,0,WS/MP249/2025-2026/207858;WS/MP249/2025-2026/207871;WS/MP249/2025-2026/207874
CLUST-01166,3,0,WS/MP249/2025-2026/243930;WS/MP249/2025-2026/243931;WS/MP249/2025-2026/243932
CLUST-01167,3,0,WS/MP300/2024-2025/157051;WS/MP300/2024-2025/157054;WS/MP300/2025-2026/157050
CLUST-01168,3,0,WS/MP300/2024-2025/160725;WS/MP300/2024-2025/160732;WS/MP300/2024-2025/160734
CLUST-01169,3,0,WS/MP300/2025-2026/160810;WS/MP300/2025-2026/160812;WS/MP300/2025-2026/160813
CLUST-01170,3,0,WS/MP317/2026-2027/287832;WS/MP317/2026-2027/287834;WS/MP317/2026-2027/287835
CLUST-01171,3,0,WS/MP317/2026-2027/297158;WS/MP317/2026-2027/297166;WS/MP317/2026-2027/297167
CLUST-01172,3,0,WS/MP324/2026-2027/227799;WS/MP324/2026-2027/227803;WS/MP324/2026-2027/227804
CLUST-01173,3,0,WS/MP329/2025-2026/227545;WS/MP329/2025-2026/227546;WS/MP329/2025-2026/232840
CLUST-01174,3,0,WS/MP329/2026-2027/279152;WS/MP329/2026-2027/279155;WS/MP329/2026-2027/302065
CLUST-01175,3,0,WS/MP334/2024-2025/136582;WS/MP334/2024-2025/136591;WS/MP334/2024-2025/136599
CLUST-01176,3,0,WS/MP334/2024-2025/136628;WS/MP334/2024-2025/136629;WS/MP334/2024-2025/136631
CLUST-01177,3,0,WS/MP334/2024-2025/139182;WS/MP334/2024-2025/139188;WS/MP334/2024-2025/139189
CLUST-01178,3,0,WS/MP334/2024-2025/140261;WS/MP334/2024-2025/140263;WS/MP334/2024-2025/140266
CLUST-01179,3,0,WS/MP341/2026-2027/228238;WS/MP341/2026-2027/228240;WS/MP341/2026-2027/228242
CLUST-01180,3,0,WS/MP350/2026-2027/313890;WS/MP350/2026-2027/313896;WS/MP350/2026-2027/313900
CLUST-01181,3,0,WS/MP351/2025-2026/146062;WS/MP351/2025-2026/146063;WS/MP351/2025-2026/146064
CLUST-01182,3,0,WS/MP351/2025-2026/232238;WS/MP351/2025-2026/232239;WS/MP351/2025-2026/232240
CLUST-01183,3,0,WS/MP353/2024-2025/144756;WS/MP353/2024-2025/144757;WS/MP353/2024-2025/144759
CLUST-01184,3,0,WS/MP356/2025-2026/140606;WS/MP356/2025-2026/194346;WS/MP356/2025-2026/194347
CLUST-01185,3,0,WS/MP356/2026-2027/277506;WS/MP356/2026-2027/277519;WS/MP356/2026-2027/284014
CLUST-01186,3,0,WS/MP356/2026-2027/284061;WS/MP356/2026-2027/284065;WS/MP356/2026-2027/284068
CLUST-01187,3,0,WS/MP370/2025-2026/198851;WS/MP370/2025-2026/198852;WS/MP370/2025-2026/198853
CLUST-01188,3,0,WS/MP372/2025-2026/186222;WS/MP372/2025-2026/186223;WS/MP372/2025-2026/186224
CLUST-01189,3,0,WS/MP372/2025-2026/186231;WS/MP372/2025-2026/186232;WS/MP372/2025-2026/186238
CLUST-01190,3,0,WS/MP372/2026-2027/291281;WS/MP372/2026-2027/291282;WS/MP372/2026-2027/291296
CLUST-01191,3,0,WS/MP380/2025-2026/192908;WS/MP380/2025-2026/192913;WS/MP380/2025-2026/200802
CLUST-01192,3,0,WS/MP380/2025-2026/192921;WS/MP380/2025-2026/192922;WS/MP380/2025-2026/192932
CLUST-01193,3,0,WS/MP380/2025-2026/193123;WS/MP380/2025-2026/193124;WS/MP380/2025-2026/199117
CLUST-01194,3,0,WS/MP380/2025-2026/200797;WS/MP380/2025-2026/200811;WS/MP380/2025-2026/216859
CLUST-01195,3,0,WS/MP380/2025-2026/219268;WS/MP380/2025-2026/219269;WS/MP380/2025-2026/219270
CLUST-01196,3,0,WS/MP380/2026-2027/301082;WS/MP380/2026-2027/301108;WS/MP380/2026-2027/301112
CLUST-01197,3,0,WS/MP381/2025-2026/184621;WS/MP381/2025-2026/184738;WS/MP381/2025-2026/184740
CLUST-01198,3,0,WS/MP381/2025-2026/227983;WS/MP381/2025-2026/227987;WS/MP381/2025-2026/228053
CLUST-01199,3,0,WS/MP381/2026-2027/277847;WS/MP381/2026-2027/277848;WS/MP381/2026-2027/277853
CLUST-01200,3,0,WS/MP386/2026-2027/274196;WS/MP386/2026-2027/274201;WS/MP386/2026-2027/274200
CLUST-01201,3,0,WS/MP393/2025-2026/220266;WS/MP393/2025-2026/220273;WS/MP393/2025-2026/221341
CLUST-01202,3,0,WS/MP410/2025-2026/245629;WS/MP410/2025-2026/245634;WS/MP410/2025-2026/245635
CLUST-01203,3,0,WS/MP416/2024-2025/156881;WS/MP416/2024-2025/156882;WS/MP416/2024-2025/156895
CLUST-01204,3,0,WS/MP422/2026-2027/227372;WS/MP422/2026-2027/227373;WS/MP422/2026-2027/227375
CLUST-01205,3,0,WS/MP428/2025-2026/249274;WS/MP428/2025-2026/249275;WS/MP428/2025-2026/249276
CLUST-01206,3,0,WS/MP429/2024-2025/140533;WS/MP429/2024-2025/140536;WS/MP429/2024-2025/140537
CLUST-01207,3,0,WS/MP429/2025-2026/205678;WS/MP429/2025-2026/205679;WS/MP429/2025-2026/205680
CLUST-01208,3,0,WS/MP429/2025-2026/208961;WS/MP429/2025-2026/208962;WS/MP429/2025-2026/208963
CLUST-01209,3,0,WS/MP429/2025-2026/260203;WS/MP429/2025-2026/260204;WS/MP429/2025-2026/260205
CLUST-01210,3,0,WS/MP429/2026-2027/267742;WS/MP429/2026-2027/267743;WS/MP429/2026-2027/267744
CLUST-01211,3,0,WS/MP443/2025-2026/229283;WS/MP443/2025-2026/229284;WS/MP443/2025-2026/229285
CLUST-01212,3,0,WS/MP443/2025-2026/237275;WS/MP443/2025-2026/237276;WS/MP443/2025-2026/237277
CLUST-01213,3,0,WS/MP443/2025-2026/255679;WS/MP443/2025-2026/255680;WS/MP443/2025-2026/255681
CLUST-01214,3,0,WS/MP443/2026-2027/287324;WS/MP443/2026-2027/287325;WS/MP443/2026-2027/287326
CLUST-01215,3,0,WS/MP444/2024-2025/145942;WS/MP444/2024-2025/145945;WS/MP444/2024-2025/145946
CLUST-01216,3,0,WS/MP444/2025-2026/200013;WS/MP444/2025-2026/200019;WS/MP444/2025-2026/200020
CLUST-01217,3,0,WS/MP444/2025-2026/200235;WS/MP444/2025-2026/200236;WS/MP444/2025-2026/200237
CLUST-01218,3,0,WS/MP446/2026-2027/288492;WS/MP446/2026-2027/288493;WS/MP446/2026-2027/288511
CLUST-01219,3,0,WS/MP457/2025-2026/181985;WS/MP457/2025-2026/181992;WS/MP457/2025-2026/181991
CLUST-01220,3,0,WS/MP457/2025-2026/181988;WS/MP457/2025-2026/181989;WS/MP457/2025-2026/181990
CLUST-01221,3,0,WS/MP457/2025-2026/201108;WS/MP457/2025-2026/201109;WS/MP457/2025-2026/201110
CLUST-01222,3,0,WS/MP457/2025-2026/217271;WS/MP457/2025-2026/217272;WS/MP457/2025-2026/217273
CLUST-01223,3,0,WS/MP457/2025-2026/235163;WS/MP457/2025-2026/253558;WS/MP457/2025-2026/235165
CLUST-01224,3,0,WS/MP468/2025-2026/196348;WS/MP468/2025-2026/196350;WS/MP468/2025-2026/196349
CLUST-01225,3,0,WS/MP468/2025-2026/196354;WS/MP468/2025-2026/196366;WS/MP468/2025-2026/196365
CLUST-01226,3,0,WS/MP468/2025-2026/196371;WS/MP468/2025-2026/196373;WS/MP468/2025-2026/196372
CLUST-01227,3,0,WS/MP477/2025-2026/268808;WS/MP477/2025-2026/268809;WS/MP477/2026-2027/269859
CLUST-01228,3,0,WS/MP478/2025-2026/180581;WS/MP478/2025-2026/180814;WS/MP478/2025-2026/180818
CLUST-01229,3,0,WS/MP478/2025-2026/180820;WS/MP478/2025-2026/180821;WS/MP478/2025-2026/180826
CLUST-01230,3,0,WS/MP478/2025-2026/180829;WS/MP478/2025-2026/180832;WS/MP478/2025-2026/180834
CLUST-01231,3,0,WS/MP478/2025-2026/243855;WS/MP478/2025-2026/243857;WS/MP478/2025-2026/243862
CLUST-01232,3,0,WS/MP479/2024-2025/138178;WS/MP479/2024-2025/138180;WS/MP479/2024-2025/140164
CLUST-01233,3,0,WS/MP479/2024-2025/138313;WS/MP479/2024-2025/140161;WS/MP479/2024-2025/140168
CLUST-01234,3,0,WS/MP481/2026-2027/251341;WS/MP481/2026-2027/251342;WS/MP481/2026-2027/251343
CLUST-01235,3,0,WS/MP485/2024-2025/136159;WS/MP485/2024-2025/136161;WS/MP485/2024-2025/136162
CLUST-01236,3,0,WS/MP485/2024-2025/137225;WS/MP485/2024-2025/137226;WS/MP485/2024-2025/137227
CLUST-01237,3,0,WS/MP485/2025-2026/197271;WS/MP485/2025-2026/197273;WS/MP485/2025-2026/197279
CLUST-01238,3,0,WS/MP485/2025-2026/205017;WS/MP485/2025-2026/205023;WS/MP485/2025-2026/205022
CLUST-01239,3,0,WS/MP498/2025-2026/231654;WS/MP498/2025-2026/231655;WS/MP498/2025-2026/231656
CLUST-01240,3,0,WS/MP498/2025-2026/233743;WS/MP498/2025-2026/233744;WS/MP498/2025-2026/233745
CLUST-01241,3,0,WS/MP498/2025-2026/264210;WS/MP498/2025-2026/264211;WS/MP498/2025-2026/264212
CLUST-01242,3,0,WS/MP522/2026-2027/299745;WS/MP522/2026-2027/299754;WS/MP522/2026-2027/299756
CLUST-01243,3,0,WS/MP524/2024-2025/152588;WS/MP524/2024-2025/152589;WS/MP524/2024-2025/152590
CLUST-01244,3,0,WS/MP526/2024-2025/146045;WS/MP526/2024-2025/146046;WS/MP526/2024-2025/146047
CLUST-01245,3,0,WS/MP526/2026-2027/256076;WS/MP526/2026-2027/256077;WS/MP526/2026-2027/256078
CLUST-01246,3,0,WS/MP529/2024-2025/161715;WS/MP529/2024-2025/161718;WS/MP529/2024-2025/161719
CLUST-01247,3,0,WS/MP529/2024-2025/161723;WS/MP529/2024-2025/161724;WS/MP529/2024-2025/161726
CLUST-01248,3,0,WS/MP529/2024-2025/163874;WS/MP529/2024-2025/163875;WS/MP529/2024-2025/163876
CLUST-01249,3,0,WS/MP533/2026-2027/260071;WS/MP533/2026-2027/260073;WS/MP533/2026-2027/260072
CLUST-01250,3,0,WS/MP544/2025-2026/155458;WS/MP544/2025-2026/155480;WS/MP544/2025-2026/155490
CLUST-01251,3,0,WS/MP544/2026-2027/283821;WS/MP544/2026-2027/283822;WS/MP544/2026-2027/283823
CLUST-01252,3,0,WS/MP544/2026-2027/283926;WS/MP544/2026-2027/283929;WS/MP544/2026-2027/283930
CLUST-01253,3,0,WS/MP549/2025-2026/158990;WS/MP549/2025-2026/158991;WS/MP549/2025-2026/158994
CLUST-01254,3,0,WS/MP549/2025-2026/207940;WS/MP549/2025-2026/207943;WS/MP549/2025-2026/207942
CLUST-01255,3,0,WS/MP552/2025-2026/212721;WS/MP552/2025-2026/212723;WS/MP552/2025-2026/212726
CLUST-01256,3,0,WS/MP558/2025-2026/208222;WS/MP558/2025-2026/208223;WS/MP558/2025-2026/208224
CLUST-01257,3,0,WS/MP568/2024-2025/161397;WS/MP568/2024-2025/161399;WS/MP568/2024-2025/161401
CLUST-01258,3,0,WS/MP568/2025-2026/215817;WS/MP568/2025-2026/217893;WS/MP568/2025-2026/217894
CLUST-01259,3,0,WS/MP568/2025-2026/217876;WS/MP568/2025-2026/217888;WS/MP568/2025-2026/217891
CLUST-01260,3,0,WS/MP568/2025-2026/247417;WS/MP568/2025-2026/247418;WS/MP568/2025-2026/247419
CLUST-01261,3,0,WS/MP575/2024-2025/164255;WS/MP575/2024-2025/164808;WS/MP575/2024-2025/164813
CLUST-01262,3,0,WS/MP575/2024-2025/173630;WS/MP575/2024-2025/173631;WS/MP575/2024-2025/173632
CLUST-01263,3,0,WS/MP578/2026-2027/284967;WS/MP578/2026-2027/286602;WS/MP578/2026-2027/286603
CLUST-01264,3,0,WS/MP582/2025-2026/137346;WS/MP582/2025-2026/141896;WS/MP582/2025-2026/141913
CLUST-01265,3,0,WS/MP582/2026-2027/274538;WS/MP582/2026-2027/274539;WS/MP582/2026-2027/274540
CLUST-01266,3,0,WS/MP588/2025-2026/202558;WS/MP588/2025-2026/202561;WS/MP588/2025-2026/202573
CLUST-01267,3,0,WS/MP598/2025-2026/145400;WS/MP598/2025-2026/145401;WS/MP598/2025-2026/145402
CLUST-01268,3,0,WS/MP598/2025-2026/185833;WS/MP598/2025-2026/185835;WS/MP598/2025-2026/185837
CLUST-01269,3,0,WS/MP598/2025-2026/198576;WS/MP598/2025-2026/198577;WS/MP598/2025-2026/198578
CLUST-01270,3,0,WS/MP598/2025-2026/198582;WS/MP598/2025-2026/198583;WS/MP598/2025-2026/198584
CLUST-01271,3,0,WS/MP598/2025-2026/198586;WS/MP598/2025-2026/198593;WS/MP598/2025-2026/198592
CLUST-01272,3,0,WS/MP600/2026-2027/273809;WS/MP600/2026-2027/273811;WS/MP600/2026-2027/273814
CLUST-01273,3,0,WS/MP600/2026-2027/273945;WS/MP600/2026-2027/273947;WS/MP600/2026-2027/273993
CLUST-01274,3,0,WS/MP606/2025-2026/254055;WS/MP606/2025-2026/254057;WS/MP606/2025-2026/254056
CLUST-01275,3,0,WS/MP607/2025-2026/210009;WS/MP607/2025-2026/210182;WS/MP607/2025-2026/210025
CLUST-01276,3,0,WS/MP632/2024-2025/142406;WS/MP632/2024-2025/142407;WS/MP632/2024-2025/142408
CLUST-01277,3,0,WS/MP632/2025-2026/203003;WS/MP632/2025-2026/203007;WS/MP632/2025-2026/203009
CLUST-01278,3,0,WS/MP638/2026-2027/294038;WS/MP638/2026-2027/294062;WS/MP638/2026-2027/294139
CLUST-01279,3,0,WS/MP641/2024-2025/153857;WS/MP641/2024-2025/153858;WS/MP641/2024-2025/153859
CLUST-01280,3,0,WS/MP641/2025-2026/256090;WS/MP641/2025-2026/256091;WS/MP641/2025-2026/256092
CLUST-01281,3,0,WS/MP641/2025-2026/256101;WS/MP641/2025-2026/256102;WS/MP641/2025-2026/256103
CLUST-01282,3,0,WS/MP642/2025-2026/196572;WS/MP642/2025-2026/199814;WS/MP642/2025-2026/199815
CLUST-01283,3,0,WS/MP642/2025-2026/200938;WS/MP642/2025-2026/200939;WS/MP642/2025-2026/200940
CLUST-01284,3,0,WS/MP643/2024-2025/136006;WS/MP643/2024-2025/136007;WS/MP643/2024-2025/136008
CLUST-01285,3,0,WS/MP643/2024-2025/136985;WS/MP643/2024-2025/136986;WS/MP643/2024-2025/136987
CLUST-01286,3,0,WS/MP643/2024-2025/163863;WS/MP643/2024-2025/163864;WS/MP643/2024-2025/163865
CLUST-01287,3,0,WS/MP643/2024-2025/163866;WS/MP643/2024-2025/163867;WS/MP643/2024-2025/163868
CLUST-01288,3,0,WS/MP644/2024-2025/170864;WS/MP644/2024-2025/171993;WS/MP644/2025-2026/177084
CLUST-01289,3,0,WS/MP681/2024-2025/143655;WS/MP681/2024-2025/143657;WS/MP681/2024-2025/143658
CLUST-01290,3,0,WS/MP716/2025-2026/230873;WS/MP716/2025-2026/230875;WS/MP716/2025-2026/231412
CLUST-01291,3,0,WS/MP716/2025-2026/232928;WS/MP716/2025-2026/232929;WS/MP716/2025-2026/232930
CLUST-01292,3,0,WS/MP720/2026-2027/313221;WS/MP720/2026-2027/313223;WS/MP720/2026-2027/313224
CLUST-01293,3,0,WS/MP743/2025-2026/190832;WS/MP743/2025-2026/190834;WS/MP743/2025-2026/190833
CLUST-01294,3,0,WS/MP743/2025-2026/190848;WS/MP743/2025-2026/190849;WS/MP743/2025-2026/190850
CLUST-01295,3,0,WS/MP755/2024-2025/151520;WS/MP755/2024-2025/151521;WS/MP755/2025-2026/151519
CLUST-01296,3,0,WS/MP755/2025-2026/189471;WS/MP755/2025-2026/189472;WS/MP755/2025-2026/189473
CLUST-01297,3,0,WS/MP755/2025-2026/246892;WS/MP755/2025-2026/246893;WS/MP755/2025-2026/246894
CLUST-01298,3,0,WS/MP758/2025-2026/201207;WS/MP758/2025-2026/201517;WS/MP758/2025-2026/201516
CLUST-01299,3,0,WS/MP761/2024-2025/169168;WS/MP761/2024-2025/169174;WS/MP761/2024-2025/169173
CLUST-01300,3,0,WS/MP761/2024-2025/170683;WS/MP761/2024-2025/170702;WS/MP761/2024-2025/171060
CLUST-01301,3,0,WS/MP761/2025-2026/224082;WS/MP761/2025-2026/224085;WS/MP761/2025-2026/224088
CLUST-01302,3,0,WS/MP761/2026-2027/221193;WS/MP761/2026-2027/221226;WS/MP761/2026-2027/221234
CLUST-01303,3,0,WS/MP787/2025-2026/259310;WS/MP787/2025-2026/259311;WS/MP787/2025-2026/259312
CLUST-01304,3,0,WS/MP814/2025-2026/246337;WS/MP814/2025-2026/246377;WS/MP814/2025-2026/246387
CLUST-01305,3,0,WS/MP814/2025-2026/246367;WS/MP814/2025-2026/246396;WS/MP814/2025-2026/246398
CLUST-01306,3,0,WS/MP814/2026-2027/290681;WS/MP814/2026-2027/290682;WS/MP814/2026-2027/291017
CLUST-01307,3,0,WS/MP814/2026-2027/291028;WS/MP814/2026-2027/291042;WS/MP814/2026-2027/291067
CLUST-01308,3,0,WS/MP815/2026-2027/264649;WS/MP815/2026-2027/264919;WS/MP815/2026-2027/264923
CLUST-01309,3,0,WS/MP817/2025-2026/229638;WS/MP817/2025-2026/229639;WS/MP817/2025-2026/229640
CLUST-01310,3,0,WS/MP825/2025-2026/265972;WS/MP825/2025-2026/265976;WS/MP825/2025-2026/265977
CLUST-01311,3,0,WS/MP825/2025-2026/265973;WS/MP825/2025-2026/265974;WS/MP825/2025-2026/265979
CLUST-01312,3,0,WS/MP852/2026-2027/231263;WS/MP852/2026-2027/231264;WS/MP852/2026-2027/231265
CLUST-01313,3,0,WS/MP852/2026-2027/231322;WS/MP852/2026-2027/231324;WS/MP852/2026-2027/231896
CLUST-01314,3,0,WS/MP859/2024-2025/150949;WS/MP859/2024-2025/150950;WS/MP859/2024-2025/150952
CLUST-01315,3,0,WS/MP866/2025-2026/266782;WS/MP866/2025-2026/266786;WS/MP866/2025-2026/266783
CLUST-01316,3,0,WS/MP883/2025-2026/154968;WS/MP883/2025-2026/154991;WS/MP883/2025-2026/154992
CLUST-01317,3,0,WS/MP883/2025-2026/154969;WS/MP883/2025-2026/154970;WS/MP883/2025-2026/154974
CLUST-01318,3,0,WS/MP883/2025-2026/154993;WS/MP883/2025-2026/154995;WS/MP883/2025-2026/154996
CLUST-01319,3,0,WS/MP883/2026-2027/229872;WS/MP883/2026-2027/229873;WS/MP883/2026-2027/229876
CLUST-01320,2,0,WS/MP013/2025-2026/225117;WS/MP013/2025-2026/225600
CLUST-01321,2,0,WS/MP013/2025-2026/225121;WS/MP013/2025-2026/225599
CLUST-01322,2,0,WS/MP013/2025-2026/233547;WS/MP013/2025-2026/233548
CLUST-01323,2,0,WS/MP013/2026-2027/209355;WS/MP013/2026-2027/209387
CLUST-01324,2,0,WS/MP017/2026-2027/280326;WS/MP017/2026-2027/280358
CLUST-01325,2,0,WS/MP017/2026-2027/306566;WS/MP017/2026-2027/306567
CLUST-01326,2,0,WS/MP021/2025-2026/172020;WS/MP021/2025-2026/172021
CLUST-01327,2,0,WS/MP021/2025-2026/174403;WS/MP021/2025-2026/175495
CLUST-01328,2,0,WS/MP021/2025-2026/174639;WS/MP021/2025-2026/174643
CLUST-01329,2,0,WS/MP021/2025-2026/174646;WS/MP021/2025-2026/174647
CLUST-01330,2,0,WS/MP021/2025-2026/176251;WS/MP021/2025-2026/176252
CLUST-01331,2,0,WS/MP021/2025-2026/176255;WS/MP021/2025-2026/176256
CLUST-01332,2,0,WS/MP021/2025-2026/176278;WS/MP021/2025-2026/176279
CLUST-01333,2,0,WS/MP021/2025-2026/177229;WS/MP021/2025-2026/177230
CLUST-01334,2,0,WS/MP021/2025-2026/177239;WS/MP021/2025-2026/177240
CLUST-01335,2,0,WS/MP021/2025-2026/178118;WS/MP021/2025-2026/178119
CLUST-01336,2,0,WS/MP021/2025-2026/178120;WS/MP021/2025-2026/178121
CLUST-01337,2,0,WS/MP021/2025-2026/184014;WS/MP021/2025-2026/242801
CLUST-01338,2,0,WS/MP021/2025-2026/188597;WS/MP021/2025-2026/188599
CLUST-01339,2,0,WS/MP021/2025-2026/188601;WS/MP021/2025-2026/188602
CLUST-01340,2,0,WS/MP021/2025-2026/188603;WS/MP021/2025-2026/188604
CLUST-01341,2,0,WS/MP021/2025-2026/192268;WS/MP021/2025-2026/192269
CLUST-01342,2,0,WS/MP021/2025-2026/192311;WS/MP021/2025-2026/192320
CLUST-01343,2,0,WS/MP021/2025-2026/192498;WS/MP021/2025-2026/192499
CLUST-01344,2,0,WS/MP021/2025-2026/192539;WS/MP021/2025-2026/192573
CLUST-01345,2,0,WS/MP021/2025-2026/196151;WS/MP021/2025-2026/197608
CLUST-01346,2,0,WS/MP021/2025-2026/200594;WS/MP021/2025-2026/200595
CLUST-01347,2,0,WS/MP021/2025-2026/202647;WS/MP021/2025-2026/202648
CLUST-01348,2,0,WS/MP021/2025-2026/204353;WS/MP021/2025-2026/204354
CLUST-01349,2,0,WS/MP021/2025-2026/204372;WS/MP021/2025-2026/204373
CLUST-01350,2,0,WS/MP021/2025-2026/204378;WS/MP021/2025-2026/204380
CLUST-01351,2,0,WS/MP021/2025-2026/208314;WS/MP021/2025-2026/208315
CLUST-01352,2,0,WS/MP021/2025-2026/209042;WS/MP021/2025-2026/210246
CLUST-01353,2,0,WS/MP021/2025-2026/209054;WS/MP021/2025-2026/209055
CLUST-01354,2,0,WS/MP021/2025-2026/209056;WS/MP021/2025-2026/209057
CLUST-01355,2,0,WS/MP021/2025-2026/210247;WS/MP021/2025-2026/210249
CLUST-01356,2,0,WS/MP021/2025-2026/210252;WS/MP021/2025-2026/210254
CLUST-01357,2,0,WS/MP021/2025-2026/225649;WS/MP021/2025-2026/242769
CLUST-01358,2,0,WS/MP021/2025-2026/225704;WS/MP021/2025-2026/225742
CLUST-01359,2,0,WS/MP021/2025-2026/225744;WS/MP021/2025-2026/242831
CLUST-01360,2,0,WS/MP021/2025-2026/225746;WS/MP021/2025-2026/225748
CLUST-01361,2,0,WS/MP021/2025-2026/227786;WS/MP021/2025-2026/227787
CLUST-01362,2,0,WS/MP021/2025-2026/242739;WS/MP021/2025-2026/242740
CLUST-01363,2,0,WS/MP021/2025-2026/242742;WS/MP021/2025-2026/242757
CLUST-01364,2,0,WS/MP021/2025-2026/242748;WS/MP021/2025-2026/242749
CLUST-01365,2,0,WS/MP021/2025-2026/242752;WS/MP021/2025-2026/242753
CLUST-01366,2,0,WS/MP021/2025-2026/242799;WS/MP021/2025-2026/242800
CLUST-01367,2,0,WS/MP021/2025-2026/252338;WS/MP021/2025-2026/252339
CLUST-01368,2,0,WS/MP021/2025-2026/252347;WS/MP021/2025-2026/252348
CLUST-01369,2,0,WS/MP021/2025-2026/254800;WS/MP021/2025-2026/254801
CLUST-01370,2,0,WS/MP021/2025-2026/254810;WS/MP021/2025-2026/254811
CLUST-01371,2,0,WS/MP021/2025-2026/262400;WS/MP021/2025-2026/262401
CLUST-01372,2,0,WS/MP021/2025-2026/262543;WS/MP021/2025-2026/262547
CLUST-01373,2,0,WS/MP021/2025-2026/267131;WS/MP021/2025-2026/267132
CLUST-01374,2,0,WS/MP021/2026-2027/225673;WS/MP021/2026-2027/225674
CLUST-01375,2,0,WS/MP021/2026-2027/262536;WS/MP021/2026-2027/262539
CLUST-01376,2,0,WS/MP021/2026-2027/271550;WS/MP021/2026-2027/271551
CLUST-01377,2,0,WS/MP021/2026-2027/274748;WS/MP021/2026-2027/274749
CLUST-01378,2,0,WS/MP021/2026-2027/307386;WS/MP021/2026-2027/307765
CLUST-01379,2,0,WS/MP18001/2025-2026/216439;WS/MP18001/2025-2026/216440
CLUST-01380,2,0,WS/MP18002/2025-2026/220734;WS/MP18002/2025-2026/220737
CLUST-01381,2,0,WS/MP18002/2026-2027/274760;WS/MP18002/2026-2027/274773
CLUST-01382,2,0,WS/MP18002/2026-2027/295041;WS/MP18002/2026-2027/295042
CLUST-01383,2,0,WS/MP18002/2026-2027/300754;WS/MP18002/2026-2027/300755
CLUST-01384,2,0,WS/MP18003/2024-2025/172274;WS/MP18003/2024-2025/172276
CLUST-01385,2,0,WS/MP18003/2025-2026/223864;WS/MP18003/2025-2026/223865
CLUST-01386,2,0,WS/MP18003/2025-2026/223868;WS/MP18003/2025-2026/223869
CLUST-01387,2,0,WS/MP18004/2025-2026/197636;WS/MP18004/2025-2026/197637
CLUST-01388,2,0,WS/MP18004/2025-2026/225640;WS/MP18004/2025-2026/225641
CLUST-01389,2,0,WS/MP18004/2026-2027/301227;WS/MP18004/2026-2027/301228
CLUST-01390,2,0,WS/MP18005/2025-2026/245768;WS/MP18005/2025-2026/245771
CLUST-01391,2,0,WS/MP18006/2024-2025/135593;WS/MP18006/2024-2025/135595
CLUST-01392,2,0,WS/MP18006/2024-2025/135640;WS/MP18006/2024-2025/135641
CLUST-01393,2,0,WS/MP18006/2024-2025/135648;WS/MP18006/2024-2025/135650
CLUST-01394,2,0,WS/MP18006/2024-2025/135651;WS/MP18006/2024-2025/135652
CLUST-01395,2,0,WS/MP18006/2024-2025/135653;WS/MP18006/2024-2025/135654
CLUST-01396,2,0,WS/MP18006/2024-2025/136191;WS/MP18006/2024-2025/136192
CLUST-01397,2,0,WS/MP18006/2024-2025/136202;WS/MP18006/2024-2025/136203
CLUST-01398,2,0,WS/MP18006/2024-2025/139517;WS/MP18006/2024-2025/139518
CLUST-01399,2,0,WS/MP18006/2024-2025/141559;WS/MP18006/2024-2025/141560
CLUST-01400,2,0,WS/MP18006/2025-2026/243955;WS/MP18006/2025-2026/243956
CLUST-01401,2,0,WS/MP18006/2025-2026/253514;WS/MP18006/2025-2026/254766
CLUST-01402,2,0,WS/MP18006/2026-2027/301981;WS/MP18006/2026-2027/301984
CLUST-01403,2,0,WS/MP18007/2024-2025/149399;WS/MP18007/2024-2025/149400
CLUST-01404,2,0,WS/MP18007/2025-2026/246495;WS/MP18007/2025-2026/246500
CLUST-01405,2,0,WS/MP18007/2026-2027/285299;WS/MP18007/2026-2027/285300
CLUST-01406,2,0,WS/MP18008/2026-2027/251364;WS/MP18008/2026-2027/251367
CLUST-01407,2,0,WS/MP18008/2026-2027/251373;WS/MP18008/2026-2027/251379
CLUST-01408,2,0,WS/MP18008/2026-2027/280783;WS/MP18008/2026-2027/280785
CLUST-01409,2,0,WS/MP18009/2024-2025/156397;WS/MP18107/2025-2026/161501
CLUST-01410,2,0,WS/MP18009/2024-2025/161192;WS/MP18009/2024-2025/161194
CLUST-01411,2,0,WS/MP18009/2026-2027/275973;WS/MP18009/2026-2027/275974
CLUST-01412,2,0,WS/MP18010/2025-2026/182158;WS/MP18010/2025-2026/182159
CLUST-01413,2,0,WS/MP18011/2024-2025/173460;WS/MP18011/2024-2025/173469
CLUST-01414,2,0,WS/MP18011/2024-2025/173486;WS/MP18011/2024-2025/173487
CLUST-01415,2,0,WS/MP18011/2024-2025/173503;WS/MP18011/2024-2025/173511
CLUST-01416,2,0,WS/MP18011/2025-2026/184885;WS/MP18011/2025-2026/184886
CLUST-01417,2,0,WS/MP18011/2025-2026/194387;WS/MP18011/2025-2026/194391
CLUST-01418,2,0,WS/MP18011/2025-2026/207047;WS/MP18011/2025-2026/207050
CLUST-01419,2,0,WS/MP18011/2025-2026/223958;WS/MP18011/2025-2026/223960
CLUST-01420,2,0,WS/MP18014/2024-2025/167458;WS/MP18014/2024-2025/167459
CLUST-01421,2,0,WS/MP18014/2024-2025/167460;WS/MP18014/2024-2025/167461
CLUST-01422,2,0,WS/MP18014/2024-2025/167463;WS/MP18014/2024-2025/167464
CLUST-01423,2,0,WS/MP18014/2024-2025/167465;WS/MP18014/2024-2025/167466
CLUST-01424,2,0,WS/MP18014/2024-2025/167468;WS/MP18014/2024-2025/167469
CLUST-01425,2,0,WS/MP18014/2024-2025/167511;WS/MP18014/2024-2025/167512
CLUST-01426,2,0,WS/MP18014/2025-2026/188663;WS/MP18014/2025-2026/188664
CLUST-01427,2,0,WS/MP18014/2025-2026/188665;WS/MP18014/2025-2026/188666
CLUST-01428,2,0,WS/MP18014/2025-2026/188667;WS/MP18014/2025-2026/188668
CLUST-01429,2,0,WS/MP18014/2025-2026/240963;WS/MP18014/2025-2026/240964
CLUST-01430,2,0,WS/MP18014/2025-2026/241005;WS/MP18014/2025-2026/241006
CLUST-01431,2,0,WS/MP18017/2025-2026/208142;WS/MP18017/2025-2026/208158
CLUST-01432,2,0,WS/MP18017/2025-2026/262099;WS/MP18017/2025-2026/262102
CLUST-01433,2,0,WS/MP18017/2025-2026/262120;WS/MP18017/2025-2026/262128
CLUST-01434,2,0,WS/MP18017/2026-2027/278177;WS/MP18017/2026-2027/278180
CLUST-01435,2,0,WS/MP18017/2026-2027/299044;WS/MP18017/2026-2027/299045
CLUST-01436,2,0,WS/MP18018/2026-2027/293772;WS/MP18018/2026-2027/293773
CLUST-01437,2,0,WS/MP18019/2025-2026/251936;WS/MP18019/2025-2026/251937
CLUST-01438,2,0,WS/MP18021/2024-2025/169120;WS/MP18021/2025-2026/181454
CLUST-01439,2,0,WS/MP18021/2025-2026/205615;WS/MP18021/2025-2026/205616
CLUST-01440,2,0,WS/MP18021/2025-2026/212059;WS/MP18021/2025-2026/212060
CLUST-01441,2,0,WS/MP18021/2025-2026/214932;WS/MP18021/2025-2026/214934
CLUST-01442,2,0,WS/MP18021/2025-2026/214940;WS/MP18021/2025-2026/214944
CLUST-01443,2,0,WS/MP18021/2025-2026/234633;WS/MP18021/2025-2026/234647
CLUST-01444,2,0,WS/MP18031/2024-2025/149019;WS/MP18031/2024-2025/149020
CLUST-01445,2,0,WS/MP18031/2025-2026/153098;WS/MP18031/2025-2026/153162
CLUST-01446,2,0,WS/MP18031/2025-2026/153134;WS/MP18031/2025-2026/153147
CLUST-01447,2,0,WS/MP18031/2025-2026/222714;WS/MP18031/2025-2026/222770
CLUST-01448,2,0,WS/MP18031/2026-2027/149011;WS/MP18031/2026-2027/149021
CLUST-01449,2,0,WS/MP18031/2026-2027/281544;WS/MP18031/2026-2027/281545
CLUST-01450,2,0,WS/MP18031/2026-2027/289109;WS/MP18031/2026-2027/289165
CLUST-01451,2,0,WS/MP18032/2025-2026/193257;WS/MP18032/2025-2026/193385
CLUST-01452,2,0,WS/MP18032/2025-2026/231091;WS/MP18032/2025-2026/231092
CLUST-01453,2,0,WS/MP18032/2026-2027/283003;WS/MP18032/2026-2027/283005
CLUST-01454,2,0,WS/MP18033/2025-2026/168644;WS/MP18033/2025-2026/168669
CLUST-01455,2,0,WS/MP18033/2025-2026/168672;WS/MP18033/2025-2026/168677
CLUST-01456,2,0,WS/MP18033/2025-2026/168859;WS/MP18033/2025-2026/168860
CLUST-01457,2,0,WS/MP18033/2025-2026/168862;WS/MP18033/2025-2026/168863
CLUST-01458,2,0,WS/MP18033/2025-2026/168884;WS/MP18033/2025-2026/168888
CLUST-01459,2,0,WS/MP18033/2025-2026/168897;WS/MP18033/2025-2026/169425
CLUST-01460,2,0,WS/MP18033/2025-2026/169417;WS/MP18033/2025-2026/169418
CLUST-01461,2,0,WS/MP18033/2025-2026/179157;WS/MP18033/2025-2026/179158
CLUST-01462,2,0,WS/MP18033/2025-2026/238221;WS/MP18033/2025-2026/238223
CLUST-01463,2,0,WS/MP18033/2025-2026/238297;WS/MP18033/2025-2026/238298
CLUST-01464,2,0,WS/MP18035/2025-2026/228667;WS/MP18035/2025-2026/228668
CLUST-01465,2,0,WS/MP18035/2025-2026/228672;WS/MP18035/2025-2026/228673
CLUST-01466,2,0,WS/MP18035/2025-2026/228675;WS/MP18035/2025-2026/228676
CLUST-01467,2,0,WS/MP18035/2025-2026/228677;WS/MP18035/2025-2026/228678
CLUST-01468,2,0,WS/MP18035/2025-2026/228679;WS/MP18035/2025-2026/228680
CLUST-01469,2,0,WS/MP18035/2025-2026/228681;WS/MP18035/2025-2026/228682
CLUST-01470,2,0,WS/MP18035/2025-2026/228683;WS/MP18035/2025-2026/228684
CLUST-01471,2,0,WS/MP18035/2025-2026/228688;WS/MP18035/2025-2026/228689
CLUST-01472,2,0,WS/MP18035/2025-2026/228694;WS/MP18035/2025-2026/228755
CLUST-01473,2,0,WS/MP18035/2025-2026/228719;WS/MP18035/2025-2026/228720
CLUST-01474,2,0,WS/MP18036/2025-2026/226439;WS/MP18036/2025-2026/226440
CLUST-01475,2,0,WS/MP18037/2024-2025/173410;WS/MP18037/2024-2025/173411
CLUST-01476,2,0,WS/MP18038/2025-2026/163628;WS/MP18038/2025-2026/163629
CLUST-01477,2,0,WS/MP18039/2024-2025/155611;WS/MP18039/2024-2025/155612
CLUST-01478,2,0,WS/MP18041/2024-2025/142795;WS/MP18041/2024-2025/142796
CLUST-01479,2,0,WS/MP18041/2024-2025/143123;WS/MP18041/2024-2025/143127
CLUST-01480,2,0,WS/MP18041/2024-2025/143139;WS/MP18041/2024-2025/143140
CLUST-01481,2,0,WS/MP18041/2024-2025/143142;WS/MP18041/2025-2026/143478
CLUST-01482,2,0,WS/MP18041/2025-2026/234217;WS/MP18041/2025-2026/234218
CLUST-01483,2,0,WS/MP18041/2025-2026/234370;WS/MP18041/2025-2026/234371
CLUST-01484,2,0,WS/MP18041/2025-2026/235233;WS/MP18041/2025-2026/235235
CLUST-01485,2,0,WS/MP18043/2025-2026/198291;WS/MP18043/2025-2026/198292
CLUST-01486,2,0,WS/MP18043/2025-2026/198315;WS/MP18043/2025-2026/198319
CLUST-01487,2,0,WS/MP18044/2025-2026/186607;WS/MP18044/2025-2026/186609
CLUST-01488,2,0,WS/MP18044/2025-2026/186649;WS/MP18044/2025-2026/186650
CLUST-01489,2,0,WS/MP18044/2025-2026/187368;WS/MP18044/2025-2026/187369
CLUST-01490,2,0,WS/MP18044/2025-2026/234749;WS/MP18044/2025-2026/234750
CLUST-01491,2,0,WS/MP18044/2025-2026/234792;WS/MP18044/2025-2026/235648
CLUST-01492,2,0,WS/MP18044/2025-2026/236708;WS/MP18044/2025-2026/236711
CLUST-01493,2,0,WS/MP18044/2025-2026/240180;WS/MP18044/2025-2026/240182
CLUST-01494,2,0,WS/MP18045/2024-2025/136995;WS/MP18045/2024-2025/137000
CLUST-01495,2,0,WS/MP18045/2026-2027/287685;WS/MP18045/2026-2027/287686
CLUST-01496,2,0,WS/MP18047/2026-2027/284782;WS/MP18157/2026-2027/287160
CLUST-01497,2,0,WS/MP18048/2024-2025/149434;WS/MP18048/2024-2025/149435
CLUST-01498,2,0,WS/MP18048/2025-2026/195659;WS/MP18048/2025-2026/195660
CLUST-01499,2,0,WS/MP18048/2025-2026/197087;WS/MP18048/2025-2026/197089
CLUST-01500,2,0,WS/MP18048/2025-2026/222327;WS/MP18048/2025-2026/222328
CLUST-01501,2,0,WS/MP18050/2025-2026/176536;WS/MP18050/2025-2026/176538
CLUST-01502,2,0,WS/MP18050/2025-2026/180623;WS/MP18050/2025-2026/180624
CLUST-01503,2,0,WS/MP18050/2025-2026/249653;WS/MP18050/2025-2026/249654
CLUST-01504,2,0,WS/MP18050/2025-2026/249663;WS/MP18050/2025-2026/249664
CLUST-01505,2,0,WS/MP18050/2026-2027/279991;WS/MP18050/2026-2027/285089
CLUST-01506,2,0,WS/MP18051/2024-2025/153789;WS/MP18051/2024-2025/153822
CLUST-01507,2,0,WS/MP18051/2024-2025/155910;WS/MP18051/2024-2025/155917
CLUST-01508,2,0,WS/MP18051/2024-2025/157400;WS/MP18051/2024-2025/157401
CLUST-01509,2,0,WS/MP18051/2024-2025/160029;WS/MP18051/2024-2025/160033
CLUST-01510,2,0,WS/MP18051/2025-2026/152884;WS/MP18051/2025-2026/152889
CLUST-01511,2,0,WS/MP18051/2025-2026/152885;WS/MP18051/2025-2026/152886
CLUST-01512,2,0,WS/MP18051/2025-2026/195249;WS/MP18051/2025-2026/218948
CLUST-01513,2,0,WS/MP18051/2025-2026/196980;WS/MP18051/2025-2026/196981
CLUST-01514,2,0,WS/MP18051/2025-2026/206575;WS/MP18051/2025-2026/206580
CLUST-01515,2,0,WS/MP18051/2025-2026/213016;WS/MP18051/2025-2026/233640
CLUST-01516,2,0,WS/MP18051/2025-2026/213018;WS/MP18051/2025-2026/213021
CLUST-01517,2,0,WS/MP18051/2025-2026/221018;WS/MP18051/2025-2026/221025
CLUST-01518,2,0,WS/MP18051/2025-2026/262253;WS/MP18051/2025-2026/262254
CLUST-01519,2,0,WS/MP18051/2026-2027/259962;WS/MP18051/2026-2027/271578
CLUST-01520,2,0,WS/MP18051/2026-2027/295509;WS/MP18051/2026-2027/295511
CLUST-01521,2,0,WS/MP18052/2025-2026/188136;WS/MP18052/2025-2026/188143
CLUST-01522,2,0,WS/MP18053/2025-2026/164646;WS/MP18053/2025-2026/164648
CLUST-01523,2,0,WS/MP18053/2026-2027/260442;WS/MP18053/2026-2027/260444
CLUST-01524,2,0,WS/MP18053/2026-2027/260460;WS/MP18053/2026-2027/260489
CLUST-01525,2,0,WS/MP18054/2025-2026/196217;WS/MP18054/2025-2026/196218
CLUST-01526,2,0,WS/MP18054/2026-2027/298347;WS/MP18054/2026-2027/298348
CLUST-01527,2,0,WS/MP18055/2025-2026/176613;WS/MP18055/2025-2026/176620
CLUST-01528,2,0,WS/MP18055/2025-2026/225036;WS/MP18055/2025-2026/225037
CLUST-01529,2,0,WS/MP18055/2026-2027/176506;WS/MP18055/2026-2027/176507
CLUST-01530,2,0,WS/MP18056/2025-2026/158440;WS/MP18056/2025-2026/158445
CLUST-01531,2,0,WS/MP18056/2025-2026/233139;WS/MP18056/2025-2026/233149
CLUST-01532,2,0,WS/MP18057/2025-2026/204537;WS/MP18057/2025-2026/204605
CLUST-01533,2,0,WS/MP18058/2025-2026/254302;WS/MP18058/2025-2026/254305
CLUST-01534,2,0,WS/MP18059/2025-2026/167470;WS/MP18059/2025-2026/167484
CLUST-01535,2,0,WS/MP18059/2025-2026/200036;WS/MP18059/2025-2026/200038
CLUST-01536,2,0,WS/MP18059/2025-2026/204901;WS/MP18059/2025-2026/204913
CLUST-01537,2,0,WS/MP18059/2025-2026/248144;WS/MP18059/2025-2026/248155
CLUST-01538,2,0,WS/MP18059/2025-2026/248156;WS/MP18059/2025-2026/248158
CLUST-01539,2,0,WS/MP18059/2025-2026/248159;WS/MP18059/2025-2026/248160
CLUST-01540,2,0,WS/MP18059/2025-2026/248182;WS/MP18059/2025-2026/248183
CLUST-01541,2,0,WS/MP18060/2025-2026/207463;WS/MP18060/2025-2026/216812
CLUST-01542,2,0,WS/MP18060/2025-2026/209438;WS/MP18060/2025-2026/209504
CLUST-01543,2,0,WS/MP18060/2025-2026/216823;WS/MP18060/2025-2026/231640
CLUST-01544,2,0,WS/MP18060/2025-2026/227580;WS/MP18060/2025-2026/227581
CLUST-01545,2,0,WS/MP18060/2025-2026/231642;WS/MP18060/2026-2027/272876
CLUST-01546,2,0,WS/MP18060/2025-2026/231643;WS/MP18060/2025-2026/231644
CLUST-01547,2,0,WS/MP18060/2026-2027/272883;WS/MP18060/2026-2027/278048
CLUST-01548,2,0,WS/MP18060/2026-2027/272996;WS/MP18060/2026-2027/273025
CLUST-01549,2,0,WS/MP18060/2026-2027/278023;WS/MP18060/2026-2027/278053
CLUST-01550,2,0,WS/MP18060/2026-2027/300721;WS/MP18060/2026-2027/302404
CLUST-01551,2,0,WS/MP18062/2025-2026/188088;WS/MP18062/2025-2026/188089
CLUST-01552,2,0,WS/MP18062/2025-2026/203348;WS/MP18062/2025-2026/203349
CLUST-01553,2,0,WS/MP18062/2025-2026/205986;WS/MP18062/2025-2026/205987
CLUST-01554,2,0,WS/MP18064/2024-2025/154908;WS/MP18064/2024-2025/154909
CLUST-01555,2,0,WS/MP18065/2024-2025/135796;WS/MP18065/2024-2025/135797
CLUST-01556,2,0,WS/MP18066/2025-2026/209561;WS/MP18066/2025-2026/209563
CLUST-01557,2,0,WS/MP18066/2025-2026/219781;WS/MP18066/2025-2026/219782
CLUST-01558,2,0,WS/MP18066/2025-2026/219783;WS/MP18066/2025-2026/221879
CLUST-01559,2,0,WS/MP18066/2025-2026/234853;WS/MP18066/2025-2026/234855
CLUST-01560,2,0,WS/MP18066/2025-2026/234864;WS/MP18066/2025-2026/234874
CLUST-01561,2,0,WS/MP18066/2025-2026/238413;WS/MP18066/2025-2026/238414
CLUST-01562,2,0,WS/MP18066/2025-2026/242455;WS/MP18066/2025-2026/243047
CLUST-01563,2,0,WS/MP18066/2025-2026/267026;WS/MP18066/2025-2026/267631
CLUST-01564,2,0,WS/MP18066/2026-2027/267025;WS/MP18066/2026-2027/273376
CLUST-01565,2,0,WS/MP18066/2026-2027/275600;WS/MP18066/2026-2027/275670
CLUST-01566,2,0,WS/MP18066/2026-2027/276845;WS/MP18066/2026-2027/279537
CLUST-01567,2,0,WS/MP18066/2026-2027/279538;WS/MP18066/2026-2027/279552
CLUST-01568,2,0,WS/MP18066/2026-2027/279543;WS/MP18066/2026-2027/279595
CLUST-01569,2,0,WS/MP18066/2026-2027/279593;WS/MP18066/2026-2027/279594
CLUST-01570,2,0,WS/MP18066/2026-2027/285584;WS/MP18066/2026-2027/285586
CLUST-01571,2,0,WS/MP18066/2026-2027/285606;WS/MP18066/2026-2027/285609
CLUST-01572,2,0,WS/MP18066/2026-2027/285653;WS/MP18066/2026-2027/295076
CLUST-01573,2,0,WS/MP18069/2024-2025/165748;WS/MP18069/2024-2025/165762
CLUST-01574,2,0,WS/MP18069/2025-2026/216627;WS/MP18069/2025-2026/217002
CLUST-01575,2,0,WS/MP18069/2025-2026/216919;WS/MP18069/2025-2026/216921
CLUST-01576,2,0,WS/MP18069/2026-2027/290384;WS/MP18069/2026-2027/291217
CLUST-01577,2,0,WS/MP18070/2026-2027/304107;WS/MP18070/2026-2027/304111
CLUST-01578,2,0,WS/MP18070/2026-2027/304126;WS/MP18070/2026-2027/304135
CLUST-01579,2,0,WS/MP18071/2025-2026/209076;WS/MP18071/2025-2026/209077
CLUST-01580,2,0,WS/MP18071/2025-2026/210036;WS/MP18071/2025-2026/210041
CLUST-01581,2,0,WS/MP18071/2025-2026/223344;WS/MP18071/2025-2026/223345
CLUST-01582,2,0,WS/MP18071/2025-2026/234662;WS/MP18071/2025-2026/234668
CLUST-01583,2,0,WS/MP18073/2026-2027/263423;WS/MP18073/2026-2027/263424
CLUST-01584,2,0,WS/MP18073/2026-2027/267428;WS/MP18073/2026-2027/267429
CLUST-01585,2,0,WS/MP18074/2025-2026/204243;WS/MP18074/2025-2026/204244
CLUST-01586,2,0,WS/MP18074/2026-2027/233993;WS/MP18074/2026-2027/233994
CLUST-01587,2,0,WS/MP18074/2026-2027/235191;WS/MP18074/2026-2027/235192
CLUST-01588,2,0,WS/MP18074/2026-2027/235196;WS/MP18074/2026-2027/235197
CLUST-01589,2,0,WS/MP18074/2026-2027/235209;WS/MP18074/2026-2027/235210
CLUST-01590,2,0,WS/MP18075/2025-2026/238560;WS/MP18075/2025-2026/238561
CLUST-01591,2,0,WS/MP18075/2025-2026/253305;WS/MP18075/2025-2026/253306
CLUST-01592,2,0,WS/MP18075/2025-2026/253322;WS/MP18075/2025-2026/253323
CLUST-01593,2,0,WS/MP18075/2026-2027/261417;WS/MP18075/2026-2027/261423
CLUST-01594,2,0,WS/MP18076/2024-2025/145644;WS/MP18076/2024-2025/145645
CLUST-01595,2,0,WS/MP18076/2025-2026/145721;WS/MP18076/2025-2026/145722
CLUST-01596,2,0,WS/MP18076/2025-2026/164694;WS/MP18076/2025-2026/164696
CLUST-01597,2,0,WS/MP18076/2025-2026/188188;WS/MP18076/2025-2026/188236
CLUST-01598,2,0,WS/MP18076/2025-2026/201128;WS/MP18076/2025-2026/201130
CLUST-01599,2,0,WS/MP18076/2025-2026/218151;WS/MP18076/2026-2027/218142
CLUST-01600,2,0,WS/MP18079/2025-2026/164201;WS/MP18079/2025-2026/164205
CLUST-01601,2,0,WS/MP18079/2025-2026/164206;WS/MP18079/2025-2026/164207
CLUST-01602,2,0,WS/MP18079/2025-2026/176747;WS/MP18079/2025-2026/176749
CLUST-01603,2,0,WS/MP18079/2025-2026/176748;WS/MP18079/2025-2026/176750
CLUST-01604,2,0,WS/MP18079/2025-2026/176758;WS/MP18079/2025-2026/176760
CLUST-01605,2,0,WS/MP18079/2025-2026/182384;WS/MP18079/2025-2026/182390
CLUST-01606,2,0,WS/MP18079/2025-2026/182432;WS/MP18079/2025-2026/182435
CLUST-01607,2,0,WS/MP18079/2026-2027/235427;WS/MP18079/2026-2027/235436
CLUST-01608,2,0,WS/MP18080/2025-2026/181936;WS/MP18080/2025-2026/181937
CLUST-01609,2,0,WS/MP18081/2024-2025/164568;WS/MP18081/2024-2025/164570
CLUST-01610,2,0,WS/MP18081/2025-2026/157215;WS/MP18081/2025-2026/164538
CLUST-01611,2,0,WS/MP18081/2025-2026/192644;WS/MP18081/2025-2026/192646
CLUST-01612,2,0,WS/MP18081/2025-2026/240361;WS/MP18081/2025-2026/240363
CLUST-01613,2,0,WS/MP18082/2025-2026/189761;WS/MP18082/2025-2026/213883
CLUST-01614,2,0,WS/MP18082/2025-2026/189773;WS/MP18082/2025-2026/191399
CLUST-01615,2,0,WS/MP18082/2025-2026/189784;WS/MP18082/2025-2026/189785
CLUST-01616,2,0,WS/MP18082/2025-2026/208167;WS/MP18082/2025-2026/230740
CLUST-01617,2,0,WS/MP18082/2025-2026/230741;WS/MP18082/2025-2026/230747
CLUST-01618,2,0,WS/MP18083/2025-2026/180237;WS/MP18083/2025-2026/180241
CLUST-01619,2,0,WS/MP18083/2026-2027/257536;WS/MP18083/2026-2027/257550
CLUST-01620,2,0,WS/MP18083/2026-2027/266996;WS/MP18083/2026-2027/266997
CLUST-01621,2,0,WS/MP18084/2024-2025/169407;WS/MP18084/2025-2026/176553
CLUST-01622,2,0,WS/MP18084/2025-2026/188252;WS/MP18084/2025-2026/188253
CLUST-01623,2,0,WS/MP18084/2025-2026/188257;WS/MP18084/2025-2026/188267
CLUST-01624,2,0,WS/MP18086/2025-2026/190442;WS/MP18086/2025-2026/190443
CLUST-01625,2,0,WS/MP18086/2025-2026/190447;WS/MP18086/2025-2026/190448
CLUST-01626,2,0,WS/MP18086/2025-2026/190454;WS/MP18086/2025-2026/190455
CLUST-01627,2,0,WS/MP18086/2025-2026/191400;WS/MP18086/2025-2026/191404
CLUST-01628,2,0,WS/MP18086/2025-2026/212074;WS/MP18086/2025-2026/212075
CLUST-01629,2,0,WS/MP18086/2025-2026/230673;WS/MP18086/2025-2026/230677
CLUST-01630,2,0,WS/MP18086/2025-2026/238642;WS/MP18086/2025-2026/238643
CLUST-01631,2,0,WS/MP18086/2026-2027/190434;WS/MP18086/2026-2027/190435
CLUST-01632,2,0,WS/MP18086/2026-2027/220475;WS/MP18086/2026-2027/275645
CLUST-01633,2,0,WS/MP18086/2026-2027/274083;WS/MP18086/2026-2027/274108
CLUST-01634,2,0,WS/MP18087/2025-2026/175804;WS/MP18087/2025-2026/179217
CLUST-01635,2,0,WS/MP18087/2025-2026/240379;WS/MP18087/2025-2026/242020
CLUST-01636,2,0,WS/MP18087/2025-2026/240383;WS/MP18087/2025-2026/240384
CLUST-01637,2,0,WS/MP18087/2025-2026/244489;WS/MP18087/2026-2027/254913
CLUST-01638,2,0,WS/MP18088/2025-2026/156922;WS/MP18088/2025-2026/156923
CLUST-01639,2,0,WS/MP18088/2025-2026/189268;WS/MP18088/2025-2026/189272
CLUST-01640,2,0,WS/MP18089/2024-2025/162936;WS/MP18089/2024-2025/162937
CLUST-01641,2,0,WS/MP18089/2025-2026/155190;WS/MP18089/2025-2026/155192
CLUST-01642,2,0,WS/MP18089/2025-2026/196707;WS/MP18089/2025-2026/226587
CLUST-01643,2,0,WS/MP18089/2025-2026/226609;WS/MP18089/2025-2026/226624
CLUST-01644,2,0,WS/MP18090/2025-2026/201228;WS/MP18090/2025-2026/201244
CLUST-01645,2,0,WS/MP18090/2025-2026/204742;WS/MP18090/2025-2026/204752
CLUST-01646,2,0,WS/MP18091/2026-2027/184385;WS/MP18091/2026-2027/232116
CLUST-01647,2,0,WS/MP18092/2025-2026/188682;WS/MP18092/2025-2026/188683
CLUST-01648,2,0,WS/MP18092/2025-2026/196174;WS/MP18092/2025-2026/196175
CLUST-01649,2,0,WS/MP18093/2026-2027/246221;WS/MP18093/2026-2027/258356
CLUST-01650,2,0,WS/MP18097/2025-2026/188439;WS/MP18097/2025-2026/188446
CLUST-01651,2,0,WS/MP18098/2025-2026/169260;WS/MP18098/2025-2026/169266
CLUST-01652,2,0,WS/MP18098/2025-2026/180362;WS/MP18098/2025-2026/180363
CLUST-01653,2,0,WS/MP18100/2024-2025/164780;WS/MP18100/2024-2025/164786
CLUST-01654,2,0,WS/MP18100/2024-2025/165079;WS/MP18100/2024-2025/165081
CLUST-01655,2,0,WS/MP18100/2025-2026/200150;WS/MP18100/2025-2026/200151
CLUST-01656,2,0,WS/MP18100/2025-2026/200157;WS/MP18100/2025-2026/200159
CLUST-01657,2,0,WS/MP18100/2026-2027/180541;WS/MP18100/2026-2027/180559
CLUST-01658,2,0,WS/MP18101/2024-2025/141650;WS/MP18101/2024-2025/141651
CLUST-01659,2,0,WS/MP18101/2024-2025/149025;WS/MP18101/2024-2025/149040
CLUST-01660,2,0,WS/MP18101/2024-2025/149031;WS/MP18101/2024-2025/149034
CLUST-01661,2,0,WS/MP18101/2024-2025/154658;WS/MP18101/2024-2025/154680
CLUST-01662,2,0,WS/MP18101/2024-2025/161338;WS/MP18101/2024-2025/161343
CLUST-01663,2,0,WS/MP18101/2024-2025/163139;WS/MP18101/2024-2025/163140
CLUST-01664,2,0,WS/MP18101/2024-2025/163141;WS/MP18101/2024-2025/163143
CLUST-01665,2,0,WS/MP18101/2024-2025/163145;WS/MP18101/2024-2025/163155
CLUST-01666,2,0,WS/MP18101/2025-2026/185854;WS/MP18101/2025-2026/185860
CLUST-01667,2,0,WS/MP18101/2025-2026/192369;WS/MP18101/2025-2026/192387
CLUST-01668,2,0,WS/MP18101/2025-2026/229598;WS/MP18101/2025-2026/229599
CLUST-01669,2,0,WS/MP18101/2025-2026/229618;WS/MP18101/2025-2026/229619
CLUST-01670,2,0,WS/MP18101/2025-2026/258038;WS/MP18101/2025-2026/258039
CLUST-01671,2,0,WS/MP18101/2025-2026/258064;WS/MP18101/2025-2026/258065
CLUST-01672,2,0,WS/MP18101/2025-2026/258066;WS/MP18101/2025-2026/258067
CLUST-01673,2,0,WS/MP18101/2025-2026/261594;WS/MP18101/2025-2026/261597
CLUST-01674,2,0,WS/MP18101/2026-2027/258047;WS/MP18101/2026-2027/258048
CLUST-01675,2,0,WS/MP18101/2026-2027/258049;WS/MP18101/2026-2027/258050
CLUST-01676,2,0,WS/MP18101/2026-2027/277588;WS/MP18101/2026-2027/277595
CLUST-01677,2,0,WS/MP18101/2026-2027/277589;WS/MP18101/2026-2027/277590
CLUST-01678,2,0,WS/MP18101/2026-2027/277593;WS/MP18101/2026-2027/277594
CLUST-01679,2,0,WS/MP18101/2026-2027/277598;WS/MP18101/2026-2027/279090
CLUST-01680,2,0,WS/MP18103/2026-2027/256708;WS/MP18103/2026-2027/256709
CLUST-01681,2,0,WS/MP18104/2024-2025/153170;WS/MP18104/2024-2025/153171
CLUST-01682,2,0,WS/MP18104/2025-2026/174650;WS/MP18104/2025-2026/174651
CLUST-01683,2,0,WS/MP18104/2025-2026/189974;WS/MP18104/2025-2026/189975
CLUST-01684,2,0,WS/MP18104/2026-2027/277187;WS/MP18104/2026-2027/277188
CLUST-01685,2,0,WS/MP18106/2024-2025/178282;WS/MP18106/2024-2025/178283
CLUST-01686,2,0,WS/MP18106/2024-2025/178301;WS/MP18106/2024-2025/178302
CLUST-01687,2,0,WS/MP18107/2025-2026/178616;WS/MP18107/2025-2026/178618
CLUST-01688,2,0,WS/MP18107/2025-2026/189925;WS/MP18107/2025-2026/189931
CLUST-01689,2,0,WS/MP18107/2025-2026/189932;WS/MP18107/2025-2026/189933
CLUST-01690,2,0,WS/MP18107/2025-2026/192653;WS/MP18107/2025-2026/192654
CLUST-01691,2,0,WS/MP18107/2025-2026/252791;WS/MP18107/2025-2026/256744
CLUST-01692,2,0,WS/MP18107/2026-2027/277640;WS/MP18107/2026-2027/277641
CLUST-01693,2,0,WS/MP18107/2026-2027/277642;WS/MP18107/2026-2027/277643
CLUST-01694,2,0,WS/MP18107/2026-2027/277644;WS/MP18107/2026-2027/277645
CLUST-01695,2,0,WS/MP18108/2025-2026/275682;WS/MP18108/2025-2026/275683
CLUST-01696,2,0,WS/MP18108/2026-2027/282359;WS/MP18108/2026-2027/282360
CLUST-01697,2,0,WS/MP18109/2024-2025/150147;WS/MP18109/2024-2025/150201
CLUST-01698,2,0,WS/MP18109/2025-2026/206939;WS/MP18109/2025-2026/206948
CLUST-01699,2,0,WS/MP18109/2025-2026/206940;WS/MP18109/2025-2026/206941
CLUST-01700,2,0,WS/MP18109/2026-2027/272921;WS/MP18109/2026-2027/272922
CLUST-01701,2,0,WS/MP18112/2025-2026/233382;WS/MP18112/2025-2026/233388
CLUST-01702,2,0,WS/MP18113/2025-2026/192641;WS/MP18113/2025-2026/219666
CLUST-01703,2,0,WS/MP18114/2025-2026/157437;WS/MP18114/2025-2026/157440
CLUST-01704,2,0,WS/MP18114/2025-2026/157492;WS/MP18114/2025-2026/166011
CLUST-01705,2,0,WS/MP18115/2025-2026/186727;WS/MP18115/2025-2026/186735
CLUST-01706,2,0,WS/MP18115/2026-2027/186475;WS/MP18115/2026-2027/189429
CLUST-01707,2,0,WS/MP18115/2026-2027/186723;WS/MP18115/2026-2027/186725
CLUST-01708,2,0,WS/MP18115/2026-2027/278513;WS/MP18115/2026-2027/278533
CLUST-01709,2,0,WS/MP18116/2025-2026/192298;WS/MP18116/2025-2026/192299
CLUST-01710,2,0,WS/MP18118/2025-2026/252898;WS/MP18118/2025-2026/252900
CLUST-01711,2,0,WS/MP18118/2025-2026/252901;WS/MP18118/2025-2026/252902
CLUST-01712,2,0,WS/MP18119/2025-2026/163479;WS/MP18119/2025-2026/163480
CLUST-01713,2,0,WS/MP18120/2025-2026/169208;WS/MP18120/2025-2026/169210
CLUST-01714,2,0,WS/MP18120/2025-2026/193720;WS/MP18120/2025-2026/193721
CLUST-01715,2,0,WS/MP18120/2025-2026/225803;WS/MP18120/2025-2026/225808
CLUST-01716,2,0,WS/MP18120/2025-2026/241629;WS/MP18120/2025-2026/241630
CLUST-01717,2,0,WS/MP18123/2026-2027/232859;WS/MP18123/2026-2027/248078
CLUST-01718,2,0,WS/MP18124/2025-2026/162323;WS/MP18124/2025-2026/162358
CLUST-01719,2,0,WS/MP18124/2025-2026/162363;WS/MP18124/2025-2026/162371
CLUST-01720,2,0,WS/MP18124/2025-2026/162376;WS/MP18124/2025-2026/162416
CLUST-01721,2,0,WS/MP18124/2025-2026/162401;WS/MP18124/2025-2026/162402
CLUST-01722,2,0,WS/MP18124/2025-2026/226118;WS/MP18124/2025-2026/226119
CLUST-01723,2,0,WS/MP18124/2025-2026/226188;WS/MP18124/2025-2026/226190
CLUST-01724,2,0,WS/MP18126/2026-2027/239354;WS/MP18126/2026-2027/239355
CLUST-01725,2,0,WS/MP18127/2026-2027/274222;WS/MP18127/2026-2027/274224
CLUST-01726,2,0,WS/MP18132/2025-2026/179009;WS/MP18132/2025-2026/179019
CLUST-01727,2,0,WS/MP18132/2025-2026/226542;WS/MP18132/2025-2026/226543
CLUST-01728,2,0,WS/MP18134/2025-2026/246095;WS/MP18134/2025-2026/246098
CLUST-01729,2,0,WS/MP18137/2025-2026/233643;WS/MP18137/2025-2026/233787
CLUST-01730,2,0,WS/MP18138/2024-2025/148109;WS/MP18138/2024-2025/148126
CLUST-01731,2,0,WS/MP18138/2025-2026/259063;WS/MP18138/2025-2026/262207
CLUST-01732,2,0,WS/MP18139/2025-2026/202132;WS/MP18139/2025-2026/202518
CLUST-01733,2,0,WS/MP18139/2025-2026/202508;WS/MP18139/2025-2026/202668
CLUST-01734,2,0,WS/MP18139/2025-2026/202606;WS/MP18139/2025-2026/202639
CLUST-01735,2,0,WS/MP18139/2026-2027/280689;WS/MP18139/2026-2027/280691
CLUST-01736,2,0,WS/MP18141/2025-2026/239830;WS/MP18141/2025-2026/239831
CLUST-01737,2,0,WS/MP18142/2025-2026/222002;WS/MP18142/2025-2026/222003
CLUST-01738,2,0,WS/MP18142/2025-2026/251387;WS/MP18142/2025-2026/251388
CLUST-01739,2,0,WS/MP18142/2025-2026/251390;WS/MP18142/2025-2026/251391
CLUST-01740,2,0,WS/MP18142/2025-2026/252954;WS/MP18142/2025-2026/252956
CLUST-01741,2,0,WS/MP18142/2025-2026/252955;WS/MP18142/2025-2026/252965
CLUST-01742,2,0,WS/MP18142/2025-2026/252987;WS/MP18142/2025-2026/252988
CLUST-01743,2,0,WS/MP18144/2025-2026/175377;WS/MP18144/2025-2026/175379
CLUST-01744,2,0,WS/MP18144/2026-2027/273593;WS/MP18144/2026-2027/273594
CLUST-01745,2,0,WS/MP18144/2026-2027/275585;WS/MP18144/2026-2027/275586
CLUST-01746,2,0,WS/MP18144/2026-2027/275727;WS/MP18144/2026-2027/275728
CLUST-01747,2,0,WS/MP18144/2026-2027/275730;WS/MP18144/2026-2027/275735
CLUST-01748,2,0,WS/MP18148/2025-2026/169196;WS/MP18148/2025-2026/226648
CLUST-01749,2,0,WS/MP18149/2025-2026/182763;WS/MP18149/2025-2026/190549
CLUST-01750,2,0,WS/MP18149/2025-2026/182853;WS/MP18149/2025-2026/182854
CLUST-01751,2,0,WS/MP18149/2025-2026/183000;WS/MP18149/2025-2026/183001
CLUST-01752,2,0,WS/MP18149/2025-2026/183535;WS/MP18149/2025-2026/183536
CLUST-01753,2,0,WS/MP18149/2025-2026/183537;WS/MP18149/2025-2026/183538
CLUST-01754,2,0,WS/MP18149/2025-2026/183545;WS/MP18149/2025-2026/183546
CLUST-01755,2,0,WS/MP18149/2025-2026/183549;WS/MP18149/2025-2026/183713
CLUST-01756,2,0,WS/MP18149/2025-2026/183557;WS/MP18149/2025-2026/183558
CLUST-01757,2,0,WS/MP18149/2025-2026/183570;WS/MP18149/2025-2026/183571
CLUST-01758,2,0,WS/MP18149/2025-2026/183576;WS/MP18149/2025-2026/183577
CLUST-01759,2,0,WS/MP18149/2025-2026/183581;WS/MP18149/2025-2026/183702
CLUST-01760,2,0,WS/MP18149/2025-2026/183706;WS/MP18149/2025-2026/183707
CLUST-01761,2,0,WS/MP18149/2025-2026/183734;WS/MP18149/2025-2026/184449
CLUST-01762,2,0,WS/MP18149/2025-2026/183741;WS/MP18149/2025-2026/183742
CLUST-01763,2,0,WS/MP18149/2025-2026/183779;WS/MP18149/2025-2026/183780
CLUST-01764,2,0,WS/MP18149/2025-2026/183783;WS/MP18149/2025-2026/183784
CLUST-01765,2,0,WS/MP18149/2025-2026/183787;WS/MP18149/2025-2026/183788
CLUST-01766,2,0,WS/MP18149/2025-2026/183923;WS/MP18149/2025-2026/183924
CLUST-01767,2,0,WS/MP18149/2025-2026/183931;WS/MP18149/2025-2026/183932
CLUST-01768,2,0,WS/MP18149/2025-2026/183936;WS/MP18149/2025-2026/183937
CLUST-01769,2,0,WS/MP18149/2025-2026/183938;WS/MP18149/2025-2026/183939
CLUST-01770,2,0,WS/MP18149/2025-2026/184397;WS/MP18149/2025-2026/184398
CLUST-01771,2,0,WS/MP18149/2025-2026/184403;WS/MP18149/2025-2026/184404
CLUST-01772,2,0,WS/MP18149/2025-2026/184418;WS/MP18149/2025-2026/184419
CLUST-01773,2,0,WS/MP18149/2025-2026/184420;WS/MP18149/2025-2026/184421
CLUST-01774,2,0,WS/MP18149/2025-2026/184648;WS/MP18149/2025-2026/184649
CLUST-01775,2,0,WS/MP18149/2025-2026/184662;WS/MP18149/2025-2026/184663
CLUST-01776,2,0,WS/MP18149/2025-2026/184675;WS/MP18149/2025-2026/184676
CLUST-01777,2,0,WS/MP18149/2025-2026/184678;WS/MP18149/2025-2026/184679
CLUST-01778,2,0,WS/MP18149/2025-2026/190550;WS/MP18149/2025-2026/268615
CLUST-01779,2,0,WS/MP18149/2025-2026/220024;WS/MP18149/2025-2026/220025
CLUST-01780,2,0,WS/MP18149/2026-2027/278632;WS/MP18149/2026-2027/278640
CLUST-01781,2,0,WS/MP18150/2026-2027/272949;WS/MP18150/2026-2027/272960
CLUST-01782,2,0,WS/MP18150/2026-2027/273020;WS/MP18150/2026-2027/273021
CLUST-01783,2,0,WS/MP18150/2026-2027/274579;WS/MP18150/2026-2027/274584
CLUST-01784,2,0,WS/MP18152/2024-2025/133686;WS/MP18152/2024-2025/133691
CLUST-01785,2,0,WS/MP18152/2024-2025/159271;WS/MP18152/2025-2026/158084
CLUST-01786,2,0,WS/MP18152/2024-2025/176297;WS/MP18152/2024-2025/176298
CLUST-01787,2,0,WS/MP18152/2025-2026/176291;WS/MP18152/2025-2026/176292
CLUST-01788,2,0,WS/MP18152/2025-2026/176293;WS/MP18152/2025-2026/176294
CLUST-01789,2,0,WS/MP18152/2025-2026/218963;WS/MP18152/2025-2026/218977
CLUST-01790,2,0,WS/MP18152/2025-2026/239736;WS/MP18152/2025-2026/258388
CLUST-01791,2,0,WS/MP18152/2025-2026/239752;WS/MP18152/2025-2026/239753
CLUST-01792,2,0,WS/MP18152/2025-2026/239775;WS/MP18152/2025-2026/241146
CLUST-01793,2,0,WS/MP18152/2025-2026/258309;WS/MP18152/2025-2026/258317
CLUST-01794,2,0,WS/MP18152/2025-2026/258320;WS/MP18152/2025-2026/258337
CLUST-01795,2,0,WS/MP18152/2025-2026/258386;WS/MP18152/2025-2026/258387
CLUST-01796,2,0,WS/MP18152/2025-2026/274084;WS/MP18152/2025-2026/274090
CLUST-01797,2,0,WS/MP18152/2025-2026/274096;WS/MP18152/2025-2026/274120
CLUST-01798,2,0,WS/MP18152/2025-2026/274132;WS/MP18152/2025-2026/274133
CLUST-01799,2,0,WS/MP18152/2026-2027/274116;WS/MP18152/2026-2027/274124
CLUST-01800,2,0,WS/MP18152/2026-2027/274264;WS/MP18152/2026-2027/274265
CLUST-01801,2,0,WS/MP18152/2026-2027/274267;WS/MP18152/2026-2027/274268
CLUST-01802,2,0,WS/MP18152/2026-2027/293541;WS/MP18152/2026-2027/293542
CLUST-01803,2,0,WS/MP18153/2024-2025/135264;WS/MP18153/2024-2025/135265
CLUST-01804,2,0,WS/MP18153/2024-2025/137279;WS/MP18153/2024-2025/137284
CLUST-01805,2,0,WS/MP18153/2024-2025/137280;WS/MP18153/2024-2025/137282
CLUST-01806,2,0,WS/MP18153/2024-2025/137286;WS/MP18153/2024-2025/137287
CLUST-01807,2,0,WS/MP18153/2024-2025/137290;WS/MP18153/2024-2025/137291
CLUST-01808,2,0,WS/MP18153/2024-2025/141972;WS/MP18153/2024-2025/141973
CLUST-01809,2,0,WS/MP18153/2024-2025/170754;WS/MP18153/2024-2025/170755
CLUST-01810,2,0,WS/MP18153/2024-2025/177959;WS/MP18153/2024-2025/177960
CLUST-01811,2,0,WS/MP18153/2024-2025/177968;WS/MP18153/2024-2025/177969
CLUST-01812,2,0,WS/MP18153/2024-2025/177975;WS/MP18153/2024-2025/177976
CLUST-01813,2,0,WS/MP18153/2024-2025/183009;WS/MP18153/2024-2025/183018
CLUST-01814,2,0,WS/MP18153/2024-2025/183035;WS/MP18153/2024-2025/183036
CLUST-01815,2,0,WS/MP18153/2024-2025/183109;WS/MP18153/2024-2025/183110
CLUST-01816,2,0,WS/MP18153/2025-2026/190186;WS/MP18153/2025-2026/190194
CLUST-01817,2,0,WS/MP18153/2025-2026/190211;WS/MP18153/2025-2026/190212
CLUST-01818,2,0,WS/MP18153/2025-2026/190213;WS/MP18153/2025-2026/190214
CLUST-01819,2,0,WS/MP18153/2025-2026/212805;WS/MP18153/2025-2026/212806
CLUST-01820,2,0,WS/MP18153/2025-2026/212823;WS/MP18153/2025-2026/212825
CLUST-01821,2,0,WS/MP18153/2025-2026/212878;WS/MP18153/2025-2026/212885
CLUST-01822,2,0,WS/MP18153/2025-2026/229090;WS/MP18153/2025-2026/229099
CLUST-01823,2,0,WS/MP18153/2025-2026/229103;WS/MP18153/2025-2026/229104
CLUST-01824,2,0,WS/MP18153/2025-2026/274493;WS/MP18153/2026-2027/274475
CLUST-01825,2,0,WS/MP18153/2026-2027/277257;WS/MP18153/2026-2027/277258
CLUST-01826,2,0,WS/MP18154/2025-2026/166560;WS/MP18154/2025-2026/166561
CLUST-01827,2,0,WS/MP18154/2025-2026/166562;WS/MP18154/2025-2026/166564
CLUST-01828,2,0,WS/MP18154/2025-2026/166567;WS/MP18154/2025-2026/166568
CLUST-01829,2,0,WS/MP18154/2025-2026/166575;WS/MP18154/2025-2026/166578
CLUST-01830,2,0,WS/MP18154/2025-2026/196163;WS/MP18154/2025-2026/196164
CLUST-01831,2,0,WS/MP18154/2025-2026/216116;WS/MP18154/2025-2026/216469
CLUST-01832,2,0,WS/MP18154/2025-2026/224964;WS/MP18154/2025-2026/224965
CLUST-01833,2,0,WS/MP18154/2026-2027/274563;WS/MP18154/2026-2027/301440
CLUST-01834,2,0,WS/MP18154/2026-2027/276100;WS/MP18154/2026-2027/276103
CLUST-01835,2,0,WS/MP18154/2026-2027/279142;WS/MP18154/2026-2027/282422
CLUST-01836,2,0,WS/MP18154/2026-2027/288970;WS/MP18154/2026-2027/288972
CLUST-01837,2,0,WS/MP18154/2026-2027/290313;WS/MP18154/2026-2027/301455
CLUST-01838,2,0,WS/MP18154/2026-2027/291322;WS/MP18154/2026-2027/291568
CLUST-01839,2,0,WS/MP18154/2026-2027/298990;WS/MP18154/2026-2027/301472
CLUST-01840,2,0,WS/MP18154/2026-2027/299572;WS/MP18154/2026-2027/301447
CLUST-01841,2,0,WS/MP18154/2026-2027/301431;WS/MP18154/2026-2027/301433
CLUST-01842,2,0,WS/MP18155/2025-2026/184207;WS/MP18155/2025-2026/187848
CLUST-01843,2,0,WS/MP18155/2025-2026/192796;WS/MP18155/2025-2026/193831
CLUST-01844,2,0,WS/MP18155/2025-2026/192798;WS/MP18155/2025-2026/192800
CLUST-01845,2,0,WS/MP18155/2025-2026/196984;WS/MP18155/2025-2026/196985
CLUST-01846,2,0,WS/MP18155/2025-2026/207525;WS/MP18155/2025-2026/215381
CLUST-01847,2,0,WS/MP18155/2025-2026/239008;WS/MP18155/2025-2026/242456
CLUST-01848,2,0,WS/MP18155/2025-2026/239187;WS/MP381/2025-2026/227986
CLUST-01849,2,0,WS/MP18155/2025-2026/244801;WS/MP18155/2025-2026/245651
CLUST-01850,2,0,WS/MP18155/2025-2026/245571;WS/MP18155/2025-2026/245648
CLUST-01851,2,0,WS/MP18155/2025-2026/247625;WS/MP18155/2025-2026/247631
CLUST-01852,2,0,WS/MP18155/2025-2026/250124;WS/MP18155/2025-2026/250126
CLUST-01853,2,0,WS/MP18155/2025-2026/256474;WS/MP18155/2025-2026/256696
CLUST-01854,2,0,WS/MP18155/2025-2026/259259;WS/MP18155/2025-2026/265005
CLUST-01855,2,0,WS/MP18155/2025-2026/260965;WS/MP18155/2025-2026/260966
CLUST-01856,2,0,WS/MP18155/2026-2027/287041;WS/MP18155/2026-2027/298242
CLUST-01857,2,0,WS/MP18155/2026-2027/289632;WS/MP18155/2026-2027/289633
CLUST-01858,2,0,WS/MP18155/2026-2027/301491;WS/MP18155/2026-2027/301494
CLUST-01859,2,0,WS/MP18156/2025-2026/213061;WS/MP18156/2025-2026/213070
CLUST-01860,2,0,WS/MP18156/2025-2026/213126;WS/MP18156/2025-2026/213132
CLUST-01861,2,0,WS/MP18156/2025-2026/219765;WS/MP18156/2025-2026/219770
CLUST-01862,2,0,WS/MP18156/2025-2026/219846;WS/MP18156/2025-2026/219849
CLUST-01863,2,0,WS/MP18156/2025-2026/225111;WS/MP18156/2025-2026/225720
CLUST-01864,2,0,WS/MP18156/2026-2027/300877;WS/MP18156/2026-2027/300938
CLUST-01865,2,0,WS/MP18156/2026-2027/300954;WS/MP18156/2026-2027/300956
CLUST-01866,2,0,WS/MP18157/2024-2025/163179;WS/MP18157/2024-2025/163181
CLUST-01867,2,0,WS/MP18157/2025-2026/157070;WS/MP18157/2025-2026/157071
CLUST-01868,2,0,WS/MP18157/2025-2026/188689;WS/MP18157/2025-2026/188693
CLUST-01869,2,0,WS/MP18157/2025-2026/188715;WS/MP18157/2025-2026/188730
CLUST-01870,2,0,WS/MP18157/2025-2026/232169;WS/MP18157/2025-2026/232171
CLUST-01871,2,0,WS/MP18157/2025-2026/236874;WS/MP18157/2025-2026/236875
CLUST-01872,2,0,WS/MP18157/2026-2027/273448;WS/MP18157/2026-2027/273449
CLUST-01873,2,0,WS/MP18158/2025-2026/238981;WS/MP18158/2025-2026/238983
CLUST-01874,2,0,WS/MP18158/2026-2027/261347;WS/MP18158/2026-2027/261350
CLUST-01875,2,0,WS/MP18158/2026-2027/267950;WS/MP18158/2026-2027/268505
CLUST-01876,2,0,WS/MP18159/2024-2025/145788;WS/MP18159/2024-2025/145789
CLUST-01877,2,0,WS/MP18160/2025-2026/198874;WS/MP18160/2025-2026/198875
CLUST-01878,2,0,WS/MP18160/2025-2026/209815;WS/MP18160/2025-2026/209821
CLUST-01879,2,0,WS/MP18160/2025-2026/230973;WS/MP18160/2025-2026/230975
CLUST-01880,2,0,WS/MP18160/2025-2026/233813;WS/MP18160/2025-2026/233814
CLUST-01881,2,0,WS/MP18160/2025-2026/233872;WS/MP18160/2025-2026/233873
CLUST-01882,2,0,WS/MP18160/2025-2026/240385;WS/MP18160/2025-2026/240386
CLUST-01883,2,0,WS/MP18160/2026-2027/248733;WS/MP18160/2026-2027/248755
CLUST-01884,2,0,WS/MP18161/2024-2025/162422;WS/MP18161/2024-2025/162426
CLUST-01885,2,0,WS/MP18163/2025-2026/229980;WS/MP18163/2025-2026/229981
CLUST-01886,2,0,WS/MP18163/2026-2027/306121;WS/MP18163/2026-2027/306122
CLUST-01887,2,0,WS/MP18164/2026-2027/284214;WS/MP18164/2026-2027/284589
CLUST-01888,2,0,WS/MP18165/2025-2026/182562;WS/MP18165/2025-2026/182563
CLUST-01889,2,0,WS/MP18166/2025-2026/237470;WS/MP18166/2025-2026/237471
CLUST-01890,2,0,WS/MP18169/2025-2026/229580;WS/MP18169/2025-2026/242146
CLUST-01891,2,0,WS/MP18170/2025-2026/186069;WS/MP18170/2025-2026/186070
CLUST-01892,2,0,WS/MP18170/2026-2027/277345;WS/MP18170/2026-2027/277346
CLUST-01893,2,0,WS/MP18172/2025-2026/201334;WS/MP18172/2025-2026/201335
CLUST-01894,2,0,WS/MP18172/2025-2026/225155;WS/MP18172/2025-2026/225156
CLUST-01895,2,0,WS/MP18173/2024-2025/137460;WS/MP18173/2024-2025/137461
CLUST-01896,2,0,WS/MP18173/2024-2025/147836;WS/MP18173/2025-2026/152439
CLUST-01897,2,0,WS/MP18173/2025-2026/196665;WS/MP18173/2025-2026/196667
CLUST-01898,2,0,WS/MP18173/2025-2026/196669;WS/MP18173/2025-2026/196670
CLUST-01899,2,0,WS/MP18173/2025-2026/196677;WS/MP18173/2025-2026/196681
CLUST-01900,2,0,WS/MP18173/2025-2026/196688;WS/MP18173/2025-2026/196689
CLUST-01901,2,0,WS/MP18173/2025-2026/200737;WS/MP18173/2025-2026/200738
CLUST-01902,2,0,WS/MP18173/2025-2026/216126;WS/MP18173/2025-2026/216128
CLUST-01903,2,0,WS/MP18173/2025-2026/232625;WS/MP18173/2025-2026/232629
CLUST-01904,2,0,WS/MP18173/2026-2027/290409;WS/MP18173/2026-2027/290514
CLUST-01905,2,0,WS/MP18174/2026-2027/270377;WS/MP18174/2026-2027/270378
CLUST-01906,2,0,WS/MP18174/2026-2027/270387;WS/MP18174/2026-2027/270388
CLUST-01907,2,0,WS/MP18175/2025-2026/171232;WS/MP18175/2025-2026/171233
CLUST-01908,2,0,WS/MP18175/2025-2026/198976;WS/MP18175/2025-2026/198994
CLUST-01909,2,0,WS/MP18175/2025-2026/198992;WS/MP18175/2025-2026/198993
CLUST-01910,2,0,WS/MP18175/2025-2026/198997;WS/MP18175/2025-2026/198998
CLUST-01911,2,0,WS/MP18175/2025-2026/221139;WS/MP18175/2025-2026/221140
CLUST-01912,2,0,WS/MP18175/2025-2026/221165;WS/MP18175/2025-2026/221196
CLUST-01913,2,0,WS/MP18177/2024-2025/156780;WS/MP18177/2024-2025/156781
CLUST-01914,2,0,WS/MP18177/2025-2026/205221;WS/MP18177/2025-2026/205336
CLUST-01915,2,0,WS/MP18178/2024-2025/174366;WS/MP18178/2024-2025/174389
CLUST-01916,2,0,WS/MP18178/2024-2025/174385;WS/MP18178/2024-2025/174387
CLUST-01917,2,0,WS/MP18178/2024-2025/174394;WS/MP18178/2024-2025/174395
CLUST-01918,2,0,WS/MP18178/2025-2026/178140;WS/MP18178/2025-2026/178141
CLUST-01919,2,0,WS/MP18178/2025-2026/201648;WS/MP18178/2025-2026/201649
CLUST-01920,2,0,WS/MP18178/2025-2026/201661;WS/MP18178/2025-2026/201662
CLUST-01921,2,0,WS/MP18178/2025-2026/202115;WS/MP18178/2025-2026/202141
CLUST-01922,2,0,WS/MP18178/2025-2026/202188;WS/MP18178/2025-2026/202189
CLUST-01923,2,0,WS/MP18178/2025-2026/218117;WS/MP18178/2025-2026/218119
CLUST-01924,2,0,WS/MP18178/2025-2026/225352;WS/MP18178/2025-2026/225470
CLUST-01925,2,0,WS/MP18178/2025-2026/225356;WS/MP18178/2025-2026/225357
CLUST-01926,2,0,WS/MP18178/2025-2026/225358;WS/MP18178/2025-2026/225370
CLUST-01927,2,0,WS/MP18178/2025-2026/225417;WS/MP18178/2025-2026/225418
CLUST-01928,2,0,WS/MP18178/2026-2027/225480;WS/MP18178/2026-2027/225481
CLUST-01929,2,0,WS/MP18179/2026-2027/271504;WS/MP18179/2026-2027/271505
CLUST-01930,2,0,WS/MP18180/2025-2026/231231;WS/MP18180/2025-2026/231234
CLUST-01931,2,0,WS/MP18182/2024-2025/134224;WS/MP18182/2024-2025/134225
CLUST-01932,2,0,WS/MP18182/2025-2026/161267;WS/MP18182/2025-2026/161268
CLUST-01933,2,0,WS/MP18182/2025-2026/161283;WS/MP18182/2025-2026/161284
CLUST-01934,2,0,WS/MP18182/2025-2026/195610;WS/MP18182/2025-2026/195612
CLUST-01935,2,0,WS/MP18182/2025-2026/195611;WS/MP18182/2025-2026/195613
CLUST-01936,2,0,WS/MP18184/2025-2026/161789;WS/MP18184/2025-2026/161840
CLUST-01937,2,0,WS/MP18184/2025-2026/171651;WS/MP18184/2025-2026/171658
CLUST-01938,2,0,WS/MP18184/2026-2027/169905;WS/MP18184/2026-2027/171653
CLUST-01939,2,0,WS/MP18184/2026-2027/169908;WS/MP18184/2026-2027/169909
CLUST-01940,2,0,WS/MP18185/2025-2026/180109;WS/MP18185/2025-2026/180110
CLUST-01941,2,0,WS/MP18185/2025-2026/198040;WS/MP18185/2025-2026/198041
CLUST-01942,2,0,WS/MP18186/2024-2025/149097;WS/MP18186/2024-2025/149098
CLUST-01943,2,0,WS/MP18187/2025-2026/189871;WS/MP18187/2025-2026/189873
CLUST-01944,2,0,WS/MP18187/2025-2026/189965;WS/MP18187/2025-2026/189970
CLUST-01945,2,0,WS/MP18187/2025-2026/189968;WS/MP18187/2025-2026/189971
CLUST-01946,2,0,WS/MP18187/2025-2026/189977;WS/MP18187/2025-2026/189986
CLUST-01947,2,0,WS/MP18187/2025-2026/222667;WS/MP18187/2025-2026/222668
CLUST-01948,2,0,WS/MP18187/2026-2027/189757;WS/MP18187/2026-2027/189764
CLUST-01949,2,0,WS/MP18188/2025-2026/159477;WS/MP18188/2025-2026/159479
CLUST-01950,2,0,WS/MP18188/2025-2026/159757;WS/MP18188/2025-2026/159763
CLUST-01951,2,0,WS/MP18188/2025-2026/159759;WS/MP18188/2025-2026/159761
CLUST-01952,2,0,WS/MP18188/2025-2026/182151;WS/MP18188/2025-2026/208323
CLUST-01953,2,0,WS/MP18188/2025-2026/196743;WS/MP18188/2025-2026/196747
CLUST-01954,2,0,WS/MP18188/2025-2026/196745;WS/MP18188/2025-2026/196746
CLUST-01955,2,0,WS/MP18188/2026-2027/257180;WS/MP18188/2026-2027/257181
CLUST-01956,2,0,WS/MP18188/2026-2027/281690;WS/MP18188/2026-2027/281691
CLUST-01957,2,0,WS/MP18188/2026-2027/284772;WS/MP18188/2026-2027/284773
CLUST-01958,2,0,WS/MP18188/2026-2027/284774;WS/MP18188/2026-2027/284775
CLUST-01959,2,0,WS/MP18188/2026-2027/284783;WS/MP18188/2026-2027/284784
CLUST-01960,2,0,WS/MP18188/2026-2027/284793;WS/MP18188/2026-2027/284799
CLUST-01961,2,0,WS/MP18188/2026-2027/284794;WS/MP18188/2026-2027/284795
CLUST-01962,2,0,WS/MP18188/2026-2027/284803;WS/MP18188/2026-2027/284804
CLUST-01963,2,0,WS/MP18188/2026-2027/284807;WS/MP18188/2026-2027/284808
CLUST-01964,2,0,WS/MP18188/2026-2027/285093;WS/MP18188/2026-2027/285094
CLUST-01965,2,0,WS/MP18188/2026-2027/288398;WS/MP18188/2026-2027/288399
CLUST-01966,2,0,WS/MP18188/2026-2027/288907;WS/MP18188/2026-2027/288908
CLUST-01967,2,0,WS/MP18188/2026-2027/289113;WS/MP18188/2026-2027/289114
CLUST-01968,2,0,WS/MP18188/2026-2027/289122;WS/MP18188/2026-2027/289123
CLUST-01969,2,0,WS/MP18188/2026-2027/289179;WS/MP18188/2026-2027/289180
CLUST-01970,2,0,WS/MP18188/2026-2027/290498;WS/MP18188/2026-2027/290500
CLUST-01971,2,0,WS/MP18188/2026-2027/290501;WS/MP18188/2026-2027/305009
CLUST-01972,2,0,WS/MP18188/2026-2027/295285;WS/MP18188/2026-2027/295286
CLUST-01973,2,0,WS/MP18188/2026-2027/300878;WS/MP18188/2026-2027/300879
CLUST-01974,2,0,WS/MP18190/2025-2026/161434;WS/MP18190/2025-2026/161435
CLUST-01975,2,0,WS/MP18190/2025-2026/162184;WS/MP18190/2025-2026/162185
CLUST-01976,2,0,WS/MP18190/2025-2026/162244;WS/MP18190/2025-2026/162245
CLUST-01977,2,0,WS/MP18190/2025-2026/169289;WS/MP18190/2025-2026/169290
CLUST-01978,2,0,WS/MP18190/2025-2026/171382;WS/MP18190/2025-2026/239218
CLUST-01979,2,0,WS/MP18190/2025-2026/222344;WS/MP18190/2025-2026/222346
CLUST-01980,2,0,WS/MP18190/2025-2026/224478;WS/MP18190/2025-2026/224479
CLUST-01981,2,0,WS/MP18190/2026-2027/212761;WS/MP18190/2026-2027/212766
CLUST-01982,2,0,WS/MP18190/2026-2027/212768;WS/MP18190/2026-2027/212793
CLUST-01983,2,0,WS/MP18190/2026-2027/212788;WS/MP18190/2026-2027/212789
CLUST-01984,2,0,WS/MP18190/2026-2027/212844;WS/MP18190/2026-2027/212850
CLUST-01985,2,0,WS/MP18191/2025-2026/168789;WS/MP18191/2025-2026/168790
CLUST-01986,2,0,WS/MP18191/2025-2026/174742;WS/MP18191/2025-2026/174743
CLUST-01987,2,0,WS/MP18191/2025-2026/211954;WS/MP18191/2025-2026/211955
CLUST-01988,2,0,WS/MP18191/2025-2026/222883;WS/MP18191/2025-2026/222884
CLUST-01989,2,0,WS/MP18191/2025-2026/229304;WS/MP18191/2025-2026/229305
CLUST-01990,2,0,WS/MP18191/2025-2026/262191;WS/MP18191/2025-2026/262218
CLUST-01991,2,0,WS/MP18191/2025-2026/262192;WS/MP18191/2026-2027/267207
CLUST-01992,2,0,WS/MP18191/2025-2026/262214;WS/MP18191/2025-2026/262226
CLUST-01993,2,0,WS/MP18191/2025-2026/262221;WS/MP18191/2025-2026/262222
CLUST-01994,2,0,WS/MP18191/2026-2027/248685;WS/MP18191/2026-2027/248686
CLUST-01995,2,0,WS/MP18191/2026-2027/262232;WS/MP18191/2026-2027/262241
CLUST-01996,2,0,WS/MP18191/2026-2027/291085;WS/MP18191/2026-2027/291132
CLUST-01997,2,0,WS/MP18191/2026-2027/291090;WS/MP18191/2026-2027/291133
CLUST-01998,2,0,WS/MP18191/2026-2027/302591;WS/MP18191/2026-2027/302592
CLUST-01999,2,0,WS/MP18192/2025-2026/218497;WS/MP18192/2025-2026/218511
CLUST-02000,2,0,WS/MP18192/2025-2026/226289;WS/MP18192/2025-2026/226292
CLUST-02001,2,0,WS/MP18192/2025-2026/226303;WS/MP18192/2025-2026/226304
CLUST-02002,2,0,WS/MP18192/2025-2026/226306;WS/MP18192/2025-2026/226309
CLUST-02003,2,0,WS/MP18192/2025-2026/234582;WS/MP18192/2025-2026/234588
CLUST-02004,2,0,WS/MP18192/2025-2026/234584;WS/MP18192/2025-2026/234585
CLUST-02005,2,0,WS/MP18192/2025-2026/234586;WS/MP18192/2025-2026/234589
CLUST-02006,2,0,WS/MP18192/2026-2027/288697;WS/MP18192/2026-2027/288700
CLUST-02007,2,0,WS/MP18192/2026-2027/288698;WS/MP18192/2026-2027/288699
CLUST-02008,2,0,WS/MP18192/2026-2027/304321;WS/MP18192/2026-2027/304328
CLUST-02009,2,0,WS/MP18192/2026-2027/304327;WS/MP18192/2026-2027/304335
CLUST-02010,2,0,WS/MP18193/2024-2025/155552;WS/MP18193/2024-2025/155553
CLUST-02011,2,0,WS/MP18193/2025-2026/224455;WS/MP18193/2025-2026/228304
CLUST-02012,2,0,WS/MP18194/2025-2026/223284;WS/MP18194/2025-2026/223285
CLUST-02013,2,0,WS/MP18194/2025-2026/223456;WS/MP18194/2025-2026/223458
CLUST-02014,2,0,WS/MP18194/2025-2026/223457;WS/MP18194/2025-2026/223459
CLUST-02015,2,0,WS/MP18194/2025-2026/223461;WS/MP18194/2025-2026/223462
CLUST-02016,2,0,WS/MP18194/2025-2026/224139;WS/MP18194/2025-2026/224140
CLUST-02017,2,0,WS/MP18194/2025-2026/224180;WS/MP18194/2025-2026/224181
CLUST-02018,2,0,WS/MP18194/2026-2027/223807;WS/MP18194/2026-2027/223809
CLUST-02019,2,0,WS/MP18194/2026-2027/224184;WS/MP18194/2026-2027/224199
CLUST-02020,2,0,WS/MP18194/2026-2027/228621;WS/MP18194/2026-2027/228623
CLUST-02021,2,0,WS/MP18196/2025-2026/245750;WS/MP18196/2025-2026/245751
CLUST-02022,2,0,WS/MP18199/2025-2026/171461;WS/MP18199/2025-2026/171472
CLUST-02023,2,0,WS/MP18201/2025-2026/210437;WS/MP18201/2025-2026/210438
CLUST-02024,2,0,WS/MP18205/2024-2025/148468;WS/MP18205/2024-2025/148469
CLUST-02025,2,0,WS/MP18205/2025-2026/177640;WS/MP18205/2025-2026/177644
CLUST-02026,2,0,WS/MP18205/2025-2026/189131;WS/MP18205/2025-2026/189132
CLUST-02027,2,0,WS/MP18205/2026-2027/211572;WS/MP18205/2026-2027/211648
CLUST-02028,2,0,WS/MP18205/2026-2027/271089;WS/MP18205/2026-2027/271090
CLUST-02029,2,0,WS/MP18205/2026-2027/271094;WS/MP18205/2026-2027/271099
CLUST-02030,2,0,WS/MP18205/2026-2027/271097;WS/MP18205/2026-2027/271159
CLUST-02031,2,0,WS/MP18206/2024-2025/138971;WS/MP18206/2024-2025/138972
CLUST-02032,2,0,WS/MP18206/2024-2025/144185;WS/MP18206/2024-2025/144205
CLUST-02033,2,0,WS/MP18206/2024-2025/144211;WS/MP18206/2024-2025/144212
CLUST-02034,2,0,WS/MP18206/2024-2025/144223;WS/MP18206/2024-2025/144224
CLUST-02035,2,0,WS/MP18206/2024-2025/158553;WS/MP18206/2024-2025/158554
CLUST-02036,2,0,WS/MP18206/2025-2026/158492;WS/MP18206/2025-2026/158497
CLUST-02037,2,0,WS/MP18206/2025-2026/158527;WS/MP18206/2025-2026/158530
CLUST-02038,2,0,WS/MP18206/2025-2026/158541;WS/MP18206/2025-2026/158547
CLUST-02039,2,0,WS/MP18206/2025-2026/220570;WS/MP18206/2025-2026/220571
CLUST-02040,2,0,WS/MP18206/2025-2026/220572;WS/MP18206/2025-2026/220578
CLUST-02041,2,0,WS/MP18206/2026-2027/266746;WS/MP18206/2026-2027/266747
CLUST-02042,2,0,WS/MP18206/2026-2027/268896;WS/MP18206/2026-2027/268901
CLUST-02043,2,0,WS/MP18207/2025-2026/174861;WS/MP18207/2025-2026/174862
CLUST-02044,2,0,WS/MP18212/2024-2025/158823;WS/MP18212/2024-2025/158824
CLUST-02045,2,0,WS/MP18212/2024-2025/158853;WS/MP18212/2024-2025/158854
CLUST-02046,2,0,WS/MP18213/2024-2025/155734;WS/MP18213/2024-2025/156569
CLUST-02047,2,0,WS/MP18214/2025-2026/165278;WS/MP18214/2025-2026/165279
CLUST-02048,2,0,WS/MP18214/2025-2026/165302;WS/MP18214/2025-2026/165304
CLUST-02049,2,0,WS/MP18214/2025-2026/182619;WS/MP18214/2025-2026/182620
CLUST-02050,2,0,WS/MP18214/2025-2026/216054;WS/MP18214/2025-2026/216055
CLUST-02051,2,0,WS/MP18214/2026-2027/285422;WS/MP18214/2026-2027/285428
CLUST-02052,2,0,WS/MP18218/2025-2026/230412;WS/MP18218/2025-2026/230413
CLUST-02053,2,0,WS/MP18219/2025-2026/143333;WS/MP18219/2025-2026/143343
CLUST-02054,2,0,WS/MP18219/2025-2026/143334;WS/MP18219/2025-2026/143335
CLUST-02055,2,0,WS/MP18219/2025-2026/143347;WS/MP18219/2025-2026/143348
CLUST-02056,2,0,WS/MP18222/2025-2026/169950;WS/MP18222/2025-2026/184284
CLUST-02057,2,0,WS/MP18222/2025-2026/169991;WS/MP18222/2025-2026/183687
CLUST-02058,2,0,WS/MP18222/2025-2026/169996;WS/MP18222/2025-2026/170617
CLUST-02059,2,0,WS/MP18222/2025-2026/170025;WS/MP18222/2025-2026/171357
CLUST-02060,2,0,WS/MP18222/2025-2026/170050;WS/MP18222/2025-2026/184025
CLUST-02061,2,0,WS/MP18222/2025-2026/170132;WS/MP18222/2025-2026/170694
CLUST-02062,2,0,WS/MP18222/2025-2026/170162;WS/MP18222/2025-2026/170858
CLUST-02063,2,0,WS/MP18222/2025-2026/170163;WS/MP18222/2025-2026/170554
CLUST-02064,2,0,WS/MP18222/2025-2026/170471;WS/MP18222/2025-2026/170542
CLUST-02065,2,0,WS/MP18222/2025-2026/170533;WS/MP18222/2025-2026/170627
CLUST-02066,2,0,WS/MP18222/2025-2026/171129;WS/MP18222/2025-2026/171360
CLUST-02067,2,0,WS/MP18222/2025-2026/171405;WS/MP18222/2025-2026/186942
CLUST-02068,2,0,WS/MP18222/2025-2026/171456;WS/MP18222/2025-2026/184314
CLUST-02069,2,0,WS/MP18222/2025-2026/171468;WS/MP18222/2025-2026/184022
CLUST-02070,2,0,WS/MP18222/2025-2026/171477;WS/MP18222/2025-2026/184266
CLUST-02071,2,0,WS/MP18222/2025-2026/171579;WS/MP18222/2025-2026/184334
CLUST-02072,2,0,WS/MP18222/2025-2026/171582;WS/MP18222/2025-2026/184338
CLUST-02073,2,0,WS/MP18222/2025-2026/171692;WS/MP18222/2025-2026/171712
CLUST-02074,2,0,WS/MP18222/2025-2026/183807;WS/MP18222/2025-2026/184236
CLUST-02075,2,0,WS/MP18222/2025-2026/183810;WS/MP18222/2025-2026/184364
CLUST-02076,2,0,WS/MP18222/2025-2026/184029;WS/MP18222/2025-2026/184339
CLUST-02077,2,0,WS/MP18222/2025-2026/184209;WS/MP18222/2025-2026/184308
CLUST-02078,2,0,WS/MP18222/2025-2026/184240;WS/MP18222/2025-2026/184277
CLUST-02079,2,0,WS/MP18222/2025-2026/187364;WS/MP18222/2025-2026/187366
CLUST-02080,2,0,WS/MP18222/2025-2026/212682;WS/MP18222/2025-2026/214060
CLUST-02081,2,0,WS/MP18222/2025-2026/212685;WS/MP18222/2025-2026/212804
CLUST-02082,2,0,WS/MP18225/2024-2025/143661;WS/MP18225/2024-2025/144352
CLUST-02083,2,0,WS/MP18225/2024-2025/143669;WS/MP18225/2024-2025/143670
CLUST-02084,2,0,WS/MP18225/2024-2025/144328;WS/MP18225/2024-2025/144691
CLUST-02085,2,0,WS/MP18225/2024-2025/144704;WS/MP18225/2024-2025/144742
CLUST-02086,2,0,WS/MP18226/2024-2025/168990;WS/MP18226/2024-2025/168991
CLUST-02087,2,0,WS/MP18226/2024-2025/169049;WS/MP18226/2024-2025/169078
CLUST-02088,2,0,WS/MP18226/2024-2025/169056;WS/MP18226/2024-2025/169358
CLUST-02089,2,0,WS/MP18226/2024-2025/169057;WS/MP18226/2024-2025/169220
CLUST-02090,2,0,WS/MP18226/2024-2025/169278;WS/MP18226/2024-2025/169320
CLUST-02091,2,0,WS/MP18226/2024-2025/169359;WS/MP18226/2024-2025/169362
CLUST-02092,2,0,WS/MP18226/2024-2025/169852;WS/MP18226/2024-2025/169854
CLUST-02093,2,0,WS/MP18226/2024-2025/169880;WS/MP18226/2024-2025/169881
CLUST-02094,2,0,WS/MP18226/2024-2025/169923;WS/MP18226/2024-2025/169926
CLUST-02095,2,0,WS/MP18226/2024-2025/169924;WS/MP18226/2024-2025/169925
CLUST-02096,2,0,WS/MP18226/2025-2026/222419;WS/MP18226/2025-2026/222420
CLUST-02097,2,0,WS/MP18226/2025-2026/222571;WS/MP18226/2025-2026/222572
CLUST-02098,2,0,WS/MP18226/2025-2026/222575;WS/MP18226/2025-2026/222589
CLUST-02099,2,0,WS/MP18226/2025-2026/233245;WS/MP18226/2025-2026/233247
CLUST-02100,2,0,WS/MP18226/2025-2026/252463;WS/MP18226/2025-2026/252464
CLUST-02101,2,0,WS/MP18226/2025-2026/252501;WS/MP18226/2025-2026/252502
CLUST-02102,2,0,WS/MP18226/2025-2026/252540;WS/MP18226/2025-2026/252555
CLUST-02103,2,0,WS/MP18226/2025-2026/252548;WS/MP18226/2025-2026/252549
CLUST-02104,2,0,WS/MP18227/2024-2025/148289;WS/MP18227/2024-2025/148291
CLUST-02105,2,0,WS/MP18227/2024-2025/148771;WS/MP18227/2024-2025/148772
CLUST-02106,2,0,WS/MP18227/2024-2025/148871;WS/MP18227/2024-2025/148877
CLUST-02107,2,0,WS/MP18227/2024-2025/151440;WS/MP18227/2024-2025/151447
CLUST-02108,2,0,WS/MP18227/2024-2025/151451;WS/MP18227/2024-2025/151453
CLUST-02109,2,0,WS/MP18227/2024-2025/151455;WS/MP18227/2024-2025/151456
CLUST-02110,2,0,WS/MP18227/2025-2026/205701;WS/MP18227/2025-2026/205702
CLUST-02111,2,0,WS/MP18227/2026-2027/280080;WS/MP18227/2026-2027/280095
CLUST-02112,2,0,WS/MP18228/2024-2025/146956;WS/MP18228/2024-2025/146961
CLUST-02113,2,0,WS/MP18228/2024-2025/147039;WS/MP18228/2024-2025/147212
CLUST-02114,2,0,WS/MP18228/2024-2025/147554;WS/MP18228/2024-2025/147992
CLUST-02115,2,0,WS/MP18228/2024-2025/148758;WS/MP18228/2024-2025/152706
CLUST-02116,2,0,WS/MP18228/2024-2025/150503;WS/MP18228/2024-2025/150507
CLUST-02117,2,0,WS/MP18228/2024-2025/150608;WS/MP18228/2024-2025/151595
CLUST-02118,2,0,WS/MP18228/2024-2025/150614;WS/MP18228/2024-2025/150797
CLUST-02119,2,0,WS/MP18228/2024-2025/159513;WS/MP18228/2024-2025/159523
CLUST-02120,2,0,WS/MP18228/2025-2026/156305;WS/MP18228/2025-2026/158137
CLUST-02121,2,0,WS/MP18228/2025-2026/181267;WS/MP18228/2025-2026/181294
CLUST-02122,2,0,WS/MP18228/2025-2026/181281;WS/MP18228/2025-2026/182409
CLUST-02123,2,0,WS/MP18228/2025-2026/181437;WS/MP18228/2025-2026/182249
CLUST-02124,2,0,WS/MP18228/2025-2026/181615;WS/MP18228/2025-2026/182456
CLUST-02125,2,0,WS/MP18228/2025-2026/182467;WS/MP18228/2025-2026/182483
CLUST-02126,2,0,WS/MP18228/2025-2026/232000;WS/MP18228/2025-2026/235546
CLUST-02127,2,0,WS/MP18228/2025-2026/232005;WS/MP18228/2025-2026/232008
CLUST-02128,2,0,WS/MP18228/2025-2026/232013;WS/MP18228/2025-2026/232021
CLUST-02129,2,0,WS/MP18228/2025-2026/232042;WS/MP18228/2025-2026/232043
CLUST-02130,2,0,WS/MP18228/2025-2026/232061;WS/MP18228/2025-2026/235341
CLUST-02131,2,0,WS/MP18228/2025-2026/232066;WS/MP18228/2025-2026/235401
CLUST-02132,2,0,WS/MP18228/2025-2026/232067;WS/MP18228/2025-2026/235489
CLUST-02133,2,0,WS/MP18228/2025-2026/233912;WS/MP18228/2025-2026/233916
CLUST-02134,2,0,WS/MP18228/2025-2026/233920;WS/MP18228/2025-2026/236035
CLUST-02135,2,0,WS/MP18228/2025-2026/233929;WS/MP18228/2025-2026/236012
CLUST-02136,2,0,WS/MP18228/2025-2026/235338;WS/MP18228/2025-2026/236010
CLUST-02137,2,0,WS/MP18228/2025-2026/235352;WS/MP18228/2025-2026/235576
CLUST-02138,2,0,WS/MP18228/2025-2026/235442;WS/MP18228/2025-2026/235443
CLUST-02139,2,0,WS/MP18228/2025-2026/235453;WS/MP18228/2025-2026/235482
CLUST-02140,2,0,WS/MP18228/2025-2026/235462;WS/MP18228/2025-2026/235639
CLUST-02141,2,0,WS/MP18228/2025-2026/235475;WS/MP18228/2025-2026/236034
CLUST-02142,2,0,WS/MP18228/2025-2026/236070;WS/MP18228/2025-2026/236109
CLUST-02143,2,0,WS/MP18228/2025-2026/236078;WS/MP18228/2025-2026/236110
CLUST-02144,2,0,WS/MP18228/2026-2027/304837;WS/MP18228/2026-2027/304839
CLUST-02145,2,0,WS/MP18229/2025-2026/162064;WS/MP18229/2025-2026/162065
CLUST-02146,2,0,WS/MP18230/2024-2025/148497;WS/MP18230/2024-2025/148499
CLUST-02147,2,0,WS/MP18230/2024-2025/148500;WS/MP18230/2024-2025/148501
CLUST-02148,2,0,WS/MP18231/2024-2025/165103;WS/MP18231/2024-2025/165106
CLUST-02149,2,0,WS/MP18231/2024-2025/165104;WS/MP18231/2024-2025/165108
CLUST-02150,2,0,WS/MP18231/2024-2025/165113;WS/MP18231/2024-2025/165114
CLUST-02151,2,0,WS/MP18231/2024-2025/178435;WS/MP18231/2024-2025/178436
CLUST-02152,2,0,WS/MP18231/2024-2025/179777;WS/MP18231/2024-2025/179778
CLUST-02153,2,0,WS/MP18231/2025-2026/179752;WS/MP18231/2025-2026/179753
CLUST-02154,2,0,WS/MP18231/2025-2026/179756;WS/MP18231/2025-2026/186757
CLUST-02155,2,0,WS/MP18231/2025-2026/224242;WS/MP18231/2025-2026/224249
CLUST-02156,2,0,WS/MP18231/2025-2026/224268;WS/MP18231/2025-2026/224270
CLUST-02157,2,0,WS/MP18231/2025-2026/226579;WS/MP18231/2025-2026/226581
CLUST-02158,2,0,WS/MP18231/2025-2026/253357;WS/MP18231/2025-2026/253390
CLUST-02159,2,0,WS/MP18231/2025-2026/253358;WS/MP18231/2025-2026/253359
CLUST-02160,2,0,WS/MP18231/2026-2027/269558;WS/MP18231/2026-2027/269559
CLUST-02161,2,0,WS/MP18231/2026-2027/272480;WS/MP18231/2026-2027/272509
CLUST-02162,2,0,WS/MP18234/2026-2027/269347;WS/MP18234/2026-2027/269350
CLUST-02163,2,0,WS/MP18234/2026-2027/269426;WS/MP18234/2026-2027/269429
CLUST-02164,2,0,WS/MP18234/2026-2027/269596;WS/MP18234/2026-2027/269597
CLUST-02165,2,0,WS/MP18234/2026-2027/269657;WS/MP18234/2026-2027/269968
CLUST-02166,2,0,WS/MP18234/2026-2027/271763;WS/MP18234/2026-2027/271772
CLUST-02167,2,0,WS/MP18235/2024-2025/150211;WS/MP18235/2024-2025/150213
CLUST-02168,2,0,WS/MP18235/2024-2025/150216;WS/MP18235/2024-2025/150217
CLUST-02169,2,0,WS/MP18235/2024-2025/161181;WS/MP18235/2024-2025/161183
CLUST-02170,2,0,WS/MP18235/2024-2025/168524;WS/MP18235/2024-2025/172689
CLUST-02171,2,0,WS/MP18235/2024-2025/168528;WS/MP18235/2024-2025/168529
CLUST-02172,2,0,WS/MP18235/2025-2026/248320;WS/MP18235/2025-2026/248455
CLUST-02173,2,0,WS/MP18235/2025-2026/254321;WS/MP18235/2025-2026/254322
CLUST-02174,2,0,WS/MP18235/2025-2026/254325;WS/MP18235/2025-2026/254326
CLUST-02175,2,0,WS/MP18235/2025-2026/254508;WS/MP18235/2025-2026/254545
CLUST-02176,2,0,WS/MP18235/2026-2027/281803;WS/MP18235/2026-2027/281805
CLUST-02177,2,0,WS/MP18235/2026-2027/281808;WS/MP18235/2026-2027/281809
CLUST-02178,2,0,WS/MP18236/2024-2025/138945;WS/MP18236/2024-2025/138947
CLUST-02179,2,0,WS/MP18236/2024-2025/138956;WS/MP18236/2024-2025/147066
CLUST-02180,2,0,WS/MP18236/2024-2025/139174;WS/MP18236/2024-2025/139175
CLUST-02181,2,0,WS/MP18236/2024-2025/139423;WS/MP18236/2024-2025/139424
CLUST-02182,2,0,WS/MP18236/2025-2026/177459;WS/MP18236/2025-2026/177460
CLUST-02183,2,0,WS/MP18236/2025-2026/199298;WS/MP18236/2025-2026/199299
CLUST-02184,2,0,WS/MP18236/2025-2026/205595;WS/MP18236/2025-2026/205596
CLUST-02185,2,0,WS/MP18236/2025-2026/206740;WS/MP18236/2025-2026/206756
CLUST-02186,2,0,WS/MP18236/2025-2026/206748;WS/MP18236/2025-2026/206751
CLUST-02187,2,0,WS/MP18236/2025-2026/206752;WS/MP18236/2025-2026/206758
CLUST-02188,2,0,WS/MP18236/2025-2026/214176;WS/MP18236/2025-2026/214177
CLUST-02189,2,0,WS/MP18238/2024-2025/142151;WS/MP18238/2024-2025/142152
CLUST-02190,2,0,WS/MP18239/2025-2026/214718;WS/MP18239/2025-2026/214748
CLUST-02191,2,0,WS/MP18239/2025-2026/214939;WS/MP18239/2025-2026/214946
CLUST-02192,2,0,WS/MP18239/2025-2026/228456;WS/MP18239/2025-2026/228465
CLUST-02193,2,0,WS/MP18239/2025-2026/228520;WS/MP18239/2025-2026/230583
CLUST-02194,2,0,WS/MP18239/2025-2026/230356;WS/MP18239/2025-2026/230357
CLUST-02195,2,0,WS/MP18239/2025-2026/232763;WS/MP18239/2025-2026/232764
CLUST-02196,2,0,WS/MP18239/2025-2026/233053;WS/MP18239/2025-2026/233054
CLUST-02197,2,0,WS/MP18239/2025-2026/233062;WS/MP18239/2025-2026/233063
CLUST-02198,2,0,WS/MP18239/2025-2026/233064;WS/MP18239/2025-2026/233065
CLUST-02199,2,0,WS/MP18239/2025-2026/233431;WS/MP18239/2025-2026/233447
CLUST-02200,2,0,WS/MP18239/2026-2027/214421;WS/MP18239/2026-2027/273765
CLUST-02201,2,0,WS/MP18239/2026-2027/214422;WS/MP18239/2026-2027/214423
CLUST-02202,2,0,WS/MP18239/2026-2027/214426;WS/MP18239/2026-2027/214427
CLUST-02203,2,0,WS/MP18239/2026-2027/214432;WS/MP18239/2026-2027/214433
CLUST-02204,2,0,WS/MP18239/2026-2027/272785;WS/MP18239/2026-2027/272787
CLUST-02205,2,0,WS/MP18239/2026-2027/272830;WS/MP18239/2026-2027/273794
CLUST-02206,2,0,WS/MP18239/2026-2027/273766;WS/MP18239/2026-2027/273769
CLUST-02207,2,0,WS/MP18239/2026-2027/273779;WS/MP18239/2026-2027/273780
CLUST-02208,2,0,WS/MP18239/2026-2027/274066;WS/MP18239/2026-2027/274067
CLUST-02209,2,0,WS/MP18240/2026-2027/274899;WS/MP18240/2026-2027/274906
CLUST-02210,2,0,WS/MP18240/2026-2027/275059;WS/MP18240/2026-2027/276955
CLUST-02211,2,0,WS/MP18240/2026-2027/276726;WS/MP18240/2026-2027/276944
CLUST-02212,2,0,WS/MP18240/2026-2027/276768;WS/MP18240/2026-2027/276928
CLUST-02213,2,0,WS/MP18240/2026-2027/276814;WS/MP18240/2026-2027/276950
CLUST-02214,2,0,WS/MP18240/2026-2027/276821;WS/MP18240/2026-2027/276822
CLUST-02215,2,0,WS/MP18240/2026-2027/276842;WS/MP18240/2026-2027/276911
CLUST-02216,2,0,WS/MP18240/2026-2027/276848;WS/MP18240/2026-2027/276878
CLUST-02217,2,0,WS/MP18240/2026-2027/276858;WS/MP18240/2026-2027/276904
CLUST-02218,2,0,WS/MP18240/2026-2027/276914;WS/MP18240/2026-2027/276915
CLUST-02219,2,0,WS/MP18240/2026-2027/276925;WS/MP18240/2026-2027/276941
CLUST-02220,2,0,WS/MP18240/2026-2027/276934;WS/MP18240/2026-2027/276958
CLUST-02221,2,0,WS/MP18240/2026-2027/276960;WS/MP18240/2026-2027/276965
CLUST-02222,2,0,WS/MP18242/2024-2025/156949;WS/MP18242/2024-2025/156952
CLUST-02223,2,0,WS/MP18244/2025-2026/176811;WS/MP18244/2025-2026/176812
CLUST-02224,2,0,WS/MP18244/2025-2026/179408;WS/MP18244/2025-2026/179417
CLUST-02225,2,0,WS/MP18244/2025-2026/179410;WS/MP18244/2025-2026/179426
CLUST-02226,2,0,WS/MP18244/2026-2027/299183;WS/MP18244/2026-2027/299186
CLUST-02227,2,0,WS/MP18245/2024-2025/138741;WS/MP18245/2024-2025/138742
CLUST-02228,2,0,WS/MP18245/2024-2025/162721;WS/MP18245/2024-2025/162722
CLUST-02229,2,0,WS/MP18245/2024-2025/162888;WS/MP18245/2024-2025/162889
CLUST-02230,2,0,WS/MP18245/2025-2026/179145;WS/MP18245/2025-2026/179146
CLUST-02231,2,0,WS/MP18245/2026-2027/199085;WS/MP18245/2026-2027/264327
CLUST-02232,2,0,WS/MP18246/2025-2026/178648;WS/MP18246/2025-2026/178701
CLUST-02233,2,0,WS/MP18246/2025-2026/178669;WS/MP18246/2025-2026/178671
CLUST-02234,2,0,WS/MP18246/2025-2026/178677;WS/MP18246/2025-2026/178678
CLUST-02235,2,0,WS/MP18246/2025-2026/178698;WS/MP18246/2025-2026/178700
CLUST-02236,2,0,WS/MP18246/2025-2026/210250;WS/MP18246/2025-2026/210259
CLUST-02237,2,0,WS/MP18246/2026-2027/203106;WS/MP18246/2026-2027/203108
CLUST-02238,2,0,WS/MP18247/2025-2026/228350;WS/MP18247/2025-2026/228511
CLUST-02239,2,0,WS/MP18247/2025-2026/241356;WS/MP18247/2025-2026/246653
CLUST-02240,2,0,WS/MP18251/2024-2025/155465;WS/MP18251/2024-2025/155466
CLUST-02241,2,0,WS/MP18251/2024-2025/155470;WS/MP18251/2024-2025/155472
CLUST-02242,2,0,WS/MP18251/2024-2025/155477;WS/MP18251/2024-2025/155478
CLUST-02243,2,0,WS/MP18251/2024-2025/155489;WS/MP18251/2024-2025/155491
CLUST-02244,2,0,WS/MP18251/2025-2026/196827;WS/MP18251/2025-2026/196829
CLUST-02245,2,0,WS/MP18251/2026-2027/251526;WS/MP18251/2026-2027/251535
CLUST-02246,2,0,WS/MP18252/2025-2026/157223;WS/MP18252/2025-2026/157241
CLUST-02247,2,0,WS/MP18252/2025-2026/157227;WS/MP18252/2025-2026/157245
CLUST-02248,2,0,WS/MP18252/2026-2027/262544;WS/MP18252/2026-2027/262559
CLUST-02249,2,0,WS/MP18252/2026-2027/262639;WS/MP18252/2026-2027/262808
CLUST-02250,2,0,WS/MP18252/2026-2027/262661;WS/MP18252/2026-2027/262744
CLUST-02251,2,0,WS/MP18252/2026-2027/262689;WS/MP18252/2026-2027/262716
CLUST-02252,2,0,WS/MP18252/2026-2027/262747;WS/MP18252/2026-2027/262750
CLUST-02253,2,0,WS/MP18255/2025-2026/228953;WS/MP18255/2025-2026/228954
CLUST-02254,2,0,WS/MP18255/2026-2027/267908;WS/MP18255/2026-2027/267934
CLUST-02255,2,0,WS/MP18255/2026-2027/270633;WS/MP18255/2026-2027/270635
CLUST-02256,2,0,WS/MP18257/2025-2026/183361;WS/MP18257/2025-2026/183375
CLUST-02257,2,0,WS/MP18257/2025-2026/183368;WS/MP18257/2025-2026/183370
CLUST-02258,2,0,WS/MP18262/2025-2026/205004;WS/MP18262/2025-2026/205006
CLUST-02259,2,0,WS/MP18262/2025-2026/205399;WS/MP18262/2025-2026/205400
CLUST-02260,2,0,WS/MP18263/2026-2027/251813;WS/MP18263/2026-2027/251814
CLUST-02261,2,0,WS/MP18264/2025-2026/220167;WS/MP18264/2026-2027/220186
CLUST-02262,2,0,WS/MP18265/2025-2026/222893;WS/MP18265/2025-2026/222894
CLUST-02263,2,0,WS/MP18267/2026-2027/300111;WS/MP18267/2026-2027/300123
CLUST-02264,2,0,WS/MP18267/2026-2027/300116;WS/MP18267/2026-2027/300118
CLUST-02265,2,0,WS/MP18271/2025-2026/167573;WS/MP18271/2025-2026/196965
CLUST-02266,2,0,WS/MP18272/2025-2026/222322;WS/MP18272/2025-2026/222324
CLUST-02267,2,0,WS/MP18276/2025-2026/184940;WS/MP18276/2025-2026/184941
CLUST-02268,2,0,WS/MP18276/2025-2026/184948;WS/MP18276/2025-2026/225453
CLUST-02269,2,0,WS/MP18276/2025-2026/184950;WS/MP18276/2025-2026/184963
CLUST-02270,2,0,WS/MP18276/2025-2026/184952;WS/MP18276/2025-2026/184953
CLUST-02271,2,0,WS/MP18276/2025-2026/184954;WS/MP18276/2025-2026/188851
CLUST-02272,2,0,WS/MP18276/2025-2026/184973;WS/MP18276/2025-2026/184974
CLUST-02273,2,0,WS/MP18276/2025-2026/184991;WS/MP18276/2025-2026/184994
CLUST-02274,2,0,WS/MP18276/2025-2026/184993;WS/MP18276/2025-2026/184995
CLUST-02275,2,0,WS/MP18276/2025-2026/185060;WS/MP18276/2025-2026/185061
CLUST-02276,2,0,WS/MP18276/2025-2026/185064;WS/MP18276/2025-2026/185065
CLUST-02277,2,0,WS/MP18276/2025-2026/188853;WS/MP18276/2025-2026/188854
CLUST-02278,2,0,WS/MP18276/2025-2026/193693;WS/MP18276/2025-2026/193694
CLUST-02279,2,0,WS/MP18276/2025-2026/225095;WS/MP18276/2025-2026/225096
CLUST-02280,2,0,WS/MP18276/2025-2026/256823;WS/MP18276/2025-2026/256824
CLUST-02281,2,0,WS/MP18276/2025-2026/256834;WS/MP18276/2025-2026/256836
CLUST-02282,2,0,WS/MP18276/2026-2027/267811;WS/MP18276/2026-2027/267820
CLUST-02283,2,0,WS/MP18276/2026-2027/267832;WS/MP18276/2026-2027/267833
CLUST-02284,2,0,WS/MP18276/2026-2027/267848;WS/MP18276/2026-2027/267849
CLUST-02285,2,0,WS/MP18276/2026-2027/267850;WS/MP18276/2026-2027/267851
CLUST-02286,2,0,WS/MP18276/2026-2027/280713;WS/MP18276/2026-2027/280714
CLUST-02287,2,0,WS/MP18278/2025-2026/210377;WS/MP18278/2025-2026/210378
CLUST-02288,2,0,WS/MP18278/2025-2026/210389;WS/MP18278/2025-2026/210537
CLUST-02289,2,0,WS/MP18278/2025-2026/210530;WS/MP18278/2025-2026/210531
CLUST-02290,2,0,WS/MP18278/2025-2026/220418;WS/MP18278/2025-2026/220426
CLUST-02291,2,0,WS/MP18278/2025-2026/224843;WS/MP18278/2025-2026/224844
CLUST-02292,2,0,WS/MP18278/2025-2026/224891;WS/MP18278/2025-2026/224892
CLUST-02293,2,0,WS/MP18278/2025-2026/225420;WS/MP18278/2025-2026/225421
CLUST-02294,2,0,WS/MP18278/2025-2026/246816;WS/MP18278/2025-2026/246817
CLUST-02295,2,0,WS/MP18278/2025-2026/248121;WS/MP18278/2025-2026/248122
CLUST-02296,2,0,WS/MP18278/2026-2027/282160;WS/MP18278/2026-2027/282188
CLUST-02297,2,0,WS/MP18278/2026-2027/282162;WS/MP18278/2026-2027/282164
CLUST-02298,2,0,WS/MP18278/2026-2027/282165;WS/MP18278/2026-2027/282187
CLUST-02299,2,0,WS/MP18280/2025-2026/186929;WS/MP18280/2025-2026/186933
CLUST-02300,2,0,WS/MP18280/2025-2026/186994;WS/MP18280/2025-2026/186998
CLUST-02301,2,0,WS/MP18305/2026-2027/286669;WS/MP18305/2026-2027/286677
CLUST-02302,2,0,WS/MP18309/2024-2025/155212;WS/MP18309/2024-2025/155216
CLUST-02303,2,0,WS/MP18309/2025-2026/183592;WS/MP18309/2025-2026/183593
CLUST-02304,2,0,WS/MP18310/2025-2026/240199;WS/MP18310/2025-2026/243170
CLUST-02305,2,0,WS/MP18310/2025-2026/240271;WS/MP18310/2025-2026/240407
CLUST-02306,2,0,WS/MP18310/2025-2026/240411;WS/MP18310/2025-2026/243176
CLUST-02307,2,0,WS/MP18310/2025-2026/240413;WS/MP18310/2025-2026/243179
CLUST-02308,2,0,WS/MP18310/2025-2026/243172;WS/MP18310/2025-2026/243173
CLUST-02309,2,0,WS/MP18311/2024-2025/141029;WS/MP18311/2024-2025/141037
CLUST-02310,2,0,WS/MP18311/2024-2025/142734;WS/MP18311/2024-2025/142736
CLUST-02311,2,0,WS/MP18311/2024-2025/156685;WS/MP18311/2024-2025/156687
CLUST-02312,2,0,WS/MP18311/2025-2026/183416;WS/MP18311/2025-2026/183457
CLUST-02313,2,0,WS/MP18311/2025-2026/219398;WS/MP18311/2025-2026/219401
CLUST-02314,2,0,WS/MP18311/2025-2026/219419;WS/MP18311/2025-2026/231203
CLUST-02315,2,0,WS/MP18311/2025-2026/219431;WS/MP18311/2025-2026/219450
CLUST-02316,2,0,WS/MP18311/2025-2026/229730;WS/MP18311/2025-2026/229731
CLUST-02317,2,0,WS/MP18311/2025-2026/234404;WS/MP18311/2025-2026/234424
CLUST-02318,2,0,WS/MP18311/2025-2026/234407;WS/MP18311/2025-2026/234408
CLUST-02319,2,0,WS/MP18311/2025-2026/234423;WS/MP18311/2025-2026/234431
CLUST-02320,2,0,WS/MP18311/2025-2026/255098;WS/MP18311/2025-2026/255968
CLUST-02321,2,0,WS/MP18311/2025-2026/255114;WS/MP18311/2025-2026/255116
CLUST-02322,2,0,WS/MP18311/2025-2026/255978;WS/MP18311/2025-2026/255982
CLUST-02323,2,0,WS/MP18311/2025-2026/257785;WS/MP18311/2025-2026/257786
CLUST-02324,2,0,WS/MP18311/2025-2026/257789;WS/MP18311/2025-2026/257791
CLUST-02325,2,0,WS/MP18311/2026-2027/277756;WS/MP18311/2026-2027/278255
CLUST-02326,2,0,WS/MP18311/2026-2027/280926;WS/MP18311/2026-2027/281037
CLUST-02327,2,0,WS/MP18311/2026-2027/280929;WS/MP18311/2026-2027/280931
CLUST-02328,2,0,WS/MP18311/2026-2027/280930;WS/MP18311/2026-2027/280933
CLUST-02329,2,0,WS/MP18311/2026-2027/287168;WS/MP18311/2026-2027/287201
CLUST-02330,2,0,WS/MP18312/2025-2026/211589;WS/MP18312/2025-2026/211594
CLUST-02331,2,0,WS/MP18312/2025-2026/224434;WS/MP18312/2025-2026/224440
CLUST-02332,2,0,WS/MP18314/2025-2026/208369;WS/MP18314/2025-2026/208370
CLUST-02333,2,0,WS/MP18314/2025-2026/208371;WS/MP18314/2025-2026/208372
CLUST-02334,2,0,WS/MP18314/2025-2026/208374;WS/MP18314/2025-2026/210019
CLUST-02335,2,0,WS/MP18314/2025-2026/208659;WS/MP18314/2025-2026/208660
CLUST-02336,2,0,WS/MP18314/2025-2026/208661;WS/MP18314/2025-2026/208662
CLUST-02337,2,0,WS/MP18314/2025-2026/219173;WS/MP18314/2025-2026/219174
CLUST-02338,2,0,WS/MP18314/2025-2026/219249;WS/MP18314/2025-2026/219250
CLUST-02339,2,0,WS/MP18314/2025-2026/219252;WS/MP18314/2025-2026/219254
CLUST-02340,2,0,WS/MP18314/2025-2026/219257;WS/MP18314/2025-2026/219258
CLUST-02341,2,0,WS/MP18314/2025-2026/219321;WS/MP18314/2025-2026/219324
CLUST-02342,2,0,WS/MP18314/2025-2026/219331;WS/MP18314/2025-2026/219334
CLUST-02343,2,0,WS/MP18314/2025-2026/219380;WS/MP18314/2025-2026/219381
CLUST-02344,2,0,WS/MP18314/2025-2026/219464;WS/MP18314/2025-2026/219470
CLUST-02345,2,0,WS/MP18314/2025-2026/219670;WS/MP18314/2025-2026/219674
CLUST-02346,2,0,WS/MP18314/2025-2026/219688;WS/MP18314/2025-2026/219692
CLUST-02347,2,0,WS/MP18314/2025-2026/242846;WS/MP18314/2025-2026/242847
CLUST-02348,2,0,WS/MP18314/2025-2026/242849;WS/MP18314/2025-2026/242850
CLUST-02349,2,0,WS/MP18314/2025-2026/261109;WS/MP18314/2025-2026/261113
CLUST-02350,2,0,WS/MP18314/2026-2027/288712;WS/MP18314/2026-2027/288713
CLUST-02351,2,0,WS/MP18321/2025-2026/187964;WS/MP18321/2025-2026/187965
CLUST-02352,2,0,WS/MP18321/2025-2026/254234;WS/MP18321/2025-2026/254236
CLUST-02353,2,0,WS/MP18322/2024-2025/183277;WS/MP18322/2024-2025/183295
CLUST-02354,2,0,WS/MP18322/2025-2026/183055;WS/MP18322/2025-2026/183057
CLUST-02355,2,0,WS/MP18322/2025-2026/183056;WS/MP18322/2025-2026/183070
CLUST-02356,2,0,WS/MP18322/2025-2026/183066;WS/MP18322/2025-2026/183075
CLUST-02357,2,0,WS/MP18322/2025-2026/183067;WS/MP18322/2025-2026/183068
CLUST-02358,2,0,WS/MP18322/2025-2026/183094;WS/MP18322/2025-2026/183096
CLUST-02359,2,0,WS/MP18322/2025-2026/193069;WS/MP18322/2025-2026/193302
CLUST-02360,2,0,WS/MP18322/2025-2026/193070;WS/MP18322/2025-2026/193311
CLUST-02361,2,0,WS/MP18322/2025-2026/193086;WS/MP18322/2025-2026/193305
CLUST-02362,2,0,WS/MP18322/2025-2026/193322;WS/MP18322/2025-2026/193324
CLUST-02363,2,0,WS/MP18322/2026-2027/284698;WS/MP18322/2026-2027/284699
CLUST-02364,2,0,WS/MP18323/2025-2026/181739;WS/MP18323/2025-2026/181753
CLUST-02365,2,0,WS/MP18323/2026-2027/144110;WS/MP18323/2026-2027/144111
CLUST-02366,2,0,WS/MP18325/2024-2025/156415;WS/MP18325/2024-2025/156417
CLUST-02367,2,0,WS/MP18325/2025-2026/228446;WS/MP18325/2025-2026/228447
CLUST-02368,2,0,WS/MP18328/2024-2025/138242;WS/MP18328/2024-2025/138243
CLUST-02369,2,0,WS/MP18328/2024-2025/148531;WS/MP18328/2024-2025/148543
CLUST-02370,2,0,WS/MP18328/2026-2027/273152;WS/MP18328/2026-2027/273153
CLUST-02371,2,0,WS/MP18335/2024-2025/150728;WS/MP18335/2024-2025/150730
CLUST-02372,2,0,WS/MP18335/2024-2025/150803;WS/MP18335/2024-2025/150814
CLUST-02373,2,0,WS/MP18335/2024-2025/151029;WS/MP18335/2024-2025/152936
CLUST-02374,2,0,WS/MP18335/2024-2025/152929;WS/MP18335/2024-2025/152934
CLUST-02375,2,0,WS/MP18335/2024-2025/152958;WS/MP18335/2024-2025/152959
CLUST-02376,2,0,WS/MP18335/2025-2026/207584;WS/MP18335/2025-2026/207585
CLUST-02377,2,0,WS/MP18335/2025-2026/207588;WS/MP18335/2025-2026/207590
CLUST-02378,2,0,WS/MP18335/2025-2026/210206;WS/MP18335/2025-2026/210207
CLUST-02379,2,0,WS/MP18335/2025-2026/210214;WS/MP18335/2025-2026/210223
CLUST-02380,2,0,WS/MP18335/2025-2026/214833;WS/MP18335/2025-2026/224548
CLUST-02381,2,0,WS/MP18336/2025-2026/221790;WS/MP18336/2025-2026/221791
CLUST-02382,2,0,WS/MP18336/2025-2026/269933;WS/MP18336/2025-2026/269934
CLUST-02383,2,0,WS/MP18337/2025-2026/196849;WS/MP18337/2025-2026/196868
CLUST-02384,2,0,WS/MP18337/2025-2026/210855;WS/MP18337/2025-2026/211419
CLUST-02385,2,0,WS/MP18337/2025-2026/211153;WS/MP18337/2025-2026/211154
CLUST-02386,2,0,WS/MP18337/2026-2027/216574;WS/MP18337/2026-2027/216578
CLUST-02387,2,0,WS/MP18338/2024-2025/148404;WS/MP18338/2024-2025/148405
CLUST-02388,2,0,WS/MP18338/2024-2025/148418;WS/MP18338/2024-2025/148419
CLUST-02389,2,0,WS/MP18338/2024-2025/148442;WS/MP18338/2024-2025/148444
CLUST-02390,2,0,WS/MP18338/2024-2025/148636;WS/MP18338/2024-2025/148639
CLUST-02391,2,0,WS/MP18338/2024-2025/149871;WS/MP18338/2024-2025/149892
CLUST-02392,2,0,WS/MP18338/2024-2025/149875;WS/MP18338/2024-2025/149878
CLUST-02393,2,0,WS/MP18338/2024-2025/152383;WS/MP18338/2024-2025/152551
CLUST-02394,2,0,WS/MP18338/2024-2025/152416;WS/MP18338/2024-2025/152417
CLUST-02395,2,0,WS/MP18338/2024-2025/152448;WS/MP18338/2024-2025/152449
CLUST-02396,2,0,WS/MP18338/2024-2025/152537;WS/MP18338/2024-2025/152540
CLUST-02397,2,0,WS/MP18338/2024-2025/156130;WS/MP18338/2024-2025/156133
CLUST-02398,2,0,WS/MP18338/2025-2026/151992;WS/MP18338/2025-2026/151994
CLUST-02399,2,0,WS/MP18338/2025-2026/152010;WS/MP18338/2025-2026/152011
CLUST-02400,2,0,WS/MP18338/2025-2026/157835;WS/MP18338/2025-2026/157841
CLUST-02401,2,0,WS/MP18338/2025-2026/177938;WS/MP18338/2025-2026/177939
CLUST-02402,2,0,WS/MP18338/2025-2026/233611;WS/MP18338/2025-2026/233612
CLUST-02403,2,0,WS/MP18338/2026-2027/284105;WS/MP18338/2026-2027/284109
CLUST-02404,2,0,WS/MP18344/2026-2027/301564;WS/MP18344/2026-2027/301599
CLUST-02405,2,0,WS/MP18345/2025-2026/216754;WS/MP18345/2025-2026/216755
CLUST-02406,2,0,WS/MP18345/2025-2026/256990;WS/MP18345/2025-2026/257084
CLUST-02407,2,0,WS/MP18346/2024-2025/162460;WS/MP18346/2024-2025/162461
CLUST-02408,2,0,WS/MP18346/2024-2025/162616;WS/MP18346/2024-2025/162617
CLUST-02409,2,0,WS/MP18350/2025-2026/273508;WS/MP18350/2025-2026/273509
CLUST-02410,2,0,WS/MP18350/2025-2026/274675;WS/MP18350/2025-2026/274676
CLUST-02411,2,0,WS/MP18351/2024-2025/160019;WS/MP18351/2024-2025/160020
CLUST-02412,2,0,WS/MP18351/2024-2025/160281;WS/MP18351/2024-2025/160282
CLUST-02413,2,0,WS/MP18351/2024-2025/161802;WS/MP18351/2024-2025/161803
CLUST-02414,2,0,WS/MP18351/2025-2026/213967;WS/MP18351/2025-2026/215181
CLUST-02415,2,0,WS/MP18351/2025-2026/215179;WS/MP18351/2025-2026/215180
CLUST-02416,2,0,WS/MP18351/2026-2027/272184;WS/MP18351/2026-2027/272185
CLUST-02417,2,0,WS/MP18351/2026-2027/279086;WS/MP18351/2026-2027/279087
CLUST-02418,2,0,WS/MP18351/2026-2027/280004;WS/MP18351/2026-2027/280006
CLUST-02419,2,0,WS/MP18354/2024-2025/161580;WS/MP18354/2024-2025/161596
CLUST-02420,2,0,WS/MP18354/2025-2026/209015;WS/MP18354/2025-2026/209022
CLUST-02421,2,0,WS/MP18354/2026-2027/272395;WS/MP18354/2026-2027/272400
CLUST-02422,2,0,WS/MP18354/2026-2027/272406;WS/MP18354/2026-2027/272450
CLUST-02423,2,0,WS/MP18355/2025-2026/158344;WS/MP18355/2025-2026/158345
CLUST-02424,2,0,WS/MP18355/2026-2027/257751;WS/MP18355/2026-2027/267655
CLUST-02425,2,0,WS/MP18355/2026-2027/270575;WS/MP18355/2026-2027/270576
CLUST-02426,2,0,WS/MP18357/2024-2025/159338;WS/MP18357/2024-2025/159339
CLUST-02427,2,0,WS/MP18357/2024-2025/168726;WS/MP18357/2025-2026/191783
CLUST-02428,2,0,WS/MP18357/2025-2026/177249;WS/MP18357/2025-2026/177250
CLUST-02429,2,0,WS/MP18358/2025-2026/187825;WS/MP18358/2025-2026/188016
CLUST-02430,2,0,WS/MP18358/2025-2026/220840;WS/MP18358/2025-2026/221119
CLUST-02431,2,0,WS/MP18358/2025-2026/248391;WS/MP18358/2025-2026/248401
CLUST-02432,2,0,WS/MP18358/2025-2026/248592;WS/MP18358/2025-2026/249519
CLUST-02433,2,0,WS/MP18358/2025-2026/249508;WS/MP18358/2025-2026/249510
CLUST-02434,2,0,WS/MP18358/2026-2027/249503;WS/MP18358/2026-2027/249504
CLUST-02435,2,0,WS/MP18367/2025-2026/198245;WS/MP18367/2025-2026/198246
CLUST-02436,2,0,WS/MP18372/2025-2026/221277;WS/MP18372/2025-2026/221278
CLUST-02437,2,0,WS/MP18372/2025-2026/221286;WS/MP18372/2025-2026/221287
CLUST-02438,2,0,WS/MP18372/2025-2026/221353;WS/MP18372/2025-2026/221354
CLUST-02439,2,0,WS/MP18372/2026-2027/270133;WS/MP18372/2026-2027/270139
CLUST-02440,2,0,WS/MP18372/2026-2027/287785;WS/MP18372/2026-2027/287787
CLUST-02441,2,0,WS/MP18375/2025-2026/187685;WS/MP18375/2025-2026/187688
CLUST-02442,2,0,WS/MP18375/2025-2026/187696;WS/MP18375/2025-2026/187698
CLUST-02443,2,0,WS/MP18375/2025-2026/187720;WS/MP18375/2025-2026/187721
CLUST-02444,2,0,WS/MP18375/2025-2026/187749;WS/MP18375/2025-2026/187755
CLUST-02445,2,0,WS/MP18375/2025-2026/187752;WS/MP18375/2025-2026/187753
CLUST-02446,2,0,WS/MP18375/2025-2026/187759;WS/MP18375/2025-2026/187760
CLUST-02447,2,0,WS/MP18375/2025-2026/187764;WS/MP18375/2025-2026/187765
CLUST-02448,2,0,WS/MP18375/2025-2026/187771;WS/MP18375/2025-2026/187772
CLUST-02449,2,0,WS/MP18375/2025-2026/187778;WS/MP18375/2025-2026/187779
CLUST-02450,2,0,WS/MP18376/2026-2027/232620;WS/MP18376/2026-2027/232633
CLUST-02451,2,0,WS/MP18376/2026-2027/232628;WS/MP18376/2026-2027/232634
CLUST-02452,2,0,WS/MP18377/2024-2025/152273;WS/MP18377/2024-2025/152278
CLUST-02453,2,0,WS/MP18379/2025-2026/188782;WS/MP18379/2025-2026/188783
CLUST-02454,2,0,WS/MP18379/2025-2026/204156;WS/MP18379/2025-2026/204157
CLUST-02455,2,0,WS/MP18379/2025-2026/252891;WS/MP18379/2026-2027/251193
CLUST-02456,2,0,WS/MP18379/2026-2027/288167;WS/MP18379/2026-2027/288168
CLUST-02457,2,0,WS/MP18380/2024-2025/144080;WS/MP18380/2024-2025/144081
CLUST-02458,2,0,WS/MP18380/2025-2026/184717;WS/MP18380/2025-2026/184726
CLUST-02459,2,0,WS/MP18384/2025-2026/241499;WS/MP18384/2025-2026/241500
CLUST-02460,2,0,WS/MP18384/2026-2027/300857;WS/MP18384/2026-2027/300858
CLUST-02461,2,0,WS/MP18386/2026-2027/281924;WS/MP18386/2026-2027/281925
CLUST-02462,2,0,WS/MP18388/2025-2026/196271;WS/MP18388/2025-2026/196273
CLUST-02463,2,0,WS/MP18388/2026-2027/280949;WS/MP18388/2026-2027/280950
CLUST-02464,2,0,WS/MP18389/2025-2026/231097;WS/MP18389/2025-2026/231098
CLUST-02465,2,0,WS/MP18389/2025-2026/238594;WS/MP18389/2025-2026/238595
CLUST-02466,2,0,WS/MP18389/2025-2026/260391;WS/MP18389/2025-2026/260392
CLUST-02467,2,0,WS/MP18389/2026-2027/161125;WS/MP18389/2026-2027/161126
CLUST-02468,2,0,WS/MP18390/2025-2026/174041;WS/MP18390/2025-2026/174042
CLUST-02469,2,0,WS/MP18390/2026-2027/201668;WS/MP18390/2026-2027/201670
CLUST-02470,2,0,WS/MP18390/2026-2027/266276;WS/MP18390/2026-2027/270186
CLUST-02471,2,0,WS/MP18390/2026-2027/266290;WS/MP18390/2026-2027/266292
CLUST-02472,2,0,WS/MP18390/2026-2027/267076;WS/MP18390/2026-2027/268424
CLUST-02473,2,0,WS/MP18390/2026-2027/268423;WS/MP18390/2026-2027/270187
CLUST-02474,2,0,WS/MP18391/2024-2025/140296;WS/MP18391/2024-2025/140300
CLUST-02475,2,0,WS/MP18391/2024-2025/140321;WS/MP18391/2024-2025/140322
CLUST-02476,2,0,WS/MP18393/2025-2026/152027;WS/MP18393/2025-2026/152028
CLUST-02477,2,0,WS/MP18393/2025-2026/186210;WS/MP18393/2025-2026/186237
CLUST-02478,2,0,WS/MP18393/2026-2027/169148;WS/MP18393/2026-2027/169149
CLUST-02479,2,0,WS/MP18394/2024-2025/151345;WS/MP18394/2024-2025/151346
CLUST-02480,2,0,WS/MP18394/2024-2025/151353;WS/MP18394/2024-2025/151354
CLUST-02481,2,0,WS/MP18394/2024-2025/151368;WS/MP18394/2024-2025/151369
CLUST-02482,2,0,WS/MP18394/2025-2026/151361;WS/MP18394/2025-2026/151362
CLUST-02483,2,0,WS/MP18394/2025-2026/254708;WS/MP18394/2025-2026/254712
CLUST-02484,2,0,WS/MP18394/2025-2026/254716;WS/MP18394/2025-2026/254717
CLUST-02485,2,0,WS/MP18394/2025-2026/254733;WS/MP18394/2025-2026/254734
CLUST-02486,2,0,WS/MP18394/2025-2026/259864;WS/MP18394/2025-2026/259865
CLUST-02487,2,0,WS/MP18394/2026-2027/294200;WS/MP18394/2026-2027/294201
CLUST-02488,2,0,WS/MP18395/2025-2026/182657;WS/MP18395/2025-2026/182658
CLUST-02489,2,0,WS/MP18396/2024-2025/145977;WS/MP18396/2024-2025/145981
CLUST-02490,2,0,WS/MP18396/2025-2026/200911;WS/MP18396/2025-2026/200912
CLUST-02491,2,0,WS/MP18396/2025-2026/200948;WS/MP18396/2025-2026/200949
CLUST-02492,2,0,WS/MP18396/2025-2026/200950;WS/MP18396/2025-2026/200951
CLUST-02493,2,0,WS/MP18396/2025-2026/203715;WS/MP18396/2025-2026/203716
CLUST-02494,2,0,WS/MP18396/2025-2026/203717;WS/MP18396/2025-2026/203718
CLUST-02495,2,0,WS/MP18396/2025-2026/203719;WS/MP18396/2025-2026/203720
CLUST-02496,2,0,WS/MP18396/2025-2026/234929;WS/MP18396/2025-2026/234931
CLUST-02497,2,0,WS/MP18396/2025-2026/235106;WS/MP18396/2025-2026/235107
CLUST-02498,2,0,WS/MP18396/2025-2026/235108;WS/MP18396/2025-2026/235109
CLUST-02499,2,0,WS/MP18396/2026-2027/291824;WS/MP18396/2026-2027/293410
CLUST-02500,2,0,WS/MP18397/2025-2026/189574;WS/MP18397/2025-2026/194995
CLUST-02501,2,0,WS/MP18397/2025-2026/189801;WS/MP18397/2025-2026/189805
CLUST-02502,2,0,WS/MP18397/2025-2026/246162;WS/MP18397/2025-2026/246189
CLUST-02503,2,0,WS/MP18397/2026-2027/264762;WS/MP18397/2026-2027/266758
CLUST-02504,2,0,WS/MP18397/2026-2027/275687;WS/MP18397/2026-2027/275699
CLUST-02505,2,0,WS/MP18398/2025-2026/259931;WS/MP18398/2025-2026/259932
CLUST-02506,2,0,WS/MP18399/2025-2026/176856;WS/MP18399/2025-2026/176858
CLUST-02507,2,0,WS/MP18399/2025-2026/236889;WS/MP18399/2025-2026/236926
CLUST-02508,2,0,WS/MP18399/2026-2027/302016;WS/MP18399/2026-2027/302026
CLUST-02509,2,0,WS/MP18400/2026-2027/283145;WS/MP18400/2026-2027/283147
CLUST-02510,2,0,WS/MP18404/2024-2025/176453;WS/MP18404/2024-2025/176454
CLUST-02511,2,0,WS/MP18404/2024-2025/176459;WS/MP18404/2024-2025/176543
CLUST-02512,2,0,WS/MP18404/2025-2026/268188;WS/MP18404/2025-2026/268201
CLUST-02513,2,0,WS/MP18404/2025-2026/268390;WS/MP18404/2025-2026/268391
CLUST-02514,2,0,WS/MP18404/2025-2026/268409;WS/MP18404/2025-2026/268412
CLUST-02515,2,0,WS/MP18429/2026-2027/247111;WS/MP18429/2026-2027/247113
CLUST-02516,2,0,WS/MP241/2026-2027/204506;WS/MP241/2026-2027/204507
CLUST-02517,2,0,WS/MP243/2026-2027/141149;WS/MP243/2026-2027/141150
CLUST-02518,2,0,WS/MP243/2026-2027/165691;WS/MP243/2026-2027/165693
CLUST-02519,2,0,WS/MP244/2026-2027/255783;WS/MP244/2026-2027/257049
CLUST-02520,2,0,WS/MP249/2025-2026/166906;WS/MP249/2025-2026/166907
CLUST-02521,2,0,WS/MP249/2025-2026/166912;WS/MP249/2025-2026/166915
CLUST-02522,2,0,WS/MP249/2025-2026/173399;WS/MP249/2025-2026/173400
CLUST-02523,2,0,WS/MP249/2025-2026/186396;WS/MP249/2025-2026/186406
CLUST-02524,2,0,WS/MP249/2025-2026/207853;WS/MP249/2025-2026/207854
CLUST-02525,2,0,WS/MP249/2025-2026/207856;WS/MP249/2025-2026/207857
CLUST-02526,2,0,WS/MP249/2025-2026/207864;WS/MP249/2025-2026/207869
CLUST-02527,2,0,WS/MP300/2024-2025/160115;WS/MP300/2024-2025/160116
CLUST-02528,2,0,WS/MP300/2024-2025/160816;WS/MP300/2024-2025/160817
CLUST-02529,2,0,WS/MP300/2024-2025/171025;WS/MP300/2024-2025/171026
CLUST-02530,2,0,WS/MP300/2025-2026/157041;WS/MP300/2025-2026/157042
CLUST-02531,2,0,WS/MP300/2025-2026/157090;WS/MP300/2025-2026/157094
CLUST-02532,2,0,WS/MP300/2025-2026/160829;WS/MP300/2025-2026/160832
CLUST-02533,2,0,WS/MP300/2025-2026/160835;WS/MP300/2025-2026/160836
CLUST-02534,2,0,WS/MP313/2024-2025/138683;WS/MP313/2024-2025/151253
CLUST-02535,2,0,WS/MP313/2025-2026/225925;WS/MP313/2025-2026/225929
CLUST-02536,2,0,WS/MP313/2026-2027/309117;WS/MP313/2026-2027/309118
CLUST-02537,2,0,WS/MP317/2024-2025/145098;WS/MP317/2024-2025/145371
CLUST-02538,2,0,WS/MP317/2025-2026/218824;WS/MP317/2025-2026/218826
CLUST-02539,2,0,WS/MP317/2026-2027/297175;WS/MP317/2026-2027/297176
CLUST-02540,2,0,WS/MP319/2024-2025/145933;WS/MP319/2024-2025/145940
CLUST-02541,2,0,WS/MP319/2024-2025/145962;WS/MP319/2024-2025/145965
CLUST-02542,2,0,WS/MP319/2025-2026/211693;WS/MP319/2025-2026/212098
CLUST-02543,2,0,WS/MP319/2025-2026/220653;WS/MP319/2025-2026/220654
CLUST-02544,2,0,WS/MP319/2025-2026/220666;WS/MP319/2025-2026/220685
CLUST-02545,2,0,WS/MP319/2026-2027/236582;WS/MP319/2026-2027/255485
CLUST-02546,2,0,WS/MP319/2026-2027/281523;WS/MP319/2026-2027/281524
CLUST-02547,2,0,WS/MP319/2026-2027/281526;WS/MP319/2026-2027/281530
CLUST-02548,2,0,WS/MP323/2025-2026/180052;WS/MP323/2025-2026/180053
CLUST-02549,2,0,WS/MP323/2025-2026/180054;WS/MP323/2025-2026/180064
CLUST-02550,2,0,WS/MP323/2025-2026/188641;WS/MP323/2025-2026/188645
CLUST-02551,2,0,WS/MP324/2025-2026/184174;WS/MP324/2025-2026/184176
CLUST-02552,2,0,WS/MP324/2026-2027/227796;WS/MP324/2026-2027/227806
CLUST-02553,2,0,WS/MP324/2026-2027/227800;WS/MP324/2026-2027/227801
CLUST-02554,2,0,WS/MP324/2026-2027/227802;WS/MP324/2026-2027/227805
CLUST-02555,2,0,WS/MP324/2026-2027/279255;WS/MP324/2026-2027/279257
CLUST-02556,2,0,WS/MP324/2026-2027/279264;WS/MP324/2026-2027/279265
CLUST-02557,2,0,WS/MP324/2026-2027/279473;WS/MP324/2026-2027/279474
CLUST-02558,2,0,WS/MP324/2026-2027/279855;WS/MP324/2026-2027/279858
CLUST-02559,2,0,WS/MP329/2025-2026/189737;WS/MP329/2025-2026/189738
CLUST-02560,2,0,WS/MP329/2025-2026/189740;WS/MP329/2025-2026/189741
CLUST-02561,2,0,WS/MP329/2025-2026/240721;WS/MP329/2025-2026/240722
CLUST-02562,2,0,WS/MP329/2025-2026/255635;WS/MP329/2025-2026/255636
CLUST-02563,2,0,WS/MP329/2026-2027/275197;WS/MP329/2026-2027/275199
CLUST-02564,2,0,WS/MP329/2026-2027/279154;WS/MP329/2026-2027/292551
CLUST-02565,2,0,WS/MP331/2025-2026/256140;WS/MP331/2025-2026/256141
CLUST-02566,2,0,WS/MP334/2024-2025/136585;WS/MP334/2024-2025/136589
CLUST-02567,2,0,WS/MP334/2024-2025/139108;WS/MP334/2024-2025/139136
CLUST-02568,2,0,WS/MP334/2024-2025/139114;WS/MP334/2024-2025/139115
CLUST-02569,2,0,WS/MP334/2024-2025/139181;WS/MP334/2024-2025/139223
CLUST-02570,2,0,WS/MP334/2024-2025/139184;WS/MP334/2024-2025/139187
CLUST-02571,2,0,WS/MP334/2024-2025/139185;WS/MP334/2024-2025/139216
CLUST-02572,2,0,WS/MP334/2024-2025/139263;WS/MP334/2024-2025/139264
CLUST-02573,2,0,WS/MP334/2024-2025/139288;WS/MP334/2024-2025/139289
CLUST-02574,2,0,WS/MP334/2024-2025/139312;WS/MP334/2024-2025/139323
CLUST-02575,2,0,WS/MP334/2024-2025/139319;WS/MP334/2024-2025/139321
CLUST-02576,2,0,WS/MP334/2024-2025/139380;WS/MP334/2024-2025/139382
CLUST-02577,2,0,WS/MP334/2024-2025/139464;WS/MP334/2024-2025/139466
CLUST-02578,2,0,WS/MP334/2024-2025/139469;WS/MP334/2024-2025/139470
CLUST-02579,2,0,WS/MP334/2024-2025/139755;WS/MP334/2024-2025/139756
CLUST-02580,2,0,WS/MP334/2024-2025/139760;WS/MP334/2024-2025/139764
CLUST-02581,2,0,WS/MP334/2024-2025/139873;WS/MP334/2024-2025/139876
CLUST-02582,2,0,WS/MP334/2024-2025/139874;WS/MP334/2024-2025/139875
CLUST-02583,2,0,WS/MP334/2024-2025/139901;WS/MP334/2024-2025/139902
CLUST-02584,2,0,WS/MP334/2024-2025/139904;WS/MP334/2024-2025/139905
CLUST-02585,2,0,WS/MP334/2024-2025/139914;WS/MP334/2024-2025/139919
CLUST-02586,2,0,WS/MP334/2024-2025/139929;WS/MP334/2024-2025/139930
CLUST-02587,2,0,WS/MP334/2024-2025/140260;WS/MP334/2024-2025/140267
CLUST-02588,2,0,WS/MP334/2024-2025/140277;WS/MP334/2024-2025/140288
CLUST-02589,2,0,WS/MP334/2024-2025/141878;WS/MP334/2024-2025/141879
CLUST-02590,2,0,WS/MP334/2025-2026/201875;WS/MP334/2025-2026/201881
CLUST-02591,2,0,WS/MP334/2025-2026/208131;WS/MP334/2025-2026/208132
CLUST-02592,2,0,WS/MP337/2025-2026/245729;WS/MP337/2025-2026/245730
CLUST-02593,2,0,WS/MP337/2026-2027/245951;WS/MP337/2026-2027/245952
CLUST-02594,2,0,WS/MP341/2024-2025/141426;WS/MP341/2024-2025/141427
CLUST-02595,2,0,WS/MP341/2025-2026/213191;WS/MP341/2025-2026/213193
CLUST-02596,2,0,WS/MP341/2025-2026/228237;WS/MP341/2025-2026/228239
CLUST-02597,2,0,WS/MP341/2026-2027/250322;WS/MP341/2026-2027/250323
CLUST-02598,2,0,WS/MP346/2024-2025/181303;WS/MP346/2024-2025/181304
CLUST-02599,2,0,WS/MP346/2025-2026/184036;WS/MP346/2025-2026/184039
CLUST-02600,2,0,WS/MP346/2025-2026/245823;WS/MP346/2025-2026/245827
CLUST-02601,2,0,WS/MP346/2025-2026/245851;WS/MP346/2025-2026/245859
CLUST-02602,2,0,WS/MP346/2025-2026/246681;WS/MP346/2025-2026/246682
CLUST-02603,2,0,WS/MP350/2025-2026/227914;WS/MP350/2025-2026/227916
CLUST-02604,2,0,WS/MP350/2026-2027/287451;WS/MP350/2026-2027/314987
CLUST-02605,2,0,WS/MP350/2026-2027/313893;WS/MP350/2026-2027/313895
CLUST-02606,2,0,WS/MP350/2026-2027/314991;WS/MP350/2026-2027/314992
CLUST-02607,2,0,WS/MP350/2026-2027/314993;WS/MP350/2026-2027/314994
CLUST-02608,2,0,WS/MP351/2025-2026/146784;WS/MP351/2025-2026/146785
CLUST-02609,2,0,WS/MP351/2025-2026/149227;WS/MP351/2025-2026/149229
CLUST-02610,2,0,WS/MP351/2025-2026/157124;WS/MP351/2025-2026/157125
CLUST-02611,2,0,WS/MP351/2025-2026/232222;WS/MP351/2025-2026/243033
CLUST-02612,2,0,WS/MP353/2024-2025/144751;WS/MP353/2024-2025/144753
CLUST-02613,2,0,WS/MP356/2024-2025/140602;WS/MP356/2024-2025/140603
CLUST-02614,2,0,WS/MP356/2025-2026/156433;WS/MP356/2025-2026/210797
CLUST-02615,2,0,WS/MP356/2025-2026/194344;WS/MP356/2025-2026/244917
CLUST-02616,2,0,WS/MP356/2025-2026/210796;WS/MP356/2025-2026/225529
CLUST-02617,2,0,WS/MP356/2025-2026/225534;WS/MP356/2025-2026/225536
CLUST-02618,2,0,WS/MP356/2025-2026/225550;WS/MP356/2025-2026/236563
CLUST-02619,2,0,WS/MP356/2025-2026/254488;WS/MP356/2025-2026/254490
CLUST-02620,2,0,WS/MP356/2025-2026/259438;WS/MP356/2025-2026/259439
CLUST-02621,2,0,WS/MP356/2026-2027/233299;WS/MP356/2026-2027/233300
CLUST-02622,2,0,WS/MP356/2026-2027/244955;WS/MP356/2026-2027/283746
CLUST-02623,2,0,WS/MP356/2026-2027/284075;WS/MP356/2026-2027/284080
CLUST-02624,2,0,WS/MP360/2025-2026/185320;WS/MP360/2025-2026/185915
CLUST-02625,2,0,WS/MP370/2024-2025/140197;WS/MP370/2024-2025/140203
CLUST-02626,2,0,WS/MP370/2024-2025/140207;WS/MP370/2024-2025/140209
CLUST-02627,2,0,WS/MP372/2025-2026/185501;WS/MP372/2025-2026/185502
CLUST-02628,2,0,WS/MP372/2025-2026/207884;WS/MP372/2025-2026/208019
CLUST-02629,2,0,WS/MP372/2026-2027/291265;WS/MP372/2026-2027/291278
CLUST-02630,2,0,WS/MP372/2026-2027/291293;WS/MP372/2026-2027/291310
CLUST-02631,2,0,WS/MP372/2026-2027/291307;WS/MP372/2026-2027/291308
CLUST-02632,2,0,WS/MP373/2025-2026/199249;WS/MP373/2025-2026/199251
CLUST-02633,2,0,WS/MP373/2025-2026/202335;WS/MP373/2025-2026/202336
CLUST-02634,2,0,WS/MP373/2025-2026/250105;WS/MP373/2025-2026/250113
CLUST-02635,2,0,WS/MP373/2026-2027/275789;WS/MP373/2026-2027/275802
CLUST-02636,2,0,WS/MP380/2025-2026/192904;WS/MP380/2025-2026/192907
CLUST-02637,2,0,WS/MP380/2025-2026/200955;WS/MP380/2025-2026/200956
CLUST-02638,2,0,WS/MP380/2025-2026/209163;WS/MP380/2025-2026/209164
CLUST-02639,2,0,WS/MP380/2025-2026/225128;WS/MP380/2025-2026/225134
CLUST-02640,2,0,WS/MP380/2025-2026/225129;WS/MP380/2025-2026/225132
CLUST-02641,2,0,WS/MP380/2025-2026/243210;WS/MP380/2025-2026/243215
CLUST-02642,2,0,WS/MP380/2025-2026/243211;WS/MP380/2025-2026/243213
CLUST-02643,2,0,WS/MP380/2025-2026/244812;WS/MP380/2025-2026/244813
CLUST-02644,2,0,WS/MP380/2026-2027/272208;WS/MP380/2026-2027/272212
CLUST-02645,2,0,WS/MP380/2026-2027/273251;WS/MP380/2026-2027/273252
CLUST-02646,2,0,WS/MP380/2026-2027/279193;WS/MP380/2026-2027/279200
CLUST-02647,2,0,WS/MP380/2026-2027/294944;WS/MP380/2026-2027/294954
CLUST-02648,2,0,WS/MP380/2026-2027/294946;WS/MP380/2026-2027/297059
CLUST-02649,2,0,WS/MP380/2026-2027/294957;WS/MP380/2026-2027/294962
CLUST-02650,2,0,WS/MP380/2026-2027/294958;WS/MP380/2026-2027/294960
CLUST-02651,2,0,WS/MP380/2026-2027/297052;WS/MP380/2026-2027/297061
CLUST-02652,2,0,WS/MP380/2026-2027/301109;WS/MP380/2026-2027/301113
CLUST-02653,2,0,WS/MP381/2024-2025/153006;WS/MP381/2024-2025/153012
CLUST-02654,2,0,WS/MP381/2024-2025/164558;WS/MP381/2024-2025/164564
CLUST-02655,2,0,WS/MP381/2025-2026/184097;WS/MP381/2025-2026/184594
CLUST-02656,2,0,WS/MP381/2025-2026/203295;WS/MP381/2025-2026/204124
CLUST-02657,2,0,WS/MP381/2025-2026/227969;WS/MP381/2025-2026/227977
CLUST-02658,2,0,WS/MP381/2025-2026/228367;WS/MP381/2025-2026/228368
CLUST-02659,2,0,WS/MP381/2025-2026/228370;WS/MP381/2025-2026/228380
CLUST-02660,2,0,WS/MP381/2025-2026/254096;WS/MP381/2026-2027/275273
CLUST-02661,2,0,WS/MP381/2025-2026/257663;WS/MP381/2025-2026/257684
CLUST-02662,2,0,WS/MP381/2026-2027/275246;WS/MP381/2026-2027/275558
CLUST-02663,2,0,WS/MP381/2026-2027/275280;WS/MP381/2026-2027/275555
CLUST-02664,2,0,WS/MP381/2026-2027/276612;WS/MP381/2026-2027/278571
CLUST-02665,2,0,WS/MP381/2026-2027/277308;WS/MP381/2026-2027/277310
CLUST-02666,2,0,WS/MP386/2024-2025/142526;WS/MP386/2024-2025/142536
CLUST-02667,2,0,WS/MP386/2026-2027/243830;WS/MP386/2026-2027/243832
CLUST-02668,2,0,WS/MP389/2025-2026/213850;WS/MP389/2025-2026/213853
CLUST-02669,2,0,WS/MP393/2025-2026/220274;WS/MP393/2025-2026/221337
CLUST-02670,2,0,WS/MP405/2026-2027/274564;WS/MP405/2026-2027/274566
CLUST-02671,2,0,WS/MP410/2025-2026/148375;WS/MP410/2025-2026/148376
CLUST-02672,2,0,WS/MP410/2025-2026/252033;WS/MP410/2025-2026/252034
CLUST-02673,2,0,WS/MP413/2026-2027/291588;WS/MP413/2026-2027/291595
CLUST-02674,2,0,WS/MP414/2025-2026/239917;WS/MP414/2025-2026/239918
CLUST-02675,2,0,WS/MP416/2024-2025/156879;WS/MP416/2024-2025/156880
CLUST-02676,2,0,WS/MP416/2026-2027/258648;WS/MP416/2026-2027/260104
CLUST-02677,2,0,WS/MP418/2024-2025/153937;WS/MP418/2024-2025/153938
CLUST-02678,2,0,WS/MP418/2025-2026/195021;WS/MP418/2025-2026/195022
CLUST-02679,2,0,WS/MP422/2025-2026/192689;WS/MP422/2025-2026/192690
CLUST-02680,2,0,WS/MP422/2025-2026/194365;WS/MP422/2025-2026/194366
CLUST-02681,2,0,WS/MP423/2025-2026/193495;WS/MP423/2025-2026/193541
CLUST-02682,2,0,WS/MP423/2025-2026/196528;WS/MP423/2025-2026/196531
CLUST-02683,2,0,WS/MP423/2025-2026/201067;WS/MP423/2025-2026/201072
CLUST-02684,2,0,WS/MP423/2025-2026/202519;WS/MP423/2025-2026/202520
CLUST-02685,2,0,WS/MP423/2025-2026/221967;WS/MP423/2025-2026/221968
CLUST-02686,2,0,WS/MP423/2026-2027/275710;WS/MP423/2026-2027/281633
CLUST-02687,2,0,WS/MP428/2024-2025/156722;WS/MP428/2024-2025/160501
CLUST-02688,2,0,WS/MP428/2025-2026/239147;WS/MP428/2025-2026/239148
CLUST-02689,2,0,WS/MP428/2025-2026/250651;WS/MP428/2025-2026/250652
CLUST-02690,2,0,WS/MP428/2025-2026/250657;WS/MP428/2025-2026/250658
CLUST-02691,2,0,WS/MP428/2025-2026/257597;WS/MP428/2025-2026/257598
CLUST-02692,2,0,WS/MP429/2024-2025/140541;WS/MP429/2024-2025/140542
CLUST-02693,2,0,WS/MP429/2024-2025/143878;WS/MP429/2024-2025/143880
CLUST-02694,2,0,WS/MP429/2024-2025/151727;WS/MP429/2024-2025/151728
CLUST-02695,2,0,WS/MP429/2025-2026/205674;WS/MP429/2025-2026/205675
CLUST-02696,2,0,WS/MP429/2025-2026/229052;WS/MP429/2025-2026/229053
CLUST-02697,2,0,WS/MP429/2025-2026/242636;WS/MP429/2025-2026/242637
CLUST-02698,2,0,WS/MP429/2025-2026/242638;WS/MP429/2025-2026/242639
CLUST-02699,2,0,WS/MP429/2025-2026/242640;WS/MP429/2025-2026/242641
CLUST-02700,2,0,WS/MP429/2025-2026/260207;WS/MP429/2025-2026/260208
CLUST-02701,2,0,WS/MP429/2026-2027/270255;WS/MP429/2026-2027/270256
CLUST-02702,2,0,WS/MP429/2026-2027/295384;WS/MP429/2026-2027/295385
CLUST-02703,2,0,WS/MP429/2026-2027/295401;WS/MP429/2026-2027/295402
CLUST-02704,2,0,WS/MP429/2026-2027/296049;WS/MP429/2026-2027/296050
CLUST-02705,2,0,WS/MP433/2026-2027/182116;WS/MP433/2026-2027/182117
CLUST-02706,2,0,WS/MP437/2025-2026/183830;WS/MP437/2025-2026/190592
CLUST-02707,2,0,WS/MP437/2025-2026/186514;WS/MP437/2025-2026/186515
CLUST-02708,2,0,WS/MP437/2026-2027/281292;WS/MP437/2026-2027/281999
CLUST-02709,2,0,WS/MP443/2024-2025/138723;WS/MP443/2024-2025/138725
CLUST-02710,2,0,WS/MP443/2025-2026/142901;WS/MP443/2025-2026/142902
CLUST-02711,2,0,WS/MP443/2025-2026/237266;WS/MP443/2025-2026/237267
CLUST-02712,2,0,WS/MP443/2025-2026/255673;WS/MP443/2025-2026/255674
CLUST-02713,2,0,WS/MP443/2026-2027/286976;WS/MP443/2026-2027/286977
CLUST-02714,2,0,WS/MP443/2026-2027/286978;WS/MP443/2026-2027/286979
CLUST-02715,2,0,WS/MP443/2026-2027/287328;WS/MP443/2026-2027/287329
CLUST-02716,2,0,WS/MP444/2024-2025/145910;WS/MP444/2024-2025/145920
CLUST-02717,2,0,WS/MP444/2024-2025/145943;WS/MP444/2024-2025/145944
CLUST-02718,2,0,WS/MP444/2024-2025/145947;WS/MP444/2024-2025/145948
CLUST-02719,2,0,WS/MP444/2024-2025/146163;WS/MP444/2024-2025/146164
CLUST-02720,2,0,WS/MP444/2024-2025/146249;WS/MP444/2024-2025/146250
CLUST-02721,2,0,WS/MP444/2024-2025/146255;WS/MP444/2024-2025/146256
CLUST-02722,2,0,WS/MP444/2024-2025/146484;WS/MP444/2024-2025/146491
CLUST-02723,2,0,WS/MP444/2024-2025/146485;WS/MP444/2024-2025/146486
CLUST-02724,2,0,WS/MP444/2024-2025/146523;WS/MP444/2024-2025/146524
CLUST-02725,2,0,WS/MP444/2024-2025/165415;WS/MP444/2024-2025/165416
CLUST-02726,2,0,WS/MP444/2025-2026/240811;WS/MP444/2025-2026/240812
CLUST-02727,2,0,WS/MP444/2026-2027/282323;WS/MP444/2026-2027/282324
CLUST-02728,2,0,WS/MP444/2026-2027/282325;WS/MP444/2026-2027/282326
CLUST-02729,2,0,WS/MP444/2026-2027/290773;WS/MP444/2026-2027/290774
CLUST-02730,2,0,WS/MP446/2026-2027/288491;WS/MP446/2026-2027/288508
CLUST-02731,2,0,WS/MP446/2026-2027/288510;WS/MP446/2026-2027/288513
CLUST-02732,2,0,WS/MP453/2024-2025/153885;WS/MP453/2024-2025/153886
CLUST-02733,2,0,WS/MP453/2024-2025/153893;WS/MP453/2024-2025/153895
CLUST-02734,2,0,WS/MP453/2025-2026/207949;WS/MP453/2025-2026/207953
CLUST-02735,2,0,WS/MP453/2025-2026/207955;WS/MP453/2025-2026/207956
CLUST-02736,2,0,WS/MP453/2025-2026/208100;WS/MP453/2025-2026/208101
CLUST-02737,2,0,WS/MP453/2025-2026/208415;WS/MP453/2025-2026/208416
CLUST-02738,2,0,WS/MP453/2025-2026/234150;WS/MP453/2025-2026/234151
CLUST-02739,2,0,WS/MP453/2025-2026/234698;WS/MP453/2025-2026/234699
CLUST-02740,2,0,WS/MP453/2025-2026/245476;WS/MP453/2025-2026/245477
CLUST-02741,2,0,WS/MP453/2026-2027/245435;WS/MP453/2026-2027/245436
CLUST-02742,2,0,WS/MP453/2026-2027/245506;WS/MP453/2026-2027/245507
CLUST-02743,2,0,WS/MP453/2026-2027/264394;WS/MP453/2026-2027/264395
CLUST-02744,2,0,WS/MP453/2026-2027/264398;WS/MP453/2026-2027/264399
CLUST-02745,2,0,WS/MP453/2026-2027/264442;WS/MP453/2026-2027/264443
CLUST-02746,2,0,WS/MP453/2026-2027/270688;WS/MP453/2026-2027/270689
CLUST-02747,2,0,WS/MP453/2026-2027/278271;WS/MP453/2026-2027/278272
CLUST-02748,2,0,WS/MP457/2024-2025/178782;WS/MP457/2024-2025/178796
CLUST-02749,2,0,WS/MP457/2024-2025/178783;WS/MP457/2024-2025/178792
CLUST-02750,2,0,WS/MP457/2024-2025/178789;WS/MP457/2024-2025/178790
CLUST-02751,2,0,WS/MP457/2025-2026/181993;WS/MP457/2025-2026/181994
CLUST-02752,2,0,WS/MP457/2025-2026/201160;WS/MP457/2025-2026/201165
CLUST-02753,2,0,WS/MP457/2025-2026/201166;WS/MP457/2025-2026/201167
CLUST-02754,2,0,WS/MP457/2025-2026/217274;WS/MP457/2025-2026/217275
CLUST-02755,2,0,WS/MP457/2025-2026/235167;WS/MP457/2025-2026/235168
CLUST-02756,2,0,WS/MP457/2025-2026/235178;WS/MP457/2025-2026/235180
CLUST-02757,2,0,WS/MP457/2025-2026/253544;WS/MP457/2025-2026/253545
CLUST-02758,2,0,WS/MP457/2025-2026/253546;WS/MP457/2025-2026/253547
CLUST-02759,2,0,WS/MP457/2025-2026/253548;WS/MP457/2025-2026/253551
CLUST-02760,2,0,WS/MP457/2025-2026/258848;WS/MP457/2025-2026/258849
CLUST-02761,2,0,WS/MP457/2025-2026/258853;WS/MP457/2025-2026/258854
CLUST-02762,2,0,WS/MP468/2024-2025/186250;WS/MP468/2024-2025/186251
CLUST-02763,2,0,WS/MP468/2024-2025/186257;WS/MP468/2024-2025/186258
CLUST-02764,2,0,WS/MP468/2025-2026/196355;WS/MP468/2025-2026/196356
CLUST-02765,2,0,WS/MP468/2025-2026/260359;WS/MP468/2025-2026/260360
CLUST-02766,2,0,WS/MP468/2026-2027/275677;WS/MP468/2026-2027/275678
CLUST-02767,2,0,WS/MP477/2026-2027/274283;WS/MP477/2026-2027/274285
CLUST-02768,2,0,WS/MP478/2025-2026/196462;WS/MP478/2025-2026/196463
CLUST-02769,2,0,WS/MP478/2025-2026/243912;WS/MP478/2025-2026/243916
CLUST-02770,2,0,WS/MP478/2026-2027/271300;WS/MP478/2026-2027/271302
CLUST-02771,2,0,WS/MP478/2026-2027/277527;WS/MP478/2026-2027/277539
CLUST-02772,2,0,WS/MP479/2024-2025/138308;WS/MP479/2024-2025/140165
CLUST-02773,2,0,WS/MP479/2024-2025/138682;WS/MP479/2024-2025/138684
CLUST-02774,2,0,WS/MP479/2025-2026/160371;WS/MP479/2025-2026/160372
CLUST-02775,2,0,WS/MP479/2025-2026/160374;WS/MP479/2025-2026/160381
CLUST-02776,2,0,WS/MP479/2025-2026/190882;WS/MP479/2025-2026/193011
CLUST-02777,2,0,WS/MP485/2024-2025/136217;WS/MP485/2024-2025/136219
CLUST-02778,2,0,WS/MP485/2024-2025/136220;WS/MP485/2024-2025/136221
CLUST-02779,2,0,WS/MP485/2024-2025/136224;WS/MP485/2024-2025/136225
CLUST-02780,2,0,WS/MP485/2025-2026/197268;WS/MP485/2025-2026/197269
CLUST-02781,2,0,WS/MP498/2025-2026/188723;WS/MP498/2025-2026/189241
CLUST-02782,2,0,WS/MP498/2025-2026/188736;WS/MP498/2025-2026/188738
CLUST-02783,2,0,WS/MP498/2025-2026/230864;WS/MP498/2025-2026/231304
CLUST-02784,2,0,WS/MP498/2025-2026/231683;WS/MP498/2025-2026/231688
CLUST-02785,2,0,WS/MP499/2024-2025/160907;WS/MP499/2024-2025/160908
CLUST-02786,2,0,WS/MP499/2025-2026/187388;WS/MP499/2025-2026/187389
CLUST-02787,2,0,WS/MP508/2024-2025/134688;WS/MP508/2024-2025/134689
CLUST-02788,2,0,WS/MP508/2025-2026/176403;WS/MP508/2025-2026/176404
CLUST-02789,2,0,WS/MP508/2025-2026/176405;WS/MP508/2025-2026/176406
CLUST-02790,2,0,WS/MP508/2025-2026/229811;WS/MP508/2025-2026/229813
CLUST-02791,2,0,WS/MP508/2025-2026/246902;WS/MP508/2025-2026/246903
CLUST-02792,2,0,WS/MP522/2024-2025/163222;WS/MP522/2024-2025/163226
CLUST-02793,2,0,WS/MP522/2025-2026/253881;WS/MP522/2025-2026/253882
CLUST-02794,2,0,WS/MP522/2025-2026/253902;WS/MP522/2025-2026/253908
CLUST-02795,2,0,WS/MP522/2025-2026/253913;WS/MP522/2025-2026/253914
CLUST-02796,2,0,WS/MP522/2026-2027/299692;WS/MP522/2026-2027/299694
CLUST-02797,2,0,WS/MP524/2024-2025/152581;WS/MP524/2024-2025/152583
CLUST-02798,2,0,WS/MP524/2025-2026/198102;WS/MP524/2025-2026/198103
CLUST-02799,2,0,WS/MP524/2025-2026/198119;WS/MP524/2025-2026/198120
CLUST-02800,2,0,WS/MP524/2025-2026/198124;WS/MP524/2025-2026/198127
CLUST-02801,2,0,WS/MP524/2025-2026/200766;WS/MP524/2025-2026/200770
CLUST-02802,2,0,WS/MP524/2026-2027/271540;WS/MP524/2026-2027/271542
CLUST-02803,2,0,WS/MP524/2026-2027/298199;WS/MP524/2026-2027/298200
CLUST-02804,2,0,WS/MP524/2026-2027/298339;WS/MP524/2026-2027/298340
CLUST-02805,2,0,WS/MP526/2024-2025/146054;WS/MP526/2024-2025/146055
CLUST-02806,2,0,WS/MP526/2025-2026/252023;WS/MP526/2025-2026/252024
CLUST-02807,2,0,WS/MP526/2026-2027/152486;WS/MP526/2026-2027/152487
CLUST-02808,2,0,WS/MP528/2025-2026/244038;WS/MP528/2025-2026/244039
CLUST-02809,2,0,WS/MP528/2025-2026/244048;WS/MP528/2025-2026/244049
CLUST-02810,2,0,WS/MP528/2025-2026/244051;WS/MP528/2025-2026/244052
CLUST-02811,2,0,WS/MP528/2025-2026/244059;WS/MP528/2025-2026/244060
CLUST-02812,2,0,WS/MP529/2024-2025/161679;WS/MP529/2024-2025/161680
CLUST-02813,2,0,WS/MP529/2024-2025/161681;WS/MP529/2024-2025/161683
CLUST-02814,2,0,WS/MP529/2024-2025/161691;WS/MP529/2024-2025/161700
CLUST-02815,2,0,WS/MP529/2024-2025/161694;WS/MP529/2024-2025/161695
CLUST-02816,2,0,WS/MP529/2024-2025/161697;WS/MP529/2024-2025/161698
CLUST-02817,2,0,WS/MP529/2024-2025/161733;WS/MP529/2024-2025/161734
CLUST-02818,2,0,WS/MP529/2024-2025/163834;WS/MP529/2024-2025/163835
CLUST-02819,2,0,WS/MP529/2025-2026/208084;WS/MP529/2025-2026/208085
CLUST-02820,2,0,WS/MP529/2025-2026/215869;WS/MP529/2025-2026/215870
CLUST-02821,2,0,WS/MP529/2025-2026/223117;WS/MP529/2025-2026/223118
CLUST-02822,2,0,WS/MP529/2025-2026/223121;WS/MP529/2025-2026/223122
CLUST-02823,2,0,WS/MP533/2025-2026/226062;WS/MP533/2025-2026/226063
CLUST-02824,2,0,WS/MP540/2025-2026/232461;WS/MP540/2025-2026/232500
CLUST-02825,2,0,WS/MP540/2025-2026/232507;WS/MP540/2025-2026/232508
CLUST-02826,2,0,WS/MP541/2024-2025/170071;WS/MP541/2024-2025/172352
CLUST-02827,2,0,WS/MP544/2025-2026/155259;WS/MP544/2025-2026/155264
CLUST-02828,2,0,WS/MP544/2025-2026/158289;WS/MP544/2025-2026/176647
CLUST-02829,2,0,WS/MP544/2026-2027/283833;WS/MP544/2026-2027/283834
CLUST-02830,2,0,WS/MP544/2026-2027/283908;WS/MP544/2026-2027/283909
CLUST-02831,2,0,WS/MP544/2026-2027/283932;WS/MP544/2026-2027/283933
CLUST-02832,2,0,WS/MP544/2026-2027/283957;WS/MP544/2026-2027/283958
CLUST-02833,2,0,WS/MP544/2026-2027/283963;WS/MP544/2026-2027/283964
CLUST-02834,2,0,WS/MP549/2024-2025/168162;WS/MP549/2024-2025/168163
CLUST-02835,2,0,WS/MP549/2025-2026/158970;WS/MP549/2025-2026/158971
CLUST-02836,2,0,WS/MP549/2025-2026/205138;WS/MP549/2025-2026/205139
CLUST-02837,2,0,WS/MP549/2026-2027/268859;WS/MP549/2026-2027/268861
CLUST-02838,2,0,WS/MP549/2026-2027/283994;WS/MP549/2026-2027/283997
CLUST-02839,2,0,WS/MP552/2024-2025/135978;WS/MP552/2024-2025/135979
CLUST-02840,2,0,WS/MP552/2024-2025/146418;WS/MP552/2024-2025/146419
CLUST-02841,2,0,WS/MP552/2024-2025/154850;WS/MP552/2024-2025/154851
CLUST-02842,2,0,WS/MP552/2025-2026/194126;WS/MP552/2025-2026/194127
CLUST-02843,2,0,WS/MP552/2025-2026/215292;WS/MP552/2025-2026/215293
CLUST-02844,2,0,WS/MP552/2025-2026/232855;WS/MP552/2025-2026/232856
CLUST-02845,2,0,WS/MP552/2025-2026/236478;WS/MP552/2025-2026/236479
CLUST-02846,2,0,WS/MP561/2024-2025/168051;WS/MP561/2024-2025/168052
CLUST-02847,2,0,WS/MP561/2025-2026/191524;WS/MP561/2025-2026/191525
CLUST-02848,2,0,WS/MP561/2025-2026/211209;WS/MP561/2025-2026/234301
CLUST-02849,2,0,WS/MP568/2024-2025/161392;WS/MP568/2024-2025/161393
CLUST-02850,2,0,WS/MP568/2024-2025/161395;WS/MP568/2024-2025/161396
CLUST-02851,2,0,WS/MP568/2025-2026/215555;WS/MP568/2025-2026/215558
CLUST-02852,2,0,WS/MP568/2025-2026/215567;WS/MP568/2025-2026/215568
CLUST-02853,2,0,WS/MP568/2025-2026/217895;WS/MP568/2025-2026/225214
CLUST-02854,2,0,WS/MP568/2025-2026/218344;WS/MP568/2025-2026/225218
CLUST-02855,2,0,WS/MP568/2025-2026/225219;WS/MP568/2025-2026/225220
CLUST-02856,2,0,WS/MP568/2025-2026/247420;WS/MP568/2025-2026/259271
CLUST-02857,2,0,WS/MP568/2025-2026/259273;WS/MP568/2025-2026/259275
CLUST-02858,2,0,WS/MP568/2026-2027/259279;WS/MP568/2026-2027/276218
CLUST-02859,2,0,WS/MP568/2026-2027/269982;WS/MP568/2026-2027/269983
CLUST-02860,2,0,WS/MP568/2026-2027/276210;WS/MP568/2026-2027/276211
CLUST-02861,2,0,WS/MP568/2026-2027/279462;WS/MP568/2026-2027/279471
CLUST-02862,2,0,WS/MP568/2026-2027/279463;WS/MP568/2026-2027/279464
CLUST-02863,2,0,WS/MP568/2026-2027/279466;WS/MP568/2026-2027/279467
CLUST-02864,2,0,WS/MP568/2026-2027/288939;WS/MP568/2026-2027/288941
CLUST-02865,2,0,WS/MP568/2026-2027/298660;WS/MP568/2026-2027/298662
CLUST-02866,2,0,WS/MP574/2025-2026/183682;WS/MP574/2025-2026/188478
CLUST-02867,2,0,WS/MP574/2025-2026/188495;WS/MP574/2025-2026/188500
CLUST-02868,2,0,WS/MP574/2025-2026/212562;WS/MP574/2025-2026/212563
CLUST-02869,2,0,WS/MP574/2026-2027/286218;WS/MP574/2026-2027/286219
CLUST-02870,2,0,WS/MP575/2024-2025/163235;WS/MP575/2024-2025/163236
CLUST-02871,2,0,WS/MP575/2024-2025/164252;WS/MP575/2024-2025/164253
CLUST-02872,2,0,WS/MP575/2024-2025/173625;WS/MP575/2024-2025/173626
CLUST-02873,2,0,WS/MP575/2025-2026/163011;WS/MP575/2025-2026/163012
CLUST-02874,2,0,WS/MP575/2025-2026/175787;WS/MP575/2025-2026/175788
CLUST-02875,2,0,WS/MP575/2025-2026/197092;WS/MP575/2025-2026/197093
CLUST-02876,2,0,WS/MP575/2025-2026/197104;WS/MP575/2025-2026/197105
CLUST-02877,2,0,WS/MP575/2025-2026/197369;WS/MP575/2025-2026/197370
CLUST-02878,2,0,WS/MP575/2025-2026/197401;WS/MP575/2025-2026/197402
CLUST-02879,2,0,WS/MP575/2025-2026/197413;WS/MP575/2025-2026/197414
CLUST-02880,2,0,WS/MP575/2025-2026/201861;WS/MP575/2025-2026/201862
CLUST-02881,2,0,WS/MP575/2025-2026/203152;WS/MP575/2025-2026/203153
CLUST-02882,2,0,WS/MP577/2024-2025/140752;WS/MP577/2024-2025/140753
CLUST-02883,2,0,WS/MP577/2024-2025/140754;WS/MP577/2024-2025/140755
CLUST-02884,2,0,WS/MP577/2025-2026/133561;WS/MP577/2025-2026/133577
CLUST-02885,2,0,WS/MP577/2025-2026/220871;WS/MP577/2025-2026/220872
CLUST-02886,2,0,WS/MP577/2025-2026/222999;WS/MP577/2025-2026/223024
CLUST-02887,2,0,WS/MP578/2024-2025/155603;WS/MP578/2024-2025/155604
CLUST-02888,2,0,WS/MP578/2025-2026/210726;WS/MP578/2025-2026/210737
CLUST-02889,2,0,WS/MP578/2025-2026/210727;WS/MP578/2025-2026/210729
CLUST-02890,2,0,WS/MP582/2024-2025/137316;WS/MP582/2024-2025/137318
CLUST-02891,2,0,WS/MP582/2024-2025/145294;WS/MP582/2024-2025/147348
CLUST-02892,2,0,WS/MP582/2025-2026/163167;WS/MP582/2025-2026/163173
CLUST-02893,2,0,WS/MP582/2025-2026/239527;WS/MP582/2025-2026/240739
CLUST-02894,2,0,WS/MP582/2026-2027/268495;WS/MP582/2026-2027/268496
CLUST-02895,2,0,WS/MP582/2026-2027/274591;WS/MP582/2026-2027/274592
CLUST-02896,2,0,WS/MP584/2024-2025/136561;WS/MP584/2024-2025/136562
CLUST-02897,2,0,WS/MP588/2025-2026/202572;WS/MP588/2025-2026/202574
CLUST-02898,2,0,WS/MP588/2025-2026/240250;WS/MP588/2025-2026/240252
CLUST-02899,2,0,WS/MP588/2026-2027/296703;WS/MP588/2026-2027/296706
CLUST-02900,2,0,WS/MP591/2025-2026/242418;WS/MP591/2025-2026/242422
CLUST-02901,2,0,WS/MP591/2026-2027/206401;WS/MP591/2026-2027/278786
CLUST-02902,2,0,WS/MP598/2025-2026/163713;WS/MP598/2025-2026/163714
CLUST-02903,2,0,WS/MP598/2025-2026/185802;WS/MP598/2025-2026/185803
CLUST-02904,2,0,WS/MP598/2025-2026/198587;WS/MP598/2025-2026/198589
CLUST-02905,2,0,WS/MP598/2025-2026/198590;WS/MP598/2025-2026/198591
CLUST-02906,2,0,WS/MP598/2025-2026/207219;WS/MP598/2025-2026/207226
CLUST-02907,2,0,WS/MP598/2025-2026/228485;WS/MP598/2025-2026/228486
CLUST-02908,2,0,WS/MP598/2025-2026/228497;WS/MP598/2025-2026/228498
CLUST-02909,2,0,WS/MP600/2024-2025/148192;WS/MP600/2024-2025/148195
CLUST-02910,2,0,WS/MP600/2025-2026/237589;WS/MP600/2025-2026/237594
CLUST-02911,2,0,WS/MP600/2025-2026/237710;WS/MP600/2025-2026/237879
CLUST-02912,2,0,WS/MP600/2026-2027/273600;WS/MP600/2026-2027/274002
CLUST-02913,2,0,WS/MP600/2026-2027/273802;WS/MP600/2026-2027/273804
CLUST-02914,2,0,WS/MP600/2026-2027/273818;WS/MP600/2026-2027/273820
CLUST-02915,2,0,WS/MP600/2026-2027/273844;WS/MP600/2026-2027/273846
CLUST-02916,2,0,WS/MP600/2026-2027/273847;WS/MP600/2026-2027/273904
CLUST-02917,2,0,WS/MP600/2026-2027/273887;WS/MP600/2026-2027/274000
CLUST-02918,2,0,WS/MP600/2026-2027/273901;WS/MP600/2026-2027/274186
CLUST-02919,2,0,WS/MP600/2026-2027/273902;WS/MP600/2026-2027/273922
CLUST-02920,2,0,WS/MP600/2026-2027/273979;WS/MP600/2026-2027/273984
CLUST-02921,2,0,WS/MP600/2026-2027/274184;WS/MP600/2026-2027/274188
CLUST-02922,2,0,WS/MP606/2025-2026/254059;WS/MP606/2025-2026/254071
CLUST-02923,2,0,WS/MP607/2025-2026/209135;WS/MP607/2025-2026/209140
CLUST-02924,2,0,WS/MP607/2025-2026/210186;WS/MP607/2025-2026/210191
CLUST-02925,2,0,WS/MP607/2025-2026/210644;WS/MP607/2025-2026/210798
CLUST-02926,2,0,WS/MP607/2025-2026/232672;WS/MP607/2025-2026/233835
CLUST-02927,2,0,WS/MP607/2025-2026/233349;WS/MP607/2025-2026/233408
CLUST-02928,2,0,WS/MP607/2025-2026/233393;WS/MP607/2025-2026/233411
CLUST-02929,2,0,WS/MP607/2026-2027/230490;WS/MP607/2026-2027/230491
CLUST-02930,2,0,WS/MP607/2026-2027/254994;WS/MP607/2026-2027/254995
CLUST-02931,2,0,WS/MP607/2026-2027/255025;WS/MP607/2026-2027/255026
CLUST-02932,2,0,WS/MP620/2024-2025/162265;WS/MP620/2024-2025/162267
CLUST-02933,2,0,WS/MP620/2026-2027/252038;WS/MP620/2026-2027/252046
CLUST-02934,2,0,WS/MP623/2025-2026/169472;WS/MP623/2025-2026/169473
CLUST-02935,2,0,WS/MP623/2025-2026/171146;WS/MP623/2025-2026/171147
CLUST-02936,2,0,WS/MP632/2024-2025/142332;WS/MP632/2024-2025/142333
CLUST-02937,2,0,WS/MP632/2024-2025/142369;WS/MP632/2024-2025/142370
CLUST-02938,2,0,WS/MP632/2025-2026/142393;WS/MP632/2025-2026/142394
CLUST-02939,2,0,WS/MP632/2025-2026/203015;WS/MP632/2025-2026/203017
CLUST-02940,2,0,WS/MP632/2025-2026/204409;WS/MP632/2025-2026/204444
CLUST-02941,2,0,WS/MP632/2025-2026/230404;WS/MP632/2025-2026/230407
CLUST-02942,2,0,WS/MP632/2026-2027/149132;WS/MP632/2026-2027/204961
CLUST-02943,2,0,WS/MP638/2025-2026/236595;WS/MP638/2025-2026/236596
CLUST-02944,2,0,WS/MP638/2026-2027/236542;WS/MP638/2026-2027/236553
CLUST-02945,2,0,WS/MP640/2024-2025/149326;WS/MP640/2024-2025/149327
CLUST-02946,2,0,WS/MP640/2024-2025/165551;WS/MP640/2024-2025/165560
CLUST-02947,2,0,WS/MP640/2024-2025/165662;WS/MP640/2025-2026/165658
CLUST-02948,2,0,WS/MP640/2025-2026/175414;WS/MP640/2025-2026/175415
CLUST-02949,2,0,WS/MP641/2024-2025/147742;WS/MP641/2024-2025/147755
CLUST-02950,2,0,WS/MP641/2024-2025/147790;WS/MP641/2024-2025/147791
CLUST-02951,2,0,WS/MP641/2024-2025/147794;WS/MP641/2024-2025/147797
CLUST-02952,2,0,WS/MP641/2024-2025/147798;WS/MP641/2024-2025/147799
CLUST-02953,2,0,WS/MP641/2024-2025/148545;WS/MP641/2024-2025/148546
CLUST-02954,2,0,WS/MP641/2024-2025/153872;WS/MP641/2024-2025/153873
CLUST-02955,2,0,WS/MP641/2025-2026/147758;WS/MP641/2025-2026/147761
CLUST-02956,2,0,WS/MP641/2025-2026/220362;WS/MP641/2025-2026/220371
CLUST-02957,2,0,WS/MP641/2025-2026/241639;WS/MP641/2025-2026/241640
CLUST-02958,2,0,WS/MP641/2025-2026/256094;WS/MP641/2025-2026/256095
CLUST-02959,2,0,WS/MP641/2025-2026/256107;WS/MP641/2025-2026/256108
CLUST-02960,2,0,WS/MP641/2025-2026/256110;WS/MP641/2025-2026/256111
CLUST-02961,2,0,WS/MP641/2025-2026/256116;WS/MP641/2025-2026/256117
CLUST-02962,2,0,WS/MP641/2026-2027/277447;WS/MP641/2026-2027/277448
CLUST-02963,2,0,WS/MP642/2025-2026/196599;WS/MP642/2025-2026/196619
CLUST-02964,2,0,WS/MP642/2025-2026/196607;WS/MP642/2025-2026/196608
CLUST-02965,2,0,WS/MP643/2024-2025/146339;WS/MP643/2024-2025/146341
CLUST-02966,2,0,WS/MP643/2024-2025/164056;WS/MP643/2025-2026/164068
CLUST-02967,2,0,WS/MP643/2024-2025/183798;WS/MP643/2025-2026/180955
CLUST-02968,2,0,WS/MP643/2025-2026/168471;WS/MP643/2025-2026/168472
CLUST-02969,2,0,WS/MP643/2025-2026/208584;WS/MP643/2025-2026/208585
CLUST-02970,2,0,WS/MP643/2025-2026/208590;WS/MP643/2025-2026/208591
CLUST-02971,2,0,WS/MP643/2025-2026/208628;WS/MP643/2025-2026/208629
CLUST-02972,2,0,WS/MP644/2024-2025/151386;WS/MP644/2024-2025/151388
CLUST-02973,2,0,WS/MP644/2024-2025/170863;WS/MP644/2024-2025/173825
CLUST-02974,2,0,WS/MP644/2024-2025/173818;WS/MP644/2024-2025/173822
CLUST-02975,2,0,WS/MP644/2025-2026/174739;WS/MP644/2025-2026/177979
CLUST-02976,2,0,WS/MP644/2025-2026/177087;WS/MP644/2025-2026/177088
CLUST-02977,2,0,WS/MP650/2024-2025/163151;WS/MP650/2024-2025/163165
CLUST-02978,2,0,WS/MP650/2024-2025/179085;WS/MP650/2024-2025/179087
CLUST-02979,2,0,WS/MP650/2024-2025/179094;WS/MP650/2024-2025/179095
CLUST-02980,2,0,WS/MP650/2024-2025/179168;WS/MP650/2024-2025/179169
CLUST-02981,2,0,WS/MP650/2024-2025/179187;WS/MP650/2024-2025/179188
CLUST-02982,2,0,WS/MP650/2024-2025/179193;WS/MP650/2024-2025/179194
CLUST-02983,2,0,WS/MP650/2024-2025/179199;WS/MP650/2024-2025/179200
CLUST-02984,2,0,WS/MP650/2025-2026/167296;WS/MP650/2025-2026/167365
CLUST-02985,2,0,WS/MP650/2025-2026/168331;WS/MP650/2025-2026/168333
CLUST-02986,2,0,WS/MP650/2025-2026/206643;WS/MP650/2025-2026/206644
CLUST-02987,2,0,WS/MP650/2025-2026/224785;WS/MP650/2025-2026/224789
CLUST-02988,2,0,WS/MP650/2025-2026/236763;WS/MP650/2025-2026/236764
CLUST-02989,2,0,WS/MP650/2025-2026/271214;WS/MP650/2025-2026/271215
CLUST-02990,2,0,WS/MP650/2026-2027/293076;WS/MP650/2026-2027/293077
CLUST-02991,2,0,WS/MP650/2026-2027/293083;WS/MP650/2026-2027/293084
CLUST-02992,2,0,WS/MP650/2026-2027/293651;WS/MP650/2026-2027/293656
CLUST-02993,2,0,WS/MP650/2026-2027/299363;WS/MP650/2026-2027/299364
CLUST-02994,2,0,WS/MP655/2025-2026/225191;WS/MP655/2025-2026/225192
CLUST-02995,2,0,WS/MP673/2026-2027/193055;WS/MP673/2026-2027/197787
CLUST-02996,2,0,WS/MP681/2024-2025/143976;WS/MP681/2024-2025/143979
CLUST-02997,2,0,WS/MP681/2025-2026/251026;WS/MP681/2025-2026/251028
CLUST-02998,2,0,WS/MP687/2026-2027/295799;WS/MP687/2026-2027/295800
CLUST-02999,2,0,WS/MP710/2026-2027/296081;WS/MP710/2026-2027/296093
CLUST-03000,2,0,WS/MP716/2024-2025/142662;WS/MP716/2024-2025/142663
CLUST-03001,2,0,WS/MP716/2025-2026/195388;WS/MP716/2025-2026/203942
CLUST-03002,2,0,WS/MP716/2025-2026/195391;WS/MP716/2025-2026/203958
CLUST-03003,2,0,WS/MP716/2025-2026/210107;WS/MP716/2025-2026/226777
CLUST-03004,2,0,WS/MP716/2025-2026/231413;WS/MP716/2025-2026/231414
CLUST-03005,2,0,WS/MP716/2025-2026/248570;WS/MP716/2025-2026/248575
CLUST-03006,2,0,WS/MP716/2026-2027/288258;WS/MP716/2026-2027/288259
CLUST-03007,2,0,WS/MP716/2026-2027/300847;WS/MP716/2026-2027/300851
CLUST-03008,2,0,WS/MP728/2025-2026/206387;WS/MP728/2025-2026/206388
CLUST-03009,2,0,WS/MP740/2025-2026/204060;WS/MP740/2025-2026/204061
CLUST-03010,2,0,WS/MP743/2024-2025/143062;WS/MP743/2024-2025/143066
CLUST-03011,2,0,WS/MP743/2024-2025/143116;WS/MP743/2024-2025/143117
CLUST-03012,2,0,WS/MP743/2025-2026/161762;WS/MP743/2025-2026/161763
CLUST-03013,2,0,WS/MP743/2025-2026/162119;WS/MP743/2025-2026/169820
CLUST-03014,2,0,WS/MP743/2025-2026/170875;WS/MP743/2025-2026/170877
CLUST-03015,2,0,WS/MP743/2025-2026/190829;WS/MP743/2025-2026/190830
CLUST-03016,2,0,WS/MP743/2025-2026/190838;WS/MP743/2025-2026/190839
CLUST-03017,2,0,WS/MP743/2025-2026/191341;WS/MP743/2025-2026/191351
CLUST-03018,2,0,WS/MP743/2025-2026/191797;WS/MP743/2025-2026/191798
CLUST-03019,2,0,WS/MP743/2025-2026/192875;WS/MP743/2025-2026/192881
CLUST-03020,2,0,WS/MP743/2025-2026/193288;WS/MP743/2025-2026/193290
CLUST-03021,2,0,WS/MP743/2025-2026/202547;WS/MP743/2025-2026/202548
CLUST-03022,2,0,WS/MP743/2025-2026/230512;WS/MP743/2025-2026/230513
CLUST-03023,2,0,WS/MP746/2025-2026/225773;WS/MP746/2025-2026/225774
CLUST-03024,2,0,WS/MP747/2025-2026/195974;WS/MP747/2025-2026/195976
CLUST-03025,2,0,WS/MP755/2024-2025/152820;WS/MP755/2024-2025/152821
CLUST-03026,2,0,WS/MP755/2025-2026/191018;WS/MP755/2025-2026/191019
CLUST-03027,2,0,WS/MP755/2025-2026/197519;WS/MP755/2026-2027/197521
CLUST-03028,2,0,WS/MP755/2025-2026/206040;WS/MP755/2025-2026/206041
CLUST-03029,2,0,WS/MP755/2025-2026/246208;WS/MP755/2025-2026/253235
CLUST-03030,2,0,WS/MP756/2025-2026/170885;WS/MP756/2025-2026/176387
CLUST-03031,2,0,WS/MP756/2025-2026/202470;WS/MP756/2025-2026/202473
CLUST-03032,2,0,WS/MP758/2025-2026/170881;WS/MP758/2025-2026/201225
CLUST-03033,2,0,WS/MP758/2025-2026/175014;WS/MP758/2025-2026/175015
CLUST-03034,2,0,WS/MP758/2025-2026/201205;WS/MP758/2025-2026/201206
CLUST-03035,2,0,WS/MP758/2025-2026/201723;WS/MP758/2025-2026/201726
CLUST-03036,2,0,WS/MP758/2025-2026/242882;WS/MP758/2025-2026/242883
CLUST-03037,2,0,WS/MP758/2025-2026/256772;WS/MP758/2025-2026/256773
CLUST-03038,2,0,WS/MP761/2024-2025/146295;WS/MP761/2024-2025/146425
CLUST-03039,2,0,WS/MP761/2024-2025/146639;WS/MP761/2024-2025/146642
CLUST-03040,2,0,WS/MP761/2024-2025/146659;WS/MP761/2024-2025/146667
CLUST-03041,2,0,WS/MP761/2024-2025/169177;WS/MP761/2024-2025/169178
CLUST-03042,2,0,WS/MP761/2024-2025/169189;WS/MP761/2024-2025/169197
CLUST-03043,2,0,WS/MP761/2024-2025/169207;WS/MP761/2024-2025/169209
CLUST-03044,2,0,WS/MP761/2025-2026/146633;WS/MP761/2025-2026/146645
CLUST-03045,2,0,WS/MP761/2025-2026/169892;WS/MP761/2025-2026/169893
CLUST-03046,2,0,WS/MP761/2025-2026/220938;WS/MP761/2025-2026/220941
CLUST-03047,2,0,WS/MP761/2025-2026/224218;WS/MP761/2025-2026/224219
CLUST-03048,2,0,WS/MP761/2025-2026/226595;WS/MP761/2025-2026/226597
CLUST-03049,2,0,WS/MP761/2025-2026/226599;WS/MP761/2025-2026/226603
CLUST-03050,2,0,WS/MP761/2026-2027/220957;WS/MP761/2026-2027/221187
CLUST-03051,2,0,WS/MP761/2026-2027/221188;WS/MP761/2026-2027/221195
CLUST-03052,2,0,WS/MP761/2026-2027/297712;WS/MP761/2026-2027/297810
CLUST-03053,2,0,WS/MP761/2026-2027/297802;WS/MP761/2026-2027/297841
CLUST-03054,2,0,WS/MP770/2025-2026/180905;WS/MP770/2025-2026/213819
CLUST-03055,2,0,WS/MP770/2025-2026/181632;WS/MP770/2025-2026/181635
CLUST-03056,2,0,WS/MP770/2025-2026/188785;WS/MP770/2025-2026/188786
CLUST-03057,2,0,WS/MP770/2025-2026/208262;WS/MP770/2025-2026/208263
CLUST-03058,2,0,WS/MP770/2025-2026/219287;WS/MP770/2025-2026/219289
CLUST-03059,2,0,WS/MP770/2025-2026/225542;WS/MP770/2025-2026/254898
CLUST-03060,2,0,WS/MP787/2024-2025/157735;WS/MP787/2024-2025/157736
CLUST-03061,2,0,WS/MP787/2024-2025/157737;WS/MP787/2024-2025/157738
CLUST-03062,2,0,WS/MP787/2024-2025/157739;WS/MP787/2024-2025/157745
CLUST-03063,2,0,WS/MP787/2024-2025/157743;WS/MP787/2024-2025/157744
CLUST-03064,2,0,WS/MP787/2025-2026/259346;WS/MP787/2025-2026/259347
CLUST-03065,2,0,WS/MP792/2025-2026/225857;WS/MP792/2025-2026/225863
CLUST-03066,2,0,WS/MP793/2026-2027/262635;WS/MP793/2026-2027/262636
CLUST-03067,2,0,WS/MP797/2024-2025/150964;WS/MP797/2024-2025/150968
CLUST-03068,2,0,WS/MP797/2024-2025/151200;WS/MP797/2024-2025/151201
CLUST-03069,2,0,WS/MP814/2025-2026/221538;WS/MP814/2025-2026/221539
CLUST-03070,2,0,WS/MP814/2025-2026/246350;WS/MP814/2025-2026/246351
CLUST-03071,2,0,WS/MP814/2025-2026/246362;WS/MP814/2025-2026/246376
CLUST-03072,2,0,WS/MP814/2025-2026/246363;WS/MP814/2025-2026/246368
CLUST-03073,2,0,WS/MP814/2025-2026/246392;WS/MP814/2025-2026/246393
CLUST-03074,2,0,WS/MP815/2026-2027/261983;WS/MP815/2026-2027/263739
CLUST-03075,2,0,WS/MP815/2026-2027/262430;WS/MP815/2026-2027/262431
CLUST-03076,2,0,WS/MP815/2026-2027/262654;WS/MP815/2026-2027/263815
CLUST-03077,2,0,WS/MP815/2026-2027/262728;WS/MP815/2026-2027/263743
CLUST-03078,2,0,WS/MP815/2026-2027/263730;WS/MP815/2026-2027/264044
CLUST-03079,2,0,WS/MP815/2026-2027/263908;WS/MP815/2026-2027/264515
CLUST-03080,2,0,WS/MP815/2026-2027/264911;WS/MP815/2026-2027/264912
CLUST-03081,2,0,WS/MP815/2026-2027/275752;WS/MP815/2026-2027/275753
CLUST-03082,2,0,WS/MP818/2025-2026/176717;WS/MP818/2025-2026/176719
CLUST-03083,2,0,WS/MP818/2026-2027/255942;WS/MP818/2026-2027/255943
CLUST-03084,2,0,WS/MP818/2026-2027/255944;WS/MP818/2026-2027/255945
CLUST-03085,2,0,WS/MP825/2025-2026/198783;WS/MP825/2025-2026/198784
CLUST-03086,2,0,WS/MP825/2025-2026/242484;WS/MP825/2025-2026/242486
CLUST-03087,2,0,WS/MP825/2025-2026/242525;WS/MP825/2025-2026/242526
CLUST-03088,2,0,WS/MP825/2025-2026/242534;WS/MP825/2025-2026/242536
CLUST-03089,2,0,WS/MP825/2025-2026/242588;WS/MP825/2025-2026/242589
CLUST-03090,2,0,WS/MP825/2025-2026/242618;WS/MP825/2025-2026/242624
CLUST-03091,2,0,WS/MP825/2025-2026/242619;WS/MP825/2025-2026/242620
CLUST-03092,2,0,WS/MP825/2025-2026/242622;WS/MP825/2025-2026/242625
CLUST-03093,2,0,WS/MP825/2025-2026/252622;WS/MP825/2025-2026/252623
CLUST-03094,2,0,WS/MP825/2025-2026/265894;WS/MP825/2025-2026/265895
CLUST-03095,2,0,WS/MP825/2025-2026/265902;WS/MP825/2025-2026/265940
CLUST-03096,2,0,WS/MP825/2025-2026/266408;WS/MP825/2025-2026/266422
CLUST-03097,2,0,WS/MP825/2025-2026/266409;WS/MP825/2025-2026/266410
CLUST-03098,2,0,WS/MP825/2025-2026/266978;WS/MP825/2025-2026/266980
CLUST-03099,2,0,WS/MP825/2025-2026/266979;WS/MP825/2025-2026/266981
CLUST-03100,2,0,WS/MP826/2026-2027/197535;WS/MP826/2026-2027/197589
CLUST-03101,2,0,WS/MP826/2026-2027/198527;WS/MP826/2026-2027/198649
CLUST-03102,2,0,WS/MP827/2025-2026/189522;WS/MP827/2025-2026/189524
CLUST-03103,2,0,WS/MP852/2024-2025/154219;WS/MP852/2024-2025/154220
CLUST-03104,2,0,WS/MP852/2024-2025/154282;WS/MP852/2024-2025/154284
CLUST-03105,2,0,WS/MP852/2024-2025/154313;WS/MP852/2024-2025/154315
CLUST-03106,2,0,WS/MP852/2024-2025/154319;WS/MP852/2024-2025/154320
CLUST-03107,2,0,WS/MP852/2024-2025/154562;WS/MP852/2024-2025/154563
CLUST-03108,2,0,WS/MP852/2026-2027/231245;WS/MP852/2026-2027/231248
CLUST-03109,2,0,WS/MP852/2026-2027/231246;WS/MP852/2026-2027/231247
CLUST-03110,2,0,WS/MP852/2026-2027/231271;WS/MP852/2026-2027/231272
CLUST-03111,2,0,WS/MP852/2026-2027/231316;WS/MP852/2026-2027/231318
CLUST-03112,2,0,WS/MP852/2026-2027/266288;WS/MP852/2026-2027/266289
CLUST-03113,2,0,WS/MP858/2024-2025/134462;WS/MP858/2024-2025/134463
CLUST-03114,2,0,WS/MP858/2024-2025/144031;WS/MP858/2024-2025/144033
CLUST-03115,2,0,WS/MP859/2024-2025/149457;WS/MP859/2024-2025/149458
CLUST-03116,2,0,WS/MP866/2025-2026/213703;WS/MP866/2025-2026/213705
CLUST-03117,2,0,WS/MP866/2025-2026/228069;WS/MP866/2025-2026/228081
CLUST-03118,2,0,WS/MP866/2026-2027/232570;WS/MP866/2026-2027/232571
CLUST-03119,2,0,WS/MP870/2025-2026/200455;WS/MP870/2025-2026/200459
CLUST-03120,2,0,WS/MP870/2025-2026/200563;WS/MP870/2025-2026/234808
CLUST-03121,2,0,WS/MP870/2025-2026/200566;WS/MP870/2025-2026/200571
CLUST-03122,2,0,WS/MP870/2025-2026/209585;WS/MP870/2025-2026/209586
CLUST-03123,2,0,WS/MP870/2025-2026/209588;WS/MP870/2025-2026/209589
CLUST-03124,2,0,WS/MP870/2026-2027/260322;WS/MP870/2026-2027/260323
CLUST-03125,2,0,WS/MP880/2025-2026/236961;WS/MP880/2025-2026/236970
CLUST-03126,2,0,WS/MP880/2026-2027/290397;WS/MP880/2026-2027/290401
CLUST-03127,2,0,WS/MP883/2025-2026/216119;WS/MP883/2025-2026/216120
CLUST-03128,2,0,WS/MP883/2025-2026/229899;WS/MP883/2025-2026/229903
